Area,Price_RM,Size_SQFT,Bedrooms,Bathrooms,Property_Type,Source
Johor Bahru,385000,840.0,3.0,2.0,Terrace House,Mudah
Johor Bahru,900000,2860.0,2.0,2.0,Terrace House,Mudah
Johor Bahru,650000,1170.0,3.0,3.0,Terrace House,Mudah
Pasir Gudang,352000,770.0,2.0,2.0,Terrace House,Mudah
Kulai,540000,3618.0,3.0,2.0,Terrace House,Mudah
Kluang,460000,5403.0,4.0,3.0,Bungalow,Mudah
Kulai,365000,1400.0,3.0,3.0,Terrace House,Mudah
Skudai,950000,2600.0,4.0,3.0,Terrace House,Mudah
Skudai,443000,1044.0,3.0,2.0,Terrace House,Mudah
Johor Bahru,458000,770.0,3.0,2.0,Terrace House,Mudah
Kulai,340000,770.0,3.0,2.0,Terrace House,Mudah
Skudai,695000,2240.0,4.0,4.0,Residential,Mudah
Pasir Gudang,450000,960.0,4.0,3.0,Terrace House,Mudah
Skudai,520000,1540.0,3.0,2.0,Terrace House,Mudah
Johor Bahru,530000,1540.0,3.0,2.0,Terrace House,Mudah
Kluang,178000,1431.0,3.0,2.0,Terrace House,Mudah
Permas Jaya,590000,1300.0,3.0,2.0,Terrace House,Mudah
Pasir Gudang,480000,1540.0,5.0,4.0,Terrace House,Mudah
Johor Bahru,495000,1540.0,3.0,2.0,Terrace House,Mudah
Kulai,350000,770.0,3.0,2.0,Terrace House,Mudah
Gelang Patah,550000,1260.0,3.0,3.0,Terrace House,Mudah
Skudai,600000,1540.0,3.0,2.0,Terrace House,Mudah
Johor Bahru,538000,1300.0,3.0,2.0,Terrace House,Mudah
Pontian,330000,753.0,3.0,2.0,Terrace House,Mudah
Johor Bahru,838000,1600.0,3.0,2.0,Terrace House,Mudah
Pasir Gudang,360000,880.0,3.0,2.0,Terrace House,Mudah
Pasir Gudang,325000,775.0,2.0,2.0,Terrace House,Mudah
Skudai,550000,1400.0,3.0,2.0,Terrace House,Mudah
Kulai,480000,1600.0,4.0,3.0,Terrace House,Mudah
Pasir Gudang,360000,980.0,3.0,3.0,Terrace House,Mudah
Johor Bahru,710000,2100.0,4.0,3.0,Terrace House,Mudah
Gelang Patah,568000,1170.0,4.0,3.0,Terrace House,Mudah
Skudai,588000,1170.0,4.0,3.0,Terrace House,Mudah
Skudai,578000,1800.0,4.0,3.0,Terrace House,Mudah
Pasir Gudang,540000,2800.0,7.0,4.0,Terrace House,Mudah
Iskandar Puteri,1480000,2439.0,4.0,4.0,Residential,Mudah
Johor Bahru,820000,1800.0,4.0,3.0,Terrace House,Mudah
Johor Bahru,480000,5541.0,4.0,4.0,Bungalow,Mudah
Iskandar Puteri,1480000,1760.0,4.0,4.0,Residential,Mudah
Iskandar Puteri,1280000,2506.0,5.0,5.0,Residential,Mudah
Pasir Gudang,290000,1080.0,2.0,1.0,Terrace House,Mudah
Johor Bahru,1380000,2619.0,4.0,3.0,Terrace House,Mudah
Johor Bahru,1080000,3088.0,5.0,4.0,Semi-D,Mudah
Kulai,358000,775.0,3.0,2.0,Terrace House,Mudah
Johor Bahru,720000,1614.0,5.0,4.0,Terrace House,Mudah
Johor Bahru,568000,1400.0,4.0,3.0,Terrace House,Mudah
Johor Bahru,530000,1650.0,3.0,3.0,Terrace House,Mudah
Pasir Gudang,375000,960.0,3.0,3.0,Terrace House,Mudah
Skudai,718000,3413.0,4.0,3.0,Terrace House,Mudah
Skudai,640000,1540.0,4.0,3.0,Terrace House,Mudah
Skudai,588000,1170.0,4.0,3.0,Terrace House,Mudah
Pasir Gudang,468000,1725.0,4.0,3.0,Terrace House,Mudah
Pasir Gudang,428000,960.0,4.0,3.0,Terrace House,Mudah
Skudai,790000,3200.0,5.0,4.0,Semi-D,Mudah
Skudai,628000,1400.0,4.0,3.0,Terrace House,Mudah
Pasir Gudang,370000,960.0,3.0,3.0,Terrace House,Mudah
Johor Bahru,738000,2400.0,3.0,2.0,Semi-D,Mudah
Skudai,558000,1540.0,3.0,2.0,Terrace House,Mudah
Johor Bahru,850000,9900.0,6.0,5.0,Bungalow,Mudah
Ulu Tiram,298000,755.0,3.0,1.0,Terrace House,Mudah
Johor Bahru,768000,1400.0,4.0,3.0,Terrace House,Mudah
Skudai,700000,1800.0,4.0,3.0,Terrace House,Mudah
Johor Bahru,768000,1400.0,4.0,3.0,Terrace House,Mudah
Johor Bahru,898000,1400.0,4.0,4.0,Terrace House,Mudah
Johor Bahru,738000,2400.0,3.0,2.0,Semi-D,Mudah
Johor Bahru,570000,1540.0,4.0,3.0,Terrace House,Mudah
Johor Bahru,585000,1442.0,4.0,3.0,Terrace House,Mudah
Kluang,366000,2000.0,4.0,2.0,Terrace House,Mudah
Kluang,383000,1980.0,4.0,3.0,Terrace House,Mudah
Skudai,358000,770.0,3.0,2.0,Terrace House,Mudah
Skudai,2500000,6750.0,6.0,7.0,Bungalow,Mudah
Skudai,588000,1400.0,3.0,2.0,Terrace House,Mudah
Johor Bahru,1000000,5436.0,4.0,3.0,Terrace House,Mudah
Pasir Gudang,600000,1300.0,4.0,3.0,Terrace House,Mudah
Johor Bahru,738000,2400.0,3.0,2.0,Semi-D,Mudah
Pasir Gudang,240000,816.0,2.0,1.0,Terrace House,Mudah
Iskandar Puteri,1200000,2454.0,5.0,5.0,Residential,Mudah
Kluang,400000,6286.0,4.0,3.0,Bungalow,Mudah
Johor Bahru,720000,1170.0,4.0,3.0,Terrace House,Mudah
Kulai,760000,2417.0,4.0,3.0,Terrace House,Mudah
Johor Bahru,758000,1723.0,4.0,3.0,Terrace House,Mudah
Skudai,588000,1500.0,4.0,3.0,Terrace House,Mudah
Kulai,485000,1540.0,4.0,2.0,Terrace House,Mudah
Skudai,668000,2800.0,3.0,3.0,Terrace House,Mudah
Kluang,350000,1200.0,3.0,2.0,Terrace House,Mudah
Johor Bahru,879000,1600.0,4.0,3.0,Terrace House,Mudah
Johor Bahru,490000,1400.0,4.0,2.0,Terrace House,Mudah
Kulai,558000,1680.0,4.0,2.0,Terrace House,Mudah
Johor Bahru,738000,1400.0,3.0,2.0,Terrace House,Mudah
Iskandar Puteri,1600000,1943.0,4.0,3.0,Terrace House,Mudah
Ulu Tiram,480000,1936.0,4.0,3.0,Terrace House,Mudah
Kulai,648000,2820.0,4.0,3.0,Terrace House,Mudah
Ulu Tiram,455000,1680.0,3.0,2.0,Terrace House,Mudah
Pasir Gudang,550000,1650.0,3.0,2.0,Terrace House,Mudah
Pasir Gudang,484800,2100.0,4.0,3.0,Terrace House,Mudah
Ulu Tiram,628000,1540.0,5.0,4.0,Terrace House,Mudah
Kulai,558000,1540.0,4.0,2.0,Terrace House,Mudah
Johor Bahru,768000,1400.0,4.0,3.0,Terrace House,Mudah
Johor Bahru,768000,1400.0,4.0,3.0,Terrace House,Mudah
Ulu Tiram,768000,1760.0,4.0,3.0,Terrace House,Mudah
Pasir Gudang,445000,1180.0,4.0,3.0,Terrace House,Mudah
Pasir Gudang,450000,1400.0,4.0,3.0,Terrace House,Mudah
Skudai,440000,1300.0,3.0,2.0,Terrace House,Mudah
Ulu Tiram,420000,1647.0,3.0,2.0,Terrace House,Mudah
Skudai,510000,1430.0,4.0,3.0,Terrace House,Mudah
Skudai,418000,1040.0,2.0,1.0,Terrace House,Mudah
Johor Bahru,488000,1540.0,3.0,2.0,Terrace House,Mudah
Iskandar Puteri,798000,2100.0,5.0,3.0,Terrace House,Mudah
Muar,350000,1500.0,3.0,2.0,Terrace House,Mudah
Johor Bahru,750000,2950.0,5.0,3.0,Terrace House,Mudah
Kulai,550000,1540.0,4.0,3.0,Terrace House,Mudah
Kulai,268000,770.0,4.0,4.0,Terrace House,Mudah
Gelang Patah,980000,3272.0,4.0,4.0,Terrace House,Mudah
Johor Bahru,520000,1500.0,3.0,1.0,Terrace House,Mudah
Pasir Gudang,540000,1300.0,4.0,3.0,Terrace House,Mudah
Pontian,318000,840.0,3.0,2.0,Terrace House,Mudah
Skudai,700000,1920.0,4.0,2.0,Terrace House,Mudah
Pasir Gudang,439999,960.0,4.0,3.0,Terrace House,Mudah
Skudai,385000,1080.0,2.0,1.0,Terrace House,Mudah
Kluang,367000,1479.0,4.0,2.0,Terrace House,Mudah
Johor Bahru,630000,1400.0,4.0,3.0,Terrace House,Mudah
Skudai,668000,2800.0,3.0,3.0,Terrace House,Mudah
Skudai,830000,3200.0,4.0,4.0,Semi-D,Mudah
Johor Bahru,1530000,2440.0,4.0,4.0,Residential,Mudah
Johor Bahru,2500000,3459.0,5.0,5.0,Semi-D,Mudah
Pontian,290000,775.0,3.0,2.0,Terrace House,Mudah
Skudai,950000,2600.0,4.0,3.0,Terrace House,Mudah
Johor Bahru,1180000,1650.0,0.0,0.0,Terrace House,Mudah
Johor Bahru,975000,2040.0,5.0,3.0,Terrace House,Mudah
Kluang,240000,1430.0,3.0,2.0,Terrace House,Mudah
Johor Bahru,858000,1880.0,4.0,4.0,Terrace House,Mudah
Johor Bahru,550000,1540.0,4.0,3.0,Terrace House,Mudah
Skudai,2050000,3200.0,6.0,7.0,Semi-D,Mudah
Ulu Tiram,668000,1920.0,3.0,2.0,Terrace House,Mudah
Ulu Tiram,620000,1540.0,3.0,2.0,Terrace House,Mudah
Skudai,738000,1540.0,4.0,3.0,Terrace House,Mudah
Ulu Tiram,688000,1400.0,4.0,4.0,Terrace House,Mudah
Johor Bahru,798000,2163.0,3.0,3.0,Terrace House,Mudah
Johor Bahru,1800000,2406.0,4.0,4.0,Residential,Mudah
Johor Bahru,1200000,3200.0,5.0,3.0,Semi-D,Mudah
Ulu Tiram,398000,770.0,3.0,2.0,Terrace House,Mudah
Gelang Patah,568000,1170.0,4.0,3.0,Terrace House,Mudah
Kluang,383665,1845.0,4.0,3.0,Terrace House,Mudah
Johor Bahru,738000,2400.0,3.0,2.0,Semi-D,Mudah
Kulai,450000,1540.0,3.0,2.0,Terrace House,Mudah
Johor Bahru,690000,1400.0,4.0,3.0,Residential,Mudah
Pasir Gudang,530000,1200.0,3.0,2.0,Terrace House,Mudah
Batu Pahat,295000,1540.0,4.0,3.0,Terrace House,Mudah
Pasir Gudang,468000,1725.0,4.0,3.0,Terrace House,Mudah
Permas Jaya,398000,700.0,3.0,2.0,Terrace House,Mudah
Skudai,658000,1560.0,4.0,3.0,Terrace House,Mudah
Skudai,360000,1044.0,2.0,2.0,Terrace House,Mudah
Johor Bahru,580000,1540.0,4.0,3.0,Terrace House,Mudah
Kulai,435000,1540.0,3.0,2.0,Terrace House,Mudah
Gelang Patah,450000,1400.0,3.0,2.0,Terrace House,Mudah
Johor Bahru,1280000,1804.0,0.0,0.0,Terrace House,Mudah
Iskandar Puteri,950000,2450.0,4.0,3.0,Semi-D,Mudah
Johor Bahru,768000,1870.0,3.0,2.0,Terrace House,Mudah
Johor Bahru,380000,770.0,3.0,2.0,Terrace House,Mudah
Gelang Patah,588000,1170.0,4.0,3.0,Terrace House,Mudah
Skudai,535000,1540.0,4.0,2.0,Terrace House,Mudah
Kulai,578000,1540.0,5.0,3.0,Terrace House,Mudah
Skudai,538000,1170.0,4.0,3.0,Terrace House,Mudah
Skudai,510000,1300.0,3.0,2.0,Terrace House,Mudah
Skudai,1350000,3080.0,5.0,4.0,Residential,Mudah
Pasir Gudang,300000,775.0,3.0,2.0,Terrace House,Mudah
Pasir Gudang,419000,1650.0,3.0,2.0,Terrace House,Mudah
Johor Bahru,619000,1170.0,4.0,3.0,Terrace House,Mudah
Johor Bahru,490000,1540.0,3.0,3.0,Terrace House,Mudah
Kulai,268000,770.0,2.0,2.0,Terrace House,Mudah
Skudai,650000,1800.0,4.0,3.0,Terrace House,Mudah
Johor Bahru,755000,1431.0,4.0,3.0,Terrace House,Mudah
Skudai,175000,613.0,3.0,2.0,Residential,Mudah
Johor Bahru,1350000,3060.0,4.0,5.0,Residential,Mudah
Iskandar Puteri,1200000,1400.0,4.0,3.0,Terrace House,Mudah
Johor Bahru,1380000,3541.0,5.0,5.0,Residential,Mudah
Skudai,565000,1650.0,4.0,3.0,Terrace House,Mudah
Pasir Gudang,460000,1400.0,3.0,3.0,Terrace House,Mudah
Pasir Gudang,387000,1324.0,3.0,2.0,Terrace House,Mudah
Skudai,438000,1300.0,3.0,2.0,Terrace House,Mudah
Johor Bahru,735000,1170.0,4.0,3.0,Terrace House,Mudah
Iskandar Puteri,1520000,2380.0,4.0,3.0,Residential,Mudah
Kulai,355000,1194.0,2.0,1.0,Terrace House,Mudah
Kulai,440000,1080.0,4.0,3.0,Terrace House,Mudah
Gelang Patah,518000,1980.0,4.0,3.0,Terrace House,Mudah
Kluang,280000,1798.0,3.0,2.0,Terrace House,Mudah
Johor Bahru,750000,1540.0,3.0,2.0,Terrace House,Mudah
Iskandar Puteri,798000,1400.0,5.0,3.0,Terrace House,Mudah
Kluang,438000,3197.0,4.0,2.0,Semi-D,Mudah
Johor Bahru,1850000,2400.0,4.0,3.0,Terrace House,Mudah
Johor Bahru,599000,1540.0,4.0,2.0,Terrace House,Mudah
Johor Bahru,950000,6534.0,4.0,4.0,Bungalow,Mudah
Pasir Gudang,468000,1540.0,4.0,2.0,Terrace House,Mudah
Johor Bahru,790000,2819.0,3.0,2.0,Semi-D,Mudah
Pasir Gudang,809000,2604.0,4.0,3.0,Terrace House,Mudah
Pasir Gudang,270000,770.0,2.0,1.0,Terrace House,Mudah
Kulai,320000,960.0,3.0,3.0,Terrace House,Mudah
Permas Jaya,398000,700.0,3.0,2.0,Terrace House,Mudah
Iskandar Puteri,1580000,1950.0,4.0,4.0,Terrace House,Mudah
Skudai,678000,1540.0,4.0,3.0,Terrace House,Mudah
Ulu Tiram,598000,1540.0,3.0,2.0,Terrace House,Mudah
Johor Bahru,880000,1650.0,3.0,3.0,Terrace House,Mudah
Johor Bahru,700000,4407.0,3.0,2.0,Semi-D,Mudah
Iskandar Puteri,878000,1400.0,4.0,3.0,Terrace House,Mudah
Kulai,300000,1300.0,3.0,2.0,Terrace House,Mudah
Johor Bahru,880000,1650.0,3.0,3.0,Terrace House,Mudah
Johor Bahru,2380000,5812.0,6.0,6.0,Bungalow,Mudah
Johor Bahru,740000,1540.0,4.0,3.0,Terrace House,Mudah
Johor Bahru,470000,1500.0,3.0,1.0,Terrace House,Mudah
Pasir Gudang,430000,960.0,3.0,3.0,Terrace House,Mudah
Kulai,580000,2700.0,3.0,2.0,Terrace House,Mudah
Kulai,290000,3250.0,3.0,2.0,Terrace House,Mudah
Pasir Gudang,390000,1400.0,3.0,2.0,Terrace House,Mudah
Pasir Gudang,398000,960.0,4.0,3.0,Terrace House,Mudah
Johor Bahru,708000,1474.0,4.0,3.0,Terrace House,Mudah
Johor Bahru,610000,1173.0,4.0,3.0,Terrace House,Mudah
Johor Bahru,800000,2164.0,3.0,3.0,Terrace House,Mudah
Johor Bahru,373000,775.0,2.0,2.0,Terrace House,Mudah
Johor Bahru,788000,1540.0,4.0,4.0,Terrace House,Mudah
Muar,395000,3060.0,4.0,2.0,Semi-D,Mudah
Muar,350000,1400.0,3.0,2.0,Terrace House,Mudah
Muar,500000,5292.0,3.0,2.0,Semi-D,Mudah
Muar,448000,3272.0,4.0,2.0,Residential,Mudah
Permas Jaya,398000,700.0,3.0,2.0,Terrace House,Mudah
Johor Bahru,850000,1920.0,4.0,3.0,Terrace House,Mudah
Ulu Tiram,418000,1540.0,3.0,2.0,Terrace House,Mudah
Skudai,598000,1540.0,3.0,2.0,Terrace House,Mudah
Johor Bahru,575000,1080.0,4.0,3.0,Terrace House,Mudah
Johor Bahru,538000,1540.0,3.0,2.0,Terrace House,Mudah
Johor Bahru,528000,1860.0,3.0,2.0,Terrace House,Mudah
Johor Bahru,850000,1680.0,4.0,4.0,Terrace House,Mudah
Muar,400000,2039.0,3.0,2.0,Terrace House,Mudah
Johor Bahru,850000,1400.0,4.0,3.0,Terrace House,Mudah
Kulai,400000,1500.0,3.0,2.0,Terrace House,Mudah
Johor Bahru,398000,1000.0,3.0,2.0,Terrace House,Mudah
Johor Bahru,948000,1540.0,4.0,4.0,Terrace House,Mudah
Johor Bahru,1380000,3200.0,5.0,6.0,Semi-D,Mudah
Pasir Gudang,468000,1725.0,4.0,3.0,Terrace House,Mudah
Gelang Patah,550000,1170.0,4.0,3.0,Terrace House,Mudah
Skudai,530000,1300.0,4.0,3.0,Terrace House,Mudah
Johor Bahru,748000,1760.0,5.0,3.0,Terrace House,Mudah
Iskandar Puteri,1480000,1800.0,5.0,5.0,Terrace House,Mudah
Ulu Tiram,550000,1540.0,4.0,3.0,Terrace House,Mudah
Johor Bahru,858000,1540.0,4.0,3.0,Terrace House,Mudah
Kulai,1080000,2940.0,5.0,3.0,Terrace House,Mudah
Johor Bahru,1100000,1800.0,4.0,3.0,Terrace House,Mudah
Johor Bahru,499000,1540.0,3.0,2.0,Terrace House,Mudah
Kulai,320000,961.0,3.0,2.0,Terrace House,Mudah
Kulai,1130000,3710.0,4.0,3.0,Terrace House,Mudah
Kulai,340000,775.0,3.0,2.0,Terrace House,Mudah
Johor Bahru,1350000,2560.0,4.0,4.0,Residential,Mudah
Pasir Gudang,360000,1400.0,3.0,2.0,Terrace House,Mudah
Johor Bahru,830000,1400.0,4.0,3.0,Terrace House,Mudah
Johor Bahru,899000,1540.0,4.0,3.0,Terrace House,Mudah
Johor Bahru,615000,1540.0,3.0,2.0,Terrace House,Mudah
Kulai,738000,2417.0,4.0,3.0,Terrace House,Mudah
Johor Bahru,719000,1400.0,4.0,3.0,Terrace House,Mudah
Skudai,678000,1540.0,4.0,3.0,Terrace House,Mudah
Permas Jaya,398000,700.0,3.0,2.0,Terrace House,Mudah
Skudai,640000,1540.0,4.0,3.0,Terrace House,Mudah
Johor Bahru,428000,770.0,3.0,2.0,Terrace House,Mudah
Johor Bahru,4200000,8300.0,6.0,6.0,Bungalow,Mudah
Pasir Gudang,240000,816.0,2.0,1.0,Terrace House,Mudah
Pasir Gudang,440000,1170.0,4.0,3.0,Terrace House,Mudah
Kulai,550000,3035.0,4.0,3.0,Terrace House,Mudah
Kulai,580000,2700.0,3.0,2.0,Terrace House,Mudah
Batu Pahat,250000,1540.0,3.0,2.0,Terrace House,Mudah
Skudai,388000,1033.0,4.0,3.0,Residential,Mudah
Skudai,570000,1540.0,3.0,2.0,Terrace House,Mudah
Kluang,240000,2394.0,3.0,3.0,Terrace House,Mudah
Skudai,750000,1832.0,4.0,3.0,Terrace House,Mudah
Iskandar Puteri,1520000,2380.0,4.0,3.0,Residential,Mudah
Kluang,888000,2100.0,4.0,3.0,Semi-D,Mudah
Skudai,975000,3309.0,4.0,4.0,Terrace House,Mudah
Johor Bahru,538000,1170.0,3.0,2.0,Terrace House,Mudah
Pasir Gudang,858000,3143.0,4.0,3.0,Terrace House,Mudah
Johor Bahru,680000,1920.0,3.0,2.0,Terrace House,Mudah
Pasir Gudang,470000,1080.0,4.0,3.0,Terrace House,Mudah
Ulu Tiram,358000,775.0,3.0,2.0,Terrace House,Mudah
Pasir Gudang,419000,1170.0,4.0,3.0,Terrace House,Mudah
Johor Bahru,749000,3164.0,3.0,2.0,Semi-D,Mudah
Johor Bahru,990000,2040.0,5.0,3.0,Terrace House,Mudah
Pasir Gudang,468000,1725.0,4.0,3.0,Terrace House,Mudah
Pasir Gudang,325000,1400.0,3.0,2.0,Terrace House,Mudah
Skudai,738000,1540.0,4.0,3.0,Terrace House,Mudah
Batu Pahat,700000,3766.0,4.0,3.0,Semi-D,Mudah
Kluang,255000,1539.0,3.0,2.0,Terrace House,Mudah
Johor Bahru,698000,1400.0,3.0,3.0,Terrace House,Mudah
Batu Pahat,1080000,3197.0,4.0,4.0,Semi-D,Mudah
Batu Pahat,256000,770.0,3.0,2.0,Terrace House,Mudah
Johor Bahru,618000,1170.0,3.0,3.0,Terrace House,Mudah
Pasir Gudang,809000,2604.0,4.0,3.0,Terrace House,Mudah
Batu Pahat,328000,1646.0,4.0,3.0,Terrace House,Mudah
Kulai,400000,1798.0,4.0,3.0,Terrace House,Mudah
Pasir Gudang,430000,1340.0,3.0,2.0,Terrace House,Mudah
Kulai,285000,960.0,3.0,2.0,Terrace House,Mudah
Kluang,290000,1350.0,3.0,2.0,Terrace House,Mudah
Skudai,414000,1044.0,3.0,1.0,Terrace House,Mudah
Kulai,480000,1400.0,4.0,3.0,Terrace House,Mudah
Pasir Gudang,300000,770.0,3.0,2.0,Terrace House,Mudah
Pasir Gudang,380000,1400.0,3.0,2.0,Terrace House,Mudah
Johor Bahru,435000,1300.0,3.0,2.0,Terrace House,Mudah
Pasir Gudang,380000,1300.0,3.0,2.0,Terrace House,Mudah
Kulai,420000,1798.0,3.0,2.0,Terrace House,Mudah
Johor Bahru,630000,1660.0,4.0,3.0,Terrace House,Mudah
Pasir Gudang,600000,1760.0,3.0,2.0,Terrace House,Mudah
Iskandar Puteri,1250000,2800.0,4.0,3.0,Terrace House,Mudah
Pasir Gudang,495000,1400.0,4.0,3.0,Terrace House,Mudah
Skudai,1650000,4000.0,5.0,5.0,Semi-D,Mudah
Skudai,438000,1300.0,3.0,2.0,Terrace House,Mudah
Kulai,640000,3197.0,4.0,3.0,Semi-D,Mudah
Johor Bahru,480000,1076.0,4.0,2.0,Terrace House,Mudah
Gelang Patah,650000,4502.0,3.0,2.0,Bungalow,Mudah
Johor Bahru,599000,4000.0,6.0,5.0,Terrace House,Mudah
Pasir Gudang,313000,770.0,3.0,2.0,Terrace House,Mudah
Kluang,366000,1479.0,4.0,2.0,Terrace House,Mudah
Johor Bahru,950000,7400.0,4.0,3.0,Bungalow,Mudah
Iskandar Puteri,675000,2325.0,4.0,3.0,Semi-D,Mudah
Pasir Gudang,500000,2065.0,4.0,3.0,Terrace House,Mudah
Pasir Gudang,490000,1400.0,4.0,3.0,Terrace House,Mudah
Segamat,320000,1500.0,3.0,2.0,Terrace House,Mudah
Pasir Gudang,540000,1400.0,4.0,3.0,Terrace House,Mudah
Kluang,410000,1765.0,3.0,2.0,Terrace House,Mudah
Kulai,299000,1540.0,4.0,2.0,Terrace House,Mudah
Kluang,250000,1540.0,3.0,2.0,Terrace House,Mudah
Pasir Gudang,300000,775.0,3.0,2.0,Terrace House,Mudah
Segamat,380000,1660.0,5.0,4.0,Terrace House,Mudah
Kluang,290000,2275.0,4.0,2.0,Terrace House,Mudah
Gelang Patah,480000,1080.0,3.0,2.0,Terrace House,Mudah
Kulai,315000,1001.0,3.0,2.0,Residential,Mudah
Pasir Gudang,450000,2620.0,3.0,2.0,Terrace House,Mudah
Kulai,430000,1442.0,3.0,2.0,Terrace House,Mudah
Johor Bahru,1580000,1950.0,4.0,4.0,Terrace House,Mudah
Pasir Gudang,490000,1400.0,4.0,3.0,Terrace House,Mudah
Gelang Patah,678000,1170.0,4.0,3.0,Terrace House,Mudah
Skudai,393000,775.0,3.0,2.0,Terrace House,Mudah
Pasir Gudang,370000,1540.0,3.0,2.0,Terrace House,Mudah
Johor Bahru,710000,2100.0,4.0,3.0,Terrace House,Mudah
Gelang Patah,678000,1400.0,4.0,3.0,Terrace House,Mudah
Johor Bahru,438000,5000.0,4.0,3.0,Bungalow,Mudah
Kulai,550000,3035.0,4.0,3.0,Terrace House,Mudah
Kluang,550000,3035.0,4.0,3.0,Terrace House,Mudah
Kluang,550000,3035.0,4.0,3.0,Terrace House,Mudah
Kluang,383000,2145.0,4.0,3.0,Terrace House,Mudah
Pasir Gudang,480000,1884.0,3.0,2.0,Terrace House,Mudah
Pasir Gudang,360000,840.0,3.0,3.0,Terrace House,Mudah
Skudai,830000,3200.0,5.0,4.0,Semi-D,Mudah
Skudai,695000,2240.0,4.0,4.0,Residential,Mudah
Kulai,400000,1540.0,3.0,2.0,Terrace House,Mudah
Kulai,565000,2467.0,4.0,3.0,Terrace House,Mudah
Skudai,539000,1170.0,4.0,3.0,Terrace House,Mudah
Johor Bahru,480000,1076.0,4.0,2.0,Residential,Mudah
Pasir Gudang,288000,852.0,3.0,2.0,Residential,Mudah
Pasir Gudang,360000,840.0,3.0,3.0,Terrace House,Mudah
Johor Bahru,1280000,1804.0,0.0,0.0,Terrace House,Mudah
Johor Bahru,688000,1400.0,4.0,3.0,Terrace House,Mudah
Ulu Tiram,475000,1400.0,3.0,2.0,Terrace House,Mudah
Kulai,390000,1080.0,3.0,2.0,Terrace House,Mudah
Skudai,480000,1174.0,4.0,3.0,Terrace House,Mudah
Kulai,400000,1798.0,4.0,3.0,Terrace House,Mudah
Pasir Gudang,370000,960.0,3.0,2.0,Terrace House,Mudah
Kulai,349000,775.0,3.0,2.0,Terrace House,Mudah
Pasir Gudang,480000,1540.0,4.0,2.0,Terrace House,Mudah
Pasir Gudang,399000,1400.0,4.0,3.0,Terrace House,Mudah
Pasir Gudang,495000,1400.0,4.0,3.0,Terrace House,Mudah
Johor Bahru,560000,1540.0,4.0,3.0,Terrace House,Mudah
Pasir Gudang,358000,1540.0,3.0,2.0,Terrace House,Mudah
Pasir Gudang,419000,1650.0,3.0,2.0,Terrace House,Mudah
Pasir Gudang,419000,1650.0,3.0,2.0,Terrace House,Mudah
Johor Bahru,680000,1170.0,4.0,3.0,Terrace House,Mudah
Pasir Gudang,290000,1200.0,3.0,2.0,Terrace House,Mudah
Johor Bahru,598000,1170.0,4.0,3.0,Terrace House,Mudah
Pasir Gudang,530000,3660.0,3.0,2.0,Terrace House,Mudah
Johor Bahru,678000,1560.0,4.0,4.0,Terrace House,Mudah
Pasir Gudang,499000,2828.0,4.0,3.0,Terrace House,Mudah
Kluang,273000,1540.0,3.0,2.0,Terrace House,Mudah
Johor Bahru,599000,1540.0,3.0,2.0,Terrace House,Mudah
Batu Pahat,354000,1540.0,4.0,3.0,Terrace House,Mudah
Skudai,530000,1170.0,4.0,3.0,Terrace House,Mudah
Kulai,515000,1080.0,4.0,3.0,Terrace House,Mudah
Johor Bahru,708000,1170.0,4.0,3.0,Terrace House,Mudah
Pasir Gudang,430000,1622.0,4.0,3.0,Terrace House,Mudah
Pasir Gudang,370000,775.0,3.0,2.0,Terrace House,Mudah
Johor Bahru,780000,1540.0,4.0,3.0,Terrace House,Mudah
Johor Bahru,930000,3150.0,6.0,5.0,Terrace House,Mudah
Skudai,738000,2870.0,3.0,2.0,Terrace House,Mudah
Muar,450000,2506.0,3.0,2.0,Semi-D,Mudah
Skudai,600000,1500.0,3.0,3.0,Semi-D,Mudah
Batu Pahat,354000,1540.0,4.0,3.0,Terrace House,Mudah
Johor Bahru,630000,2665.0,4.0,3.0,Semi-D,Mudah
Skudai,1650000,4000.0,5.0,5.0,Semi-D,Mudah
Johor Bahru,2350000,5040.0,5.0,5.0,Semi-D,Mudah
Skudai,418000,770.0,3.0,2.0,Terrace House,Mudah
Johor Bahru,588000,1540.0,3.0,2.0,Terrace House,Mudah
Johor Bahru,750000,2009.0,4.0,3.0,Terrace House,Mudah
Iskandar Puteri,1180000,2800.0,3.0,3.0,Terrace House,Mudah
Skudai,435000,1210.0,3.0,2.0,Terrace House,Mudah
Skudai,988000,3250.0,4.0,3.0,Terrace House,Mudah
Skudai,548000,1540.0,3.0,2.0,Terrace House,Mudah
Johor Bahru,750000,2009.0,4.0,3.0,Terrace House,Mudah
Johor Bahru,718000,2615.0,4.0,3.0,Terrace House,Mudah
Kluang,439000,2600.0,5.0,3.0,Terrace House,Mudah
Kluang,180000,770.0,3.0,2.0,Terrace House,Mudah
Skudai,418000,770.0,3.0,3.0,Terrace House,Mudah
Johor Bahru,3000000,3200.0,4.0,3.0,Semi-D,Mudah
Skudai,690000,1540.0,4.0,3.0,Terrace House,Mudah
Johor Bahru,430000,1400.0,3.0,2.0,Terrace House,Mudah
Pasir Gudang,468000,1725.0,4.0,3.0,Terrace House,Mudah
Johor Bahru,488000,1300.0,3.0,2.0,Terrace House,Mudah
Pasir Gudang,365000,780.0,3.0,2.0,Terrace House,Mudah
Johor Bahru,635000,1650.0,4.0,3.0,Terrace House,Mudah
Ulu Tiram,588000,2980.0,4.0,3.0,Semi-D,Mudah
Kluang,190000,840.0,3.0,2.0,Terrace House,Mudah
Skudai,580000,1540.0,4.0,3.0,Terrace House,Mudah
Gelang Patah,1080000,2800.0,5.0,5.0,Terrace House,Mudah
Kluang,228000,1646.0,3.0,2.0,Terrace House,Mudah
Gelang Patah,490000,1079.0,4.0,3.0,Terrace House,Mudah
Ulu Tiram,650000,3121.0,5.0,2.0,Terrace House,Mudah
Kulai,430000,1540.0,3.0,2.0,Terrace House,Mudah
Johor Bahru,750000,1300.0,4.0,3.0,Terrace House,Mudah
Kluang,488000,3200.0,5.0,4.0,Terrace House,Mudah
Pasir Gudang,660000,1766.0,4.0,3.0,Terrace House,Mudah
Pasir Gudang,468000,1725.0,4.0,3.0,Terrace House,Mudah
Johor Bahru,580000,1400.0,3.0,2.0,Terrace House,Mudah
Skudai,399000,1100.0,3.0,2.0,Terrace House,Mudah
Johor Bahru,798000,2600.0,4.0,3.0,Terrace House,Mudah
Johor Bahru,1299000,2800.0,5.0,5.0,Residential,Mudah
Ulu Tiram,500000,1540.0,3.0,2.0,Terrace House,Mudah
Muar,388000,1540.0,4.0,3.0,Terrace House,Mudah
Johor Bahru,398000,990.0,3.0,2.0,Terrace House,Mudah
Skudai,645000,1400.0,4.0,3.0,Terrace House,Mudah
Ulu Tiram,370000,814.0,3.0,2.0,Terrace House,Mudah
Pasir Gudang,490000,1400.0,4.0,3.0,Terrace House,Mudah
Johor Bahru,920000,1770.0,4.0,3.0,Terrace House,Mudah
Johor Bahru,585000,1400.0,5.0,2.0,Terrace House,Mudah
Johor Bahru,3000000,3200.0,4.0,3.0,Semi-D,Mudah
Skudai,678000,1540.0,4.0,3.0,Terrace House,Mudah
Kluang,330000,2150.0,4.0,3.0,Terrace House,Mudah
Pasir Gudang,430000,1400.0,4.0,3.0,Terrace House,Mudah
Johor Bahru,708000,1170.0,4.0,3.0,Terrace House,Mudah
Johor Bahru,775000,1400.0,4.0,3.0,Terrace House,Mudah
Kulai,330000,1011.0,3.0,2.0,Residential,Mudah
Johor Bahru,599000,1540.0,4.0,2.0,Terrace House,Mudah
Johor Bahru,1280000,1804.0,0.0,0.0,Terrace House,Mudah
Pasir Gudang,365000,775.0,3.0,2.0,Terrace House,Mudah
Pasir Gudang,358000,770.0,4.0,3.0,Terrace House,Mudah
Batu Pahat,328000,1646.0,4.0,3.0,Terrace House,Mudah
Kulai,205000,594.0,3.0,1.0,Terrace House,Mudah
Kluang,420000,3003.0,3.0,2.0,Terrace House,Mudah
Johor Bahru,550000,1500.0,3.0,2.0,Terrace House,Mudah
Johor Bahru,360000,1040.0,2.0,1.0,Terrace House,Mudah
Kluang,428000,1540.0,4.0,3.0,Terrace House,Mudah
Ulu Tiram,350000,753.0,3.0,2.0,Terrace House,Mudah
Johor Bahru,538000,1300.0,3.0,2.0,Terrace House,Mudah
Johor Bahru,598000,4000.0,6.0,5.0,Terrace House,Mudah
Skudai,599000,1300.0,4.0,3.0,Terrace House,Mudah
Iskandar Puteri,588000,1400.0,3.0,2.0,Terrace House,Mudah
Johor Bahru,700000,1650.0,4.0,3.0,Terrace House,Mudah
Kulai,320000,961.0,3.0,2.0,Terrace House,Mudah
Johor Bahru,700000,1650.0,4.0,3.0,Terrace House,Mudah
Ulu Tiram,360000,1040.0,2.0,1.0,Terrace House,Mudah
Pasir Gudang,408000,770.0,2.0,1.0,Terrace House,Mudah
Kluang,550000,4387.0,4.0,3.0,Semi-D,Mudah
Pontian,460000,1400.0,4.0,2.0,Terrace House,Mudah
Kulai,738000,1560.0,5.0,4.0,Terrace House,Mudah
Pasir Gudang,399000,1400.0,3.0,2.0,Terrace House,Mudah
Pasir Gudang,399000,1540.0,3.0,2.0,Terrace House,Mudah
Kluang,570000,1540.0,6.0,4.0,Bungalow,Mudah
Kulai,355000,1194.0,2.0,1.0,Terrace House,Mudah
Johor Bahru,830000,3200.0,5.0,4.0,Semi-D,Mudah
Johor Bahru,1180000,1650.0,0.0,0.0,Terrace House,Mudah
Skudai,498000,1170.0,4.0,3.0,Terrace House,Mudah
Johor Bahru,718000,1800.0,4.0,3.0,Terrace House,Mudah
Muar,820000,2924.0,4.0,3.0,Semi-D,Mudah
Pasir Gudang,395000,770.0,3.0,2.0,Terrace House,Mudah
Kulai,350000,770.0,3.0,2.0,Terrace House,Mudah
Iskandar Puteri,720000,1540.0,4.0,3.0,Terrace House,Mudah
Muar,950000,3360.0,5.0,3.0,Terrace House,Mudah
Skudai,214000,650.0,3.0,2.0,Residential,Mudah
Batu Pahat,430000,1540.0,4.0,3.0,Terrace House,Mudah
Kulai,385000,1079.0,3.0,2.0,Terrace House,Mudah
Skudai,388000,770.0,2.0,1.0,Terrace House,Mudah
Skudai,370000,770.0,2.0,1.0,Terrace House,Mudah
Johor Bahru,698000,1400.0,4.0,3.0,Terrace House,Mudah
Johor Bahru,678000,1400.0,4.0,3.0,Terrace House,Mudah
Johor Bahru,1680000,2560.0,4.0,5.0,Residential,Mudah
Johor Bahru,498000,1584.0,3.0,2.0,Terrace House,Mudah
Kulai,495000,1076.0,4.0,3.0,Terrace House,Mudah
Skudai,498000,1540.0,3.0,2.0,Terrace House,Mudah
Johor Bahru,650000,1672.0,4.0,3.0,Residential,Mudah
Skudai,390000,1040.0,2.0,2.0,Terrace House,Mudah
Johor Bahru,1580000,2671.0,4.0,4.0,Terrace House,Mudah
Pasir Gudang,360000,960.0,3.0,3.0,Terrace House,Mudah
Skudai,480000,1260.0,4.0,3.0,Terrace House,Mudah
Skudai,580000,1540.0,3.0,2.0,Terrace House,Mudah
Skudai,1100000,2500.0,5.0,4.0,Residential,Mudah
Skudai,668000,2800.0,3.0,3.0,Terrace House,Mudah
Skudai,1180000,3958.0,5.0,4.0,Residential,Mudah
Ulu Tiram,618000,1540.0,4.0,3.0,Terrace House,Mudah
Ulu Tiram,770000,4047.0,5.0,5.0,Terrace House,Mudah
Pasir Gudang,548000,2500.0,4.0,3.0,Terrace House,Mudah
Pasir Gudang,600000,1200.0,4.0,3.0,Terrace House,Mudah
Kulai,612000,2000.0,5.0,4.0,Terrace House,Mudah
Iskandar Puteri,475000,1080.0,3.0,2.0,Terrace House,Mudah
Johor Bahru,636000,1680.0,4.0,4.0,Terrace House,Mudah
Skudai,780000,5629.0,3.0,2.0,Terrace House,Mudah
Kulai,440000,1080.0,4.0,3.0,Terrace House,Mudah
Pasir Gudang,490000,1540.0,3.0,3.0,Terrace House,Mudah
Pasir Gudang,443000,1560.0,4.0,3.0,Terrace House,Mudah
Kulai,370000,1400.0,4.0,3.0,Terrace House,Mudah
Ulu Tiram,348000,1040.0,3.0,2.0,Terrace House,Mudah
Johor Bahru,800000,4288.0,4.0,4.0,Semi-D,Mudah
Pasir Gudang,590000,1300.0,4.0,3.0,Terrace House,Mudah
Kulai,500000,1672.0,5.0,3.0,Terrace House,Mudah
Skudai,340000,1100.0,2.0,1.0,Terrace House,Mudah
Kulai,330000,775.0,3.0,2.0,Terrace House,Mudah
Kulai,468000,3822.0,3.0,1.0,Terrace House,Mudah
Kulai,510000,2470.0,3.0,2.0,Terrace House,Mudah
Skudai,520000,1170.0,4.0,3.0,Terrace House,Mudah
Johor Bahru,628000,1170.0,4.0,3.0,Terrace House,Mudah
Kulai,390000,1080.0,3.0,2.0,Terrace House,Mudah
Pasir Gudang,355000,960.0,3.0,4.0,Terrace House,Mudah
Skudai,775000,2898.0,4.0,3.0,Terrace House,Mudah
Pasir Gudang,500000,1400.0,4.0,3.0,Terrace House,Mudah
Gelang Patah,499000,1400.0,4.0,3.0,Terrace House,Mudah
Kluang,338000,1650.0,3.0,2.0,Terrace House,Mudah
Batu Pahat,225000,1192.0,3.0,2.0,Terrace House,Mudah
Pasir Gudang,499000,1400.0,3.0,3.0,Terrace House,Mudah
Johor Bahru,360000,1100.0,4.0,2.0,Residential,Mudah
Pasir Gudang,590000,1726.0,4.0,3.0,Terrace House,Mudah
Skudai,1280000,5740.0,5.0,5.0,Semi-D,Mudah
Johor Bahru,700000,4407.0,3.0,2.0,Semi-D,Mudah
Kulai,320000,3316.0,3.0,1.0,Terrace House,Mudah
Pasir Gudang,499000,1400.0,3.0,3.0,Terrace House,Mudah
Kluang,420000,1496.0,4.0,3.0,Terrace House,Mudah
Kulai,510000,1080.0,4.0,3.0,Terrace House,Mudah
Johor Bahru,589000,1540.0,3.0,2.0,Terrace House,Mudah
Johor Bahru,870000,1800.0,4.0,5.0,Terrace House,Mudah
Kulai,480000,1170.0,4.0,3.0,Terrace House,Mudah
Johor Bahru,780000,1680.0,4.0,3.0,Terrace House,Mudah
Kulai,500000,1540.0,4.0,2.0,Terrace House,Mudah
Gelang Patah,565000,1650.0,4.0,3.0,Terrace House,Mudah
Pasir Gudang,600000,1760.0,3.0,2.0,Terrace House,Mudah
Gelang Patah,510000,1430.0,4.0,3.0,Terrace House,Mudah
Pasir Gudang,419000,1650.0,3.0,2.0,Terrace House,Mudah
Pasir Gudang,468000,1400.0,4.0,3.0,Terrace House,Mudah
Johor Bahru,1280000,1804.0,0.0,0.0,Terrace House,Mudah
Pasir Gudang,360000,960.0,3.0,3.0,Terrace House,Mudah
Johor Bahru,688000,1170.0,4.0,3.0,Terrace House,Mudah
Johor Bahru,680000,1170.0,4.0,3.0,Terrace House,Mudah
Kulai,465000,1540.0,3.0,2.0,Terrace House,Mudah
Kluang,320000,1302.0,4.0,3.0,Terrace House,Mudah
Skudai,600000,1500.0,3.0,3.0,Semi-D,Mudah
Johor Bahru,698000,1400.0,4.0,3.0,Terrace House,Mudah
Ulu Tiram,495000,1540.0,3.0,3.0,Terrace House,Mudah
Pasir Gudang,450000,3242.0,4.0,3.0,Terrace House,Mudah
Kulai,260000,1540.0,3.0,2.0,Terrace House,Mudah
Skudai,440000,1300.0,3.0,2.0,Terrace House,Mudah
Johor Bahru,1180000,1650.0,0.0,0.0,Terrace House,Mudah
Kluang,440000,1657.0,4.0,4.0,Terrace House,Mudah
Johor Bahru,580000,1170.0,4.0,3.0,Terrace House,Mudah
Johor Bahru,495000,1560.0,3.0,2.0,Terrace House,Mudah
Johor Bahru,830000,2310.0,4.0,3.0,Terrace House,Mudah
Pasir Gudang,560000,1726.0,4.0,3.0,Terrace House,Mudah
Gelang Patah,480000,1080.0,3.0,2.0,Terrace House,Mudah
Johor Bahru,630000,1540.0,3.0,2.0,Terrace House,Mudah
Johor Bahru,2500000,7895.0,10.0,3.0,Bungalow,Mudah
Ulu Tiram,500000,1540.0,3.0,2.0,Terrace House,Mudah
Skudai,678000,1540.0,4.0,3.0,Terrace House,Mudah
Kluang,568000,1360.0,4.0,3.0,Terrace House,Mudah
Johor Bahru,480000,1076.0,4.0,2.0,Residential,Mudah
Iskandar Puteri,2120000,3788.0,6.0,5.0,Terrace House,Mudah
Pasir Gudang,338000,770.0,2.0,1.0,Terrace House,Mudah
Kulai,698000,1500.0,4.0,3.0,Terrace House,Mudah
Johor Bahru,585000,1400.0,5.0,2.0,Terrace House,Mudah
Gelang Patah,980000,2215.0,4.0,4.0,Terrace House,Mudah
Kulai,295000,1300.0,3.0,2.0,Terrace House,Mudah
Johor Bahru,398000,700.0,3.0,2.0,Terrace House,Mudah
Gelang Patah,480000,1080.0,3.0,2.0,Terrace House,Mudah
Kulai,540000,3618.0,3.0,3.0,Terrace House,Mudah
Pasir Gudang,500000,1300.0,4.0,3.0,Terrace House,Mudah
Johor Bahru,628000,1170.0,4.0,3.0,Terrace House,Mudah
Permas Jaya,608000,1300.0,4.0,3.0,Terrace House,Mudah
Iskandar Puteri,800000,1400.0,4.0,3.0,Terrace House,Mudah
Pasir Gudang,388000,1400.0,3.0,2.0,Terrace House,Mudah
Pasir Gudang,460000,1400.0,3.0,3.0,Terrace House,Mudah
Pasir Gudang,443000,1560.0,4.0,3.0,Terrace House,Mudah
Skudai,438000,1300.0,3.0,2.0,Terrace House,Mudah
Johor Bahru,490000,1540.0,3.0,3.0,Terrace House,Mudah
Skudai,850000,1540.0,4.0,3.0,Terrace House,Mudah
Skudai,1100000,2750.0,4.0,4.0,Terrace House,Mudah
Pasir Gudang,165000,689.0,3.0,2.0,Residential,Mudah
Pasir Gudang,698000,2800.0,3.0,2.0,Terrace House,Mudah
Kulai,428000,1400.0,3.0,2.0,Terrace House,Mudah
Skudai,598000,1170.0,5.0,3.0,Terrace House,Mudah
Skudai,565000,1650.0,4.0,3.0,Terrace House,Mudah
Johor Bahru,565000,1679.0,3.0,2.0,Terrace House,Mudah
Johor Bahru,1180000,1650.0,0.0,0.0,Terrace House,Mudah
Iskandar Puteri,2000000,3568.0,5.0,6.0,Terrace House,Mudah
Skudai,478000,1540.0,3.0,2.0,Terrace House,Mudah
Batu Pahat,345000,1540.0,4.0,3.0,Terrace House,Mudah
Johor Bahru,1280000,1804.0,0.0,0.0,Terrace House,Mudah
Pasir Gudang,285000,770.0,3.0,2.0,Terrace House,Mudah
Kluang,468000,1540.0,4.0,3.0,Terrace House,Mudah
Kulai,250000,1670.0,3.0,2.0,Terrace House,Mudah
Johor Bahru,880000,2210.0,5.0,3.0,Terrace House,Mudah
Pasir Gudang,320000,1300.0,3.0,2.0,Terrace House,Mudah
Johor Bahru,900000,1674.0,4.0,3.0,Terrace House,Mudah
Johor Bahru,360000,775.0,2.0,2.0,Terrace House,Mudah
Kulai,320000,732.0,2.0,1.0,Terrace House,Mudah
Pasir Gudang,460000,1980.0,3.0,2.0,Terrace House,Mudah
Johor Bahru,895000,1680.0,4.0,4.0,Terrace House,Mudah
Kulai,650000,2940.0,4.0,2.0,Terrace House,Mudah
Johor Bahru,880000,1400.0,4.0,4.0,Terrace House,Mudah
Johor Bahru,393000,770.0,3.0,2.0,Terrace House,Mudah
Johor Bahru,370000,814.0,3.0,2.0,Terrace House,Mudah
Kulai,550000,1408.0,4.0,3.0,Terrace House,Mudah
Skudai,830000,3200.0,5.0,4.0,Semi-D,Mudah
Kluang,430000,2100.0,3.0,2.0,Terrace House,Mudah
Kluang,460000,5403.0,4.0,3.0,Bungalow,Mudah
Kluang,198000,775.0,3.0,2.0,Terrace House,Mudah
Muar,364000,2917.0,3.0,2.0,Semi-D,Mudah
Johor Bahru,1800000,3200.0,5.0,7.0,Semi-D,Mudah
Johor Bahru,710000,2100.0,4.0,3.0,Terrace House,Mudah
Kluang,390000,1400.0,4.0,3.0,Terrace House,Mudah
Johor Bahru,399000,1400.0,3.0,2.0,Terrace House,Mudah
Skudai,1350000,3000.0,5.0,4.0,Terrace House,Mudah
Kluang,230000,1500.0,3.0,1.0,Terrace House,Mudah
Kulai,165000,770.0,2.0,1.0,Terrace House,Mudah
Kluang,235000,1120.0,3.0,2.0,Terrace House,Mudah
Kluang,366000,1479.0,4.0,2.0,Terrace House,Mudah
Skudai,618000,1650.0,5.0,4.0,Terrace House,Mudah
Pasir Gudang,630000,1400.0,4.0,3.0,Terrace House,Mudah
Kulai,588000,1800.0,4.0,2.0,Terrace House,Mudah
Pasir Gudang,638000,1200.0,4.0,3.0,Terrace House,Mudah
Johor Bahru,920000,2600.0,4.0,3.0,Terrace House,Mudah
Pasir Gudang,358000,723.0,4.0,3.0,Terrace House,Mudah
Iskandar Puteri,1800000,3400.0,5.0,5.0,Residential,Mudah
Johor Bahru,675000,1400.0,4.0,3.0,Terrace House,Mudah
Kluang,308800,1314.0,3.0,2.0,Terrace House,Mudah
Ulu Tiram,475000,1400.0,3.0,2.0,Terrace House,Mudah
Ulu Tiram,560000,1540.0,4.0,3.0,Terrace House,Mudah
Pasir Gudang,570000,2370.0,4.0,2.0,Terrace House,Mudah
Batu Pahat,428000,1540.0,4.0,3.0,Terrace House,Mudah
Muar,175000,1084.0,2.0,1.0,Terrace House,Mudah
Johor Bahru,700000,4407.0,3.0,2.0,Semi-D,Mudah
Pasir Gudang,578000,1540.0,4.0,3.0,Terrace House,Mudah
Kulai,400000,1798.0,3.0,2.0,Terrace House,Mudah
Gelang Patah,830000,3200.0,5.0,4.0,Semi-D,Mudah
Kulai,650000,3150.0,4.0,2.0,Terrace House,Mudah
Johor Bahru,1450000,6877.0,5.0,3.0,Terrace House,Mudah
Iskandar Puteri,588000,1400.0,3.0,2.0,Terrace House,Mudah
Iskandar Puteri,598000,1540.0,3.0,2.0,Terrace House,Mudah
Johor Bahru,538000,1170.0,3.0,2.0,Terrace House,Mudah
Kulai,598000,1800.0,4.0,2.0,Terrace House,Mudah
Johor Bahru,750000,1760.0,4.0,3.0,Terrace House,Mudah
Iskandar Puteri,1850000,2400.0,3.0,3.0,Residential,Mudah
Kluang,180000,770.0,3.0,2.0,Terrace House,Mudah
Skudai,588000,1400.0,3.0,2.0,Terrace House,Mudah
Johor Bahru,578000,1400.0,3.0,2.0,Terrace House,Mudah
Ulu Tiram,498000,1540.0,3.0,2.0,Terrace House,Mudah
Skudai,413000,1100.0,3.0,2.0,Terrace House,Mudah
Ulu Tiram,350000,753.0,3.0,2.0,Terrace House,Mudah
Johor Bahru,370000,775.0,2.0,1.0,Terrace House,Mudah
Johor Bahru,490000,1400.0,4.0,2.0,Terrace House,Mudah
Skudai,408000,1098.0,3.0,2.0,Terrace House,Mudah
Pasir Gudang,465000,1300.0,4.0,3.0,Terrace House,Mudah
Pasir Gudang,419000,1650.0,3.0,2.0,Terrace House,Mudah
Pasir Gudang,419000,1170.0,4.0,3.0,Terrace House,Mudah
Skudai,438000,1350.0,3.0,2.0,Terrace House,Mudah
Pasir Gudang,460000,1400.0,3.0,3.0,Terrace House,Mudah
Iskandar Puteri,1680000,2240.0,4.0,4.0,Terrace House,Mudah
Iskandar Puteri,1650000,3882.0,6.0,6.0,Terrace House,Mudah
Johor Bahru,1600000,8137.0,6.0,4.0,Semi-D,Mudah
Johor Bahru,1350000,6400.0,7.0,4.0,Bungalow,Mudah
Pasir Gudang,358000,1540.0,4.0,3.0,Terrace House,Mudah
Pasir Gudang,419000,1650.0,3.0,2.0,Terrace House,Mudah
Skudai,450000,1500.0,3.0,2.0,Terrace House,Mudah
Muar,350000,1300.0,3.0,2.0,Terrace House,Mudah
Johor Bahru,386000,775.0,2.0,2.0,Terrace House,Mudah
Ulu Tiram,500000,1540.0,3.0,2.0,Terrace House,Mudah
Pasir Gudang,470000,1300.0,4.0,3.0,Terrace House,Mudah
Batu Pahat,230000,776.0,3.0,2.0,Terrace House,Mudah
Kluang,380000,1647.0,4.0,3.0,Terrace House,Mudah
Skudai,678000,1540.0,4.0,3.0,Terrace House,Mudah
Pasir Gudang,450000,1300.0,3.0,2.0,Terrace House,Mudah
Kulai,330000,979.0,3.0,2.0,Terrace House,Mudah
Pasir Gudang,419000,1170.0,4.0,3.0,Terrace House,Mudah
Pasir Gudang,370000,960.0,3.0,3.0,Terrace House,Mudah
Kluang,418000,1650.0,4.0,3.0,Terrace House,Mudah
Ulu Tiram,495000,1540.0,3.0,3.0,Terrace House,Mudah
Johor Bahru,460000,960.0,3.0,2.0,Terrace House,Mudah
Kluang,530000,1260.0,4.0,3.0,Terrace House,Mudah
Skudai,480000,1170.0,4.0,3.0,Terrace House,Mudah
Skudai,530000,1170.0,4.0,3.0,Terrace House,Mudah
Kluang,383000,1813.0,4.0,3.0,Terrace House,Mudah
Pasir Gudang,465000,1080.0,4.0,3.0,Terrace House,Mudah
Pasir Gudang,478000,2282.0,3.0,2.0,Terrace House,Mudah
Gelang Patah,660000,2400.0,3.0,2.0,Terrace House,Mudah
Johor Bahru,528000,1540.0,3.0,2.0,Terrace House,Mudah
Pasir Gudang,370000,1400.0,3.0,2.0,Terrace House,Mudah
Pasir Gudang,670000,1400.0,5.0,3.0,Terrace House,Mudah
Pasir Gudang,358000,750.0,3.0,2.0,Terrace House,Mudah
Johor Bahru,750000,2852.0,4.0,3.0,Terrace House,Mudah
Kluang,260000,1400.0,4.0,2.0,Terrace House,Mudah
Johor Bahru,450000,1400.0,3.0,2.0,Terrace House,Mudah
Johor Bahru,850000,2800.0,4.0,3.0,Semi-D,Mudah
Kulai,608000,1910.0,4.0,2.0,Terrace House,Mudah
Pasir Gudang,398000,700.0,3.0,2.0,Terrace House,Mudah
Pasir Gudang,419000,1650.0,3.0,2.0,Terrace House,Mudah
Johor Bahru,888000,1680.0,2.0,2.0,Terrace House,Mudah
Johor Bahru,398000,990.0,3.0,2.0,Terrace House,Mudah
Johor Bahru,1500000,2706.0,7.0,4.0,Terrace House,Mudah
Johor Bahru,570000,1540.0,6.0,2.0,Terrace House,Mudah
Skudai,535000,1540.0,4.0,2.0,Terrace House,Mudah
Ulu Tiram,420000,1647.0,3.0,2.0,Terrace House,Mudah
Pasir Gudang,598000,1300.0,4.0,3.0,Terrace House,Mudah
Johor Bahru,998000,3305.0,4.0,3.0,Semi-D,Mudah
Skudai,450000,1496.0,3.0,2.0,Terrace House,Mudah
Johor Bahru,470000,1500.0,3.0,1.0,Terrace House,Mudah
Pasir Gudang,495000,1400.0,4.0,3.0,Terrace House,Mudah
Pasir Gudang,760000,1540.0,4.0,5.0,Terrace House,Mudah
Kulai,1320000,4000.0,6.0,4.0,Semi-D,Mudah
Skudai,1350000,4506.0,6.0,6.0,Semi-D,Mudah
Iskandar Puteri,1580000,2671.0,4.0,4.0,Terrace House,Mudah
Kulai,480000,1400.0,4.0,3.0,Terrace House,Mudah
Johor Bahru,470000,1500.0,3.0,1.0,Terrace House,Mudah
Pasir Gudang,520000,1754.0,4.0,2.0,Terrace House,Mudah
Kluang,370000,1400.0,3.0,2.0,Terrace House,Mudah
Kulai,295600,1300.0,3.0,2.0,Terrace House,Mudah
Gelang Patah,438000,1300.0,3.0,2.0,Terrace House,Mudah
Johor Bahru,810000,1672.0,4.0,3.0,Terrace House,Mudah
Pasir Gudang,450000,1300.0,4.0,3.0,Terrace House,Mudah
Pasir Gudang,399000,1400.0,3.0,2.0,Terrace House,Mudah
Pasir Gudang,425000,1650.0,3.0,2.0,Terrace House,Mudah
Kulai,298000,1000.0,3.0,2.0,Residential,Mudah
Gelang Patah,430000,1080.0,3.0,2.0,Terrace House,Mudah
Johor Bahru,580000,1540.0,4.0,3.0,Terrace House,Mudah
Kulai,430000,1442.0,3.0,2.0,Terrace House,Mudah
Johor Bahru,899000,2200.0,5.0,4.0,Terrace House,Mudah
Johor Bahru,490000,1400.0,4.0,2.0,Terrace House,Mudah
Iskandar Puteri,1700000,2800.0,4.0,4.0,Terrace House,Mudah
Skudai,538000,3000.0,4.0,3.0,Terrace House,Mudah
Johor Bahru,775000,1400.0,4.0,3.0,Terrace House,Mudah
Johor Bahru,538000,1540.0,3.0,2.0,Terrace House,Mudah
Johor Bahru,450000,963.0,3.0,2.0,Residential,Mudah
Johor Bahru,680000,1400.0,4.0,3.0,Terrace House,Mudah
Ulu Tiram,585000,1540.0,4.0,3.0,Terrace House,Mudah
Johor Bahru,678000,1400.0,4.0,3.0,Terrace House,Mudah
Pasir Gudang,450000,1540.0,4.0,3.0,Terrace House,Mudah
Pasir Gudang,1000000,3149.0,4.0,4.0,Terrace House,Mudah
Pasir Gudang,495000,1400.0,4.0,3.0,Terrace House,Mudah
Gelang Patah,495000,880.0,3.0,2.0,Terrace House,Mudah
Kulai,390000,3197.0,4.0,3.0,Semi-D,Mudah
Skudai,600000,1500.0,3.0,3.0,Semi-D,Mudah
Johor Bahru,1850000,2400.0,5.0,4.0,Residential,Mudah
Kulai,388000,1300.0,2.0,1.0,Terrace House,Mudah
Johor Bahru,579999,1540.0,3.0,2.0,Terrace House,Mudah
Skudai,950000,2944.0,4.0,3.0,Semi-D,Mudah
Ulu Tiram,455000,1680.0,3.0,2.0,Terrace House,Mudah
Gelang Patah,530000,1170.0,4.0,3.0,Terrace House,Mudah
Permas Jaya,540000,1400.0,4.0,3.0,Terrace House,Mudah
Pasir Gudang,540000,1400.0,4.0,3.0,Terrace House,Mudah
Ulu Tiram,1280000,3200.0,4.0,3.0,Semi-D,Mudah
Ulu Tiram,628000,1920.0,4.0,2.0,Terrace House,Mudah
Pasir Gudang,570000,2370.0,4.0,2.0,Terrace House,Mudah
Iskandar Puteri,1800000,2800.0,5.0,5.0,Residential,Mudah
Ulu Tiram,348000,1040.0,3.0,2.0,Terrace House,Mudah
Kluang,380000,1400.0,3.0,2.0,Terrace House,Mudah
Kulai,587000,1540.0,4.0,3.0,Terrace House,Mudah
Gelang Patah,1200000,2454.0,5.0,5.0,Residential,Mudah
Kulai,400000,1798.0,3.0,2.0,Terrace House,Mudah
Johor Bahru,538000,1300.0,3.0,2.0,Terrace House,Mudah
Kluang,379000,2884.0,3.0,2.0,Terrace House,Mudah
Ulu Tiram,469000,1540.0,3.0,2.0,Terrace House,Mudah
Gelang Patah,379000,883.0,3.0,2.0,Terrace House,Mudah
Kluang,380000,1540.0,4.0,3.0,Terrace House,Mudah
Skudai,440000,1300.0,3.0,2.0,Terrace House,Mudah
Pasir Gudang,419000,1650.0,3.0,2.0,Terrace House,Mudah
Pasir Gudang,465000,1080.0,4.0,3.0,Terrace House,Mudah
Permas Jaya,385000,1400.0,3.0,2.0,Terrace House,Mudah
Johor Bahru,950000,2800.0,6.0,5.0,Residential,Mudah
Gelang Patah,565000,1170.0,3.0,3.0,Terrace House,Mudah
Iskandar Puteri,1520000,2044.0,4.0,3.0,Residential,Mudah
Johor Bahru,768000,1760.0,3.0,2.0,Terrace House,Mudah
Kluang,175000,770.0,2.0,1.0,Terrace House,Mudah
Kulai,250000,1668.0,3.0,2.0,Terrace House,Mudah
Kluang,450000,1766.0,4.0,3.0,Terrace House,Mudah
Permas Jaya,398000,700.0,3.0,2.0,Terrace House,Mudah
Skudai,529000,1800.0,4.0,3.0,Terrace House,Mudah
Pasir Gudang,478000,1650.0,3.0,2.0,Terrace House,Mudah
Pasir Gudang,529000,1400.0,3.0,2.0,Terrace House,Mudah
Gelang Patah,519000,1170.0,4.0,3.0,Terrace House,Mudah
Iskandar Puteri,1650000,2629.0,4.0,4.0,Residential,Mudah
Johor Bahru,2050000,3200.0,6.0,7.0,Semi-D,Mudah
Johor Bahru,1180000,1650.0,0.0,0.0,Terrace House,Mudah
Skudai,1280000,5740.0,5.0,4.0,Semi-D,Mudah
Iskandar Puteri,1350000,2236.0,5.0,5.0,Terrace House,Mudah
Gelang Patah,558000,1170.0,4.0,3.0,Terrace House,Mudah
Kulai,329000,1540.0,3.0,2.0,Terrace House,Mudah
Muar,183708,1410.0,3.0,2.0,Terrace House,Mudah
Batu Pahat,428000,1540.0,4.0,3.0,Terrace House,Mudah
Johor Bahru,1280000,1804.0,0.0,0.0,Terrace House,Mudah
Skudai,695000,1400.0,4.0,3.0,Terrace House,Mudah
Johor Bahru,708000,1170.0,4.0,3.0,Terrace House,Mudah
Gelang Patah,485000,1076.0,4.0,2.0,Terrace House,Mudah
Skudai,600000,2680.0,3.0,2.0,Terrace House,Mudah
Pasir Gudang,399000,1400.0,3.0,2.0,Terrace House,Mudah
Batu Pahat,440000,2971.0,4.0,3.0,Semi-D,Mudah
Iskandar Puteri,660000,1760.0,3.0,2.0,Terrace House,Mudah
Pasir Gudang,530000,1868.0,4.0,3.0,Terrace House,Mudah
Pasir Gudang,499000,2828.0,4.0,3.0,Terrace House,Mudah
Pasir Gudang,398000,700.0,3.0,2.0,Terrace House,Mudah
Pasir Gudang,600000,1400.0,3.0,2.0,Terrace House,Mudah
Ulu Tiram,699000,1398.0,4.0,4.0,Terrace House,Mudah
Johor Bahru,688000,3745.0,4.0,2.0,Terrace House,Mudah
Skudai,399000,1100.0,3.0,2.0,Terrace House,Mudah
Kulai,338000,1044.0,3.0,1.0,Terrace House,Mudah
Kulai,425000,1829.0,3.0,2.0,Terrace House,Mudah
Skudai,500000,1300.0,3.0,2.0,Terrace House,Mudah
Johor Bahru,950000,3444.0,5.0,4.0,Terrace House,Mudah
Skudai,435000,1100.0,3.0,2.0,Terrace House,Mudah
Pasir Gudang,500000,2830.0,3.0,4.0,Terrace House,Mudah
Pasir Gudang,1300000,1800.0,5.0,6.0,Terrace House,Mudah
Johor Bahru,530000,1650.0,3.0,2.0,Terrace House,Mudah
Batu Pahat,493000,1400.0,4.0,3.0,Terrace House,Mudah
Pasir Gudang,570000,2370.0,4.0,3.0,Semi-D,Mudah
Iskandar Puteri,748000,1300.0,4.0,3.0,Terrace House,Mudah
Skudai,738000,1600.0,5.0,3.0,Terrace House,Mudah
Pasir Gudang,550000,1400.0,4.0,3.0,Terrace House,Mudah
Johor Bahru,1080000,3080.0,5.0,4.0,Semi-D,Mudah
Pasir Gudang,518000,1640.0,4.0,3.0,Terrace House,Mudah
Skudai,620000,1400.0,4.0,3.0,Terrace House,Mudah
Johor Bahru,810000,1650.0,4.0,3.0,Terrace House,Mudah
Ulu Tiram,460000,1540.0,3.0,2.0,Terrace House,Mudah
Kulai,440000,1080.0,4.0,3.0,Terrace House,Mudah
Johor Bahru,749000,3164.0,3.0,2.0,Semi-D,Mudah
Johor Bahru,490000,1540.0,3.0,3.0,Terrace House,Mudah
Pasir Gudang,495000,1400.0,4.0,3.0,Terrace House,Mudah
Pasir Gudang,419000,1170.0,4.0,3.0,Terrace House,Mudah
Kluang,480000,3121.0,3.0,2.0,Terrace House,Mudah
Johor Bahru,675000,1400.0,4.0,3.0,Terrace House,Mudah
Kulai,598000,1680.0,4.0,2.0,Terrace House,Mudah
Johor Bahru,860000,1650.0,4.0,2.0,Semi-D,Mudah
Iskandar Puteri,680000,1600.0,3.0,2.0,Terrace House,Mudah
Skudai,520000,1540.0,3.0,2.0,Terrace House,Mudah
Johor Bahru,628000,1920.0,4.0,2.0,Terrace House,Mudah
Pasir Gudang,290000,775.0,3.0,2.0,Terrace House,Mudah
Kulai,390000,1080.0,3.0,2.0,Terrace House,Mudah
Johor Bahru,1278000,1804.0,0.0,0.0,Terrace House,Mudah
Skudai,498000,1540.0,3.0,2.0,Terrace House,Mudah
Johor Bahru,1178000,1650.0,0.0,0.0,Terrace House,Mudah
Johor Bahru,808000,1680.0,4.0,4.0,Terrace House,Mudah
Skudai,640000,1540.0,4.0,3.0,Terrace House,Mudah
Iskandar Puteri,795000,1400.0,4.0,3.0,Terrace House,Mudah
Skudai,558000,1540.0,4.0,3.0,Terrace House,Mudah
Kulai,630000,1650.0,4.0,3.0,Terrace House,Mudah
Kluang,480000,3121.0,3.0,2.0,Terrace House,Mudah
Skudai,480000,1173.0,4.0,3.0,Terrace House,Mudah
Pasir Gudang,410000,1400.0,3.0,2.0,Terrace House,Mudah
Pasir Gudang,468000,1540.0,4.0,2.0,Terrace House,Mudah
Johor Bahru,585000,2864.0,3.0,2.0,Terrace House,Mudah
Johor Bahru,548000,5400.0,4.0,2.0,Bungalow,Mudah
Skudai,214000,650.0,3.0,2.0,Residential,Mudah
Kulai,410000,1540.0,3.0,2.0,Terrace House,Mudah
Kluang,420000,1400.0,4.0,3.0,Terrace House,Mudah
Iskandar Puteri,2120000,3788.0,6.0,5.0,Terrace House,Mudah
Skudai,438000,1300.0,3.0,2.0,Terrace House,Mudah
Kulai,430000,1442.0,3.0,2.0,Terrace House,Mudah
Iskandar Puteri,1300000,1800.0,5.0,4.0,Terrace House,Mudah
Johor Bahru,688000,1650.0,4.0,3.0,Terrace House,Mudah
Pasir Gudang,450000,2615.0,3.0,2.0,Terrace House,Mudah
Kulai,295000,1000.0,3.0,2.0,Residential,Mudah
Iskandar Puteri,660000,1400.0,4.0,3.0,Terrace House,Mudah
Iskandar Puteri,708000,1400.0,4.0,3.0,Terrace House,Mudah
Kulai,390000,1080.0,3.0,2.0,Terrace House,Mudah
Ulu Tiram,328000,1400.0,3.0,2.0,Residential,Mudah
Iskandar Puteri,1980000,2681.0,5.0,5.0,Semi-D,Mudah
Kulai,900000,3842.0,4.0,3.0,Semi-D,Mudah
Pasir Gudang,398000,700.0,3.0,2.0,Terrace House,Mudah
Johor Bahru,650000,1540.0,4.0,3.0,Terrace House,Mudah
Iskandar Puteri,2000000,3120.0,4.0,4.0,Terrace House,Mudah
Iskandar Puteri,1800000,2800.0,5.0,5.0,Residential,Mudah
Johor Bahru,660000,1300.0,4.0,3.0,Terrace House,Mudah
Johor Bahru,728000,1960.0,4.0,2.0,Terrace House,Mudah
Iskandar Puteri,738000,2106.0,4.0,3.0,Terrace House,Mudah
Ulu Tiram,435000,1400.0,3.0,2.0,Terrace House,Mudah
Gelang Patah,750000,1400.0,4.0,3.0,Terrace House,Mudah
Gelang Patah,858000,1800.0,4.0,4.0,Terrace House,Mudah
Kulai,750000,3875.0,4.0,3.0,Terrace House,Mudah
Ulu Tiram,1500000,2880.0,5.0,5.0,Residential,Mudah
Iskandar Puteri,588000,1080.0,3.0,2.0,Terrace House,Mudah
Skudai,320000,1000.0,2.0,2.0,Terrace House,Mudah
Iskandar Puteri,1500000,2080.0,5.0,5.0,Terrace House,Mudah
Ulu Tiram,348000,1040.0,3.0,2.0,Terrace House,Mudah
Kluang,440000,1540.0,4.0,4.0,Terrace House,Mudah
Skudai,678000,1540.0,4.0,3.0,Terrace House,Mudah
Ulu Tiram,628000,1920.0,4.0,2.0,Terrace House,Mudah
Johor Bahru,680000,1540.0,4.0,4.0,Terrace House,Mudah
Johor Bahru,480000,950.0,3.0,2.0,Residential,Mudah
Johor Bahru,780000,1540.0,4.0,4.0,Terrace House,Mudah
Pasir Gudang,340000,770.0,3.0,2.0,Terrace House,Mudah
Johor Bahru,538000,1300.0,3.0,2.0,Terrace House,Mudah
Johor Bahru,1280000,3876.0,5.0,5.0,Semi-D,Mudah
Johor Bahru,428000,1400.0,3.0,2.0,Terrace House,Mudah
Kulai,388000,1300.0,3.0,2.0,Terrace House,Mudah
Segamat,330000,1400.0,3.0,2.0,Terrace House,Mudah
Pasir Gudang,315000,1300.0,3.0,1.0,Terrace House,Mudah
Johor Bahru,665000,1400.0,4.0,3.0,Terrace House,Mudah
Gelang Patah,488000,1080.0,4.0,2.0,Terrace House,Mudah
Skudai,438000,1300.0,3.0,2.0,Terrace House,Mudah
Muar,450000,1540.0,3.0,2.0,Terrace House,Mudah
Johor Bahru,398000,700.0,3.0,2.0,Terrace House,Mudah
Johor Bahru,750000,2027.0,4.0,3.0,Terrace House,Mudah
Johor Bahru,528000,1540.0,3.0,2.0,Terrace House,Mudah
Kulai,318000,990.0,3.0,2.0,Residential,Mudah
Johor Bahru,400000,1080.0,4.0,2.0,Terrace House,Mudah
Pasir Gudang,468000,1500.0,4.0,3.0,Terrace House,Mudah
Pasir Gudang,1380000,3669.0,5.0,5.0,Semi-D,Mudah
Pasir Gudang,480000,1540.0,5.0,4.0,Terrace House,Mudah
Iskandar Puteri,1130000,1800.0,5.0,4.0,Terrace House,Mudah
Johor Bahru,790000,1400.0,4.0,3.0,Terrace House,Mudah
Johor Bahru,398000,700.0,3.0,2.0,Terrace House,Mudah
Johor Bahru,675000,1400.0,4.0,3.0,Terrace House,Mudah
Kulai,305000,770.0,2.0,1.0,Terrace House,Mudah
Permas Jaya,398000,700.0,3.0,2.0,Terrace House,Mudah
Johor Bahru,678000,1760.0,3.0,2.0,Terrace House,Mudah
Johor Bahru,858000,1300.0,4.0,4.0,Terrace House,Mudah
Johor Bahru,928000,1600.0,4.0,4.0,Terrace House,Mudah
Kluang,868000,2550.0,4.0,3.0,Residential,Mudah
Ulu Tiram,620000,1540.0,4.0,3.0,Terrace House,Mudah
Johor Bahru,2400000,1540.0,1.0,1.0,Bungalow,Mudah
Ulu Tiram,1380000,3200.0,5.0,4.0,Semi-D,Mudah
Johor Bahru,760000,1650.0,4.0,3.0,Terrace House,Mudah
Johor Bahru,838000,1540.0,4.0,4.0,Terrace House,Mudah
Johor Bahru,538000,1300.0,3.0,2.0,Terrace House,Mudah
Johor Bahru,730000,1368.0,4.0,3.0,Terrace House,Mudah
Johor Bahru,2700000,3330.0,6.0,7.0,Bungalow,Mudah
Johor Bahru,820000,1540.0,4.0,3.0,Terrace House,Mudah
Johor Bahru,398000,990.0,3.0,2.0,Terrace House,Mudah
Pasir Gudang,858000,3143.0,4.0,3.0,Terrace House,Mudah
Johor Bahru,690000,1400.0,4.0,3.0,Terrace House,Mudah
Johor Bahru,440000,1300.0,3.0,2.0,Terrace House,Mudah
Pasir Gudang,530000,1400.0,3.0,3.0,Terrace House,Mudah
Ulu Tiram,680000,1920.0,4.0,3.0,Terrace House,Mudah
Gelang Patah,538000,1170.0,4.0,3.0,Terrace House,Mudah
Johor Bahru,1080000,1800.0,4.0,3.0,Terrace House,Mudah
Ulu Tiram,398000,770.0,3.0,3.0,Terrace House,Mudah
Ulu Tiram,4500000,1540.0,5.0,4.0,Bungalow,Mudah
Ulu Tiram,688000,1760.0,5.0,4.0,Terrace House,Mudah
Ulu Tiram,1230000,2720.0,6.0,5.0,Residential,Mudah
Johor Bahru,678000,1540.0,4.0,3.0,Terrace House,Mudah
Johor Bahru,508000,1400.0,3.0,2.0,Terrace House,Mudah
Johor Bahru,718000,1540.0,4.0,3.0,Terrace House,Mudah
Muar,175000,1084.0,2.0,1.0,Terrace House,Mudah
Pasir Gudang,358000,775.0,4.0,3.0,Terrace House,Mudah
Ulu Tiram,488000,1080.0,4.0,3.0,Terrace House,Mudah
Johor Bahru,578000,1540.0,4.0,3.0,Terrace House,Mudah
Johor Bahru,650000,1400.0,4.0,4.0,Terrace House,Mudah
Pasir Gudang,468000,1540.0,4.0,3.0,Terrace House,Mudah
Johor Bahru,720000,1540.0,4.0,3.0,Terrace House,Mudah
Ulu Tiram,348000,1040.0,3.0,2.0,Terrace House,Mudah
Pasir Gudang,550000,1400.0,4.0,3.0,Terrace House,Mudah
Johor Bahru,820000,1540.0,4.0,3.0,Terrace House,Mudah
Batu Pahat,354000,1540.0,4.0,3.0,Terrace House,Mudah
Ulu Tiram,498000,1540.0,3.0,2.0,Terrace House,Mudah
Johor Bahru,2380000,1540.0,7.0,6.0,Bungalow,Mudah
Johor Bahru,690000,1400.0,4.0,3.0,Terrace House,Mudah
Pasir Gudang,425000,2378.0,3.0,2.0,Terrace House,Mudah
Ulu Tiram,988000,3200.0,4.0,3.0,Terrace House,Mudah
Kluang,190000,840.0,3.0,2.0,Terrace House,Mudah
Johor Bahru,650000,1400.0,4.0,3.0,Terrace House,Mudah
Johor Bahru,838000,1760.0,3.0,2.0,Terrace House,Mudah
Iskandar Puteri,1180000,1540.0,4.0,4.0,Terrace House,Mudah
Johor Bahru,678000,1540.0,4.0,3.0,Terrace House,Mudah
Skudai,676000,1540.0,4.0,3.0,Terrace House,Mudah
Pasir Gudang,290000,1800.0,3.0,2.0,Terrace House,Mudah
Batu Pahat,188000,829.0,2.0,2.0,Terrace House,Mudah
Kulai,580000,1540.0,4.0,3.0,Terrace House,Mudah
Johor Bahru,348000,1040.0,3.0,2.0,Terrace House,Mudah
Johor Bahru,798000,3345.0,4.0,3.0,Semi-D,Mudah
Johor Bahru,638000,1170.0,3.0,3.0,Terrace House,Mudah
Johor Bahru,1250000,3200.0,4.0,3.0,Semi-D,Mudah
Johor Bahru,1020000,1800.0,5.0,4.0,Terrace House,Mudah
Pontian,299000,770.0,3.0,1.0,Terrace House,Mudah
Pasir Gudang,399000,880.0,3.0,3.0,Terrace House,Mudah
Kulai,460000,1400.0,3.0,2.0,Terrace House,Mudah
Johor Bahru,650000,1650.0,4.0,3.0,Terrace House,Mudah
Johor Bahru,798000,2380.0,5.0,4.0,Terrace House,Mudah
Kluang,450000,1400.0,4.0,3.0,Terrace House,Mudah
Skudai,815000,1300.0,4.0,3.0,Terrace House,Mudah
Pasir Gudang,538000,1300.0,4.0,3.0,Terrace House,Mudah
Pasir Gudang,390000,1400.0,3.0,2.0,Terrace House,Mudah
Pasir Gudang,658000,1680.0,4.0,3.0,Terrace House,Mudah
Johor Bahru,1600000,8137.0,6.0,4.0,Semi-D,Mudah
Kluang,380000,2940.0,3.0,2.0,Terrace House,Mudah
Gelang Patah,638000,1200.0,4.0,3.0,Terrace House,Mudah
Johor Bahru,778000,1650.0,4.0,3.0,Terrace House,Mudah
Skudai,423000,1300.0,3.0,2.0,Terrace House,Mudah
Ulu Tiram,358000,770.0,2.0,2.0,Terrace House,Mudah
Kulai,298000,1000.0,3.0,2.0,Residential,Mudah
Ulu Tiram,999000,2940.0,5.0,4.0,Semi-D,Mudah
Kulai,295600,1300.0,3.0,2.0,Terrace House,Mudah
Johor Bahru,620000,1170.0,4.0,3.0,Terrace House,Mudah
Ulu Tiram,405000,2040.0,4.0,3.0,Terrace House,Mudah
Skudai,480000,1540.0,3.0,2.0,Terrace House,Mudah
Johor Bahru,698000,1170.0,4.0,3.0,Terrace House,Mudah
Kulai,950000,3040.0,5.0,4.0,Semi-D,Mudah
Pasir Gudang,414000,1668.0,4.0,3.0,Terrace House,Mudah
Skudai,790000,3200.0,5.0,4.0,Semi-D,Mudah
Johor Bahru,890000,1600.0,4.0,3.0,Terrace House,Mudah
Kluang,450000,1400.0,4.0,3.0,Terrace House,Mudah
Skudai,400000,1253.0,3.0,2.0,Terrace House,Mudah
Iskandar Puteri,775000,1400.0,4.0,3.0,Terrace House,Mudah
Pasir Gudang,570000,2370.0,4.0,2.0,Terrace House,Mudah
Kulai,490000,1400.0,3.0,2.0,Terrace House,Mudah
Johor Bahru,1950000,3579.0,5.0,5.0,Residential,Mudah
Muar,395000,3053.0,4.0,2.0,Semi-D,Mudah
Pasir Gudang,495000,1400.0,4.0,3.0,Terrace House,Mudah
Johor Bahru,2100000,5095.0,6.0,7.0,Semi-D,Mudah
Kulai,460000,1076.0,3.0,3.0,Terrace House,Mudah
Pasir Gudang,460000,1980.0,3.0,2.0,Terrace House,Mudah
Johor Bahru,1400000,5231.0,4.0,4.0,Semi-D,Mudah
Pasir Gudang,809000,2604.0,4.0,3.0,Terrace House,Mudah
Skudai,1100000,2750.0,4.0,4.0,Residential,Mudah
Iskandar Puteri,1450000,4671.0,4.0,4.0,Terrace House,Mudah
Skudai,628000,1920.0,4.0,2.0,Terrace House,Mudah
Ulu Tiram,393000,3200.0,3.0,2.0,Semi-D,Mudah
Batu Pahat,460000,1540.0,4.0,4.0,Terrace House,Mudah
Skudai,158000,635.0,3.0,2.0,Residential,Mudah
Pasir Gudang,358000,1300.0,2.0,2.0,Terrace House,Mudah
Johor Bahru,398000,990.0,3.0,2.0,Terrace House,Mudah
Pasir Gudang,360000,960.0,4.0,3.0,Terrace House,Mudah
Skudai,938000,1920.0,4.0,3.0,Terrace House,Mudah
Gelang Patah,740000,2552.0,4.0,3.0,Terrace House,Mudah
Johor Bahru,1000000,6000.0,3.0,4.0,Bungalow,Mudah
Johor Bahru,398000,1300.0,3.0,2.0,Terrace House,Mudah
Muar,638000,1562.0,4.0,3.0,Terrace House,Mudah
Kluang,585000,3062.0,4.0,3.0,Terrace House,Mudah
Batu Pahat,750000,3200.0,4.0,3.0,Semi-D,Mudah
Batu Pahat,496400,2934.0,3.0,2.0,Semi-D,Mudah
Iskandar Puteri,590000,1170.0,4.0,3.0,Terrace House,Mudah
Johor Bahru,495000,1540.0,3.0,2.0,Terrace House,Mudah
Ulu Tiram,348000,1040.0,3.0,2.0,Terrace House,Mudah
Ulu Tiram,768000,1760.0,5.0,3.0,Terrace House,Mudah
Pasir Gudang,570000,2370.0,4.0,2.0,Terrace House,Mudah
Pasir Gudang,300000,839.0,3.0,2.0,Terrace House,Mudah
Pasir Gudang,345000,770.0,3.0,2.0,Terrace House,Mudah
Skudai,526000,1500.0,4.0,3.0,Terrace House,Mudah
Muar,390000,2518.0,3.0,2.0,Semi-D,Mudah
Kulai,250000,1668.0,3.0,2.0,Terrace House,Mudah
Kulai,468000,1540.0,3.0,2.0,Terrace House,Mudah
Iskandar Puteri,1720000,2580.0,4.0,5.0,Residential,Mudah
Johor Bahru,418000,825.0,3.0,2.0,Terrace House,Mudah
Kluang,280000,1600.0,3.0,2.0,Terrace House,Mudah
Kluang,160000,956.0,3.0,1.0,Terrace House,Mudah
Batu Pahat,465800,3279.0,4.0,2.0,Semi-D,Mudah
Batu Pahat,587432,3600.0,4.0,3.0,Semi-D,Mudah
Ulu Tiram,378000,770.0,3.0,2.0,Terrace House,Mudah
Skudai,1700000,4050.0,4.0,5.0,Semi-D,Mudah
Kulai,430000,1300.0,3.0,2.0,Terrace House,Mudah
Johor Bahru,1550000,3222.0,4.0,3.0,Semi-D,Mudah
Skudai,380000,1254.0,2.0,2.0,Terrace House,Mudah
Skudai,550000,1650.0,3.0,2.0,Terrace House,Mudah
Skudai,828000,1870.0,5.0,4.0,Terrace House,Mudah
Batu Pahat,390000,3444.0,3.0,2.0,Semi-D,Mudah
Johor Bahru,675000,1400.0,4.0,3.0,Terrace House,Mudah
Johor Bahru,520000,1500.0,3.0,1.0,Terrace House,Mudah
Iskandar Puteri,775000,1400.0,4.0,3.0,Terrace House,Mudah
Johor Bahru,520000,1500.0,4.0,2.0,Terrace House,Mudah
Johor Bahru,700000,4407.0,3.0,2.0,Semi-D,Mudah
Pasir Gudang,299000,775.0,3.0,2.0,Terrace House,Mudah
Pasir Gudang,339000,1400.0,3.0,2.0,Terrace House,Mudah
Kluang,220000,1700.0,4.0,2.0,Terrace House,Mudah
Pasir Gudang,400000,960.0,3.0,2.0,Terrace House,Mudah
Pasir Gudang,240000,816.0,2.0,1.0,Terrace House,Mudah
Johor Bahru,508000,1400.0,3.0,5.0,Terrace House,Mudah
Ulu Tiram,340000,700.0,3.0,2.0,Terrace House,Mudah
Gelang Patah,428000,1400.0,3.0,2.0,Terrace House,Mudah
Pasir Gudang,419000,1650.0,3.0,2.0,Terrace House,Mudah
Pasir Gudang,350000,1400.0,3.0,2.0,Terrace House,Mudah
Ulu Tiram,475000,1400.0,3.0,2.0,Terrace House,Mudah
Pasir Gudang,295000,770.0,3.0,2.0,Terrace House,Mudah
Skudai,490000,1400.0,4.0,2.0,Terrace House,Mudah
Skudai,370000,775.0,2.0,1.0,Terrace House,Mudah
Kluang,598000,3047.0,4.0,3.0,Terrace House,Mudah
Johor Bahru,630000,1300.0,3.0,2.0,Terrace House,Mudah
Skudai,399000,1100.0,3.0,2.0,Terrace House,Mudah
Johor Bahru,430000,1300.0,3.0,2.0,Terrace House,Mudah
Pontian,299000,770.0,3.0,1.0,Terrace House,Mudah
Pasir Gudang,465000,1080.0,4.0,3.0,Terrace House,Mudah
Muar,1000000,2950.0,4.0,3.0,Terrace House,Mudah
Johor Bahru,900000,1600.0,4.0,3.0,Terrace House,Mudah
Skudai,399000,1100.0,3.0,2.0,Terrace House,Mudah
Johor Bahru,630000,1798.0,4.0,3.0,Terrace House,Mudah
Pasir Gudang,858000,3143.0,4.0,3.0,Terrace House,Mudah
Ulu Tiram,650000,1800.0,4.0,3.0,Terrace House,Mudah
Ulu Tiram,348000,1040.0,3.0,2.0,Terrace House,Mudah
Muar,230000,1540.0,3.0,2.0,Terrace House,Mudah
Kulai,468000,1540.0,3.0,2.0,Terrace House,Mudah
Ulu Tiram,346000,1040.0,3.0,2.0,Terrace House,Mudah
Skudai,878000,2600.0,4.0,3.0,Terrace House,Mudah
Iskandar Puteri,2880000,3600.0,4.0,4.0,Residential,Mudah
Johor Bahru,808000,1680.0,4.0,4.0,Terrace House,Mudah
Johor Bahru,695000,1575.0,4.0,3.0,Terrace House,Mudah
Kluang,215000,1076.0,3.0,1.0,Terrace House,Mudah
Pasir Gudang,468000,1500.0,4.0,3.0,Terrace House,Mudah
Kulai,499000,1540.0,4.0,2.0,Terrace House,Mudah
Pasir Gudang,295000,770.0,3.0,2.0,Terrace House,Mudah
Kulai,390000,1540.0,3.0,2.0,Terrace House,Mudah
Iskandar Puteri,850000,1400.0,4.0,3.0,Terrace House,Mudah
Johor Bahru,1980000,4500.0,6.0,5.0,Terrace House,Mudah
Skudai,768000,1540.0,4.0,3.0,Terrace House,Mudah
Batu Pahat,256000,770.0,3.0,2.0,Terrace House,Mudah
Johor Bahru,700000,1300.0,4.0,3.0,Terrace House,Mudah
Kluang,518000,1540.0,4.0,3.0,Terrace House,Mudah
Skudai,858000,3143.0,4.0,3.0,Terrace House,Mudah
Skudai,818000,1800.0,4.0,3.0,Terrace House,Mudah
Johor Bahru,688000,1800.0,3.0,2.0,Terrace House,Mudah
Kulai,418000,1080.0,3.0,2.0,Terrace House,Mudah
Batu Pahat,1150000,2600.0,4.0,3.0,Terrace House,Mudah
Kulai,478000,1088.0,4.0,3.0,Terrace House,Mudah
Kluang,444690,5834.0,4.0,3.0,Terrace House,Mudah
Skudai,598000,1540.0,4.0,3.0,Terrace House,Mudah
Ulu Tiram,348000,1040.0,3.0,2.0,Terrace House,Mudah
Pasir Gudang,538000,2200.0,5.0,3.0,Terrace House,Mudah
Kulai,298000,900.0,3.0,2.0,Terrace House,Mudah
Skudai,418000,770.0,3.0,2.0,Terrace House,Mudah
Skudai,1350000,3080.0,5.0,4.0,Terrace House,Mudah
Iskandar Puteri,1450000,2240.0,4.0,3.0,Residential,Mudah
Iskandar Puteri,888000,2940.0,4.0,3.0,Terrace House,Mudah
Kulai,360000,770.0,3.0,2.0,Terrace House,Mudah
Johor Bahru,530000,1400.0,3.0,3.0,Terrace House,Mudah
Johor Bahru,650000,1540.0,4.0,3.0,Terrace House,Mudah
Pasir Gudang,388000,1540.0,3.0,2.0,Terrace House,Mudah
Kluang,425000,7615.0,3.0,2.0,Bungalow,Mudah
Kulai,548000,1170.0,4.0,3.0,Terrace House,Mudah
Ulu Tiram,348000,1040.0,3.0,2.0,Terrace House,Mudah
Muar,395000,3053.0,4.0,2.0,Semi-D,Mudah
Pasir Gudang,388000,770.0,3.0,2.0,Terrace House,Mudah
Muar,438000,1300.0,3.0,2.0,Terrace House,Mudah
Johor Bahru,388000,750.0,3.0,2.0,Terrace House,Mudah
Skudai,465000,1080.0,3.0,2.0,Terrace House,Mudah
Gelang Patah,295000,574.0,1.0,1.0,Residential,Mudah
Johor Bahru,530000,1540.0,3.0,2.0,Terrace House,Mudah
Pasir Gudang,448000,1080.0,3.0,4.0,Terrace House,Mudah
Kluang,240000,1430.0,3.0,2.0,Terrace House,Mudah
Pasir Gudang,675000,1359.0,5.0,2.0,Terrace House,Mudah
Pasir Gudang,465000,1170.0,4.0,3.0,Terrace House,Mudah
Johor Bahru,768000,1760.0,3.0,2.0,Terrace House,Mudah
Johor Bahru,890000,5263.0,4.0,3.0,Terrace House,Mudah
Pasir Gudang,468000,1540.0,4.0,2.0,Terrace House,Mudah
Johor Bahru,3250000,6690.0,6.0,7.0,Bungalow,Mudah
Johor Bahru,980000,1920.0,4.0,4.0,Terrace House,Mudah
Pasir Gudang,560000,1170.0,4.0,3.0,Terrace House,Mudah
Pasir Gudang,858000,3143.0,4.0,3.0,Terrace House,Mudah
Skudai,530000,1170.0,4.0,3.0,Terrace House,Mudah
Pontian,299000,770.0,3.0,1.0,Terrace House,Mudah
Pasir Gudang,500000,1500.0,4.0,3.0,Terrace House,Mudah
Johor Bahru,695000,1170.0,4.0,3.0,Terrace House,Mudah
Johor Bahru,650000,1800.0,4.0,3.0,Terrace House,Mudah
Johor Bahru,698000,1173.0,4.0,3.0,Terrace House,Mudah
Johor Bahru,758000,1400.0,4.0,3.0,Terrace House,Mudah
Johor Bahru,355000,876.0,2.0,1.0,Terrace House,Mudah
Pasir Gudang,478000,2292.0,3.0,2.0,Terrace House,Mudah
Ulu Tiram,460000,1540.0,3.0,2.0,Terrace House,Mudah
Pasir Gudang,159000,689.0,3.0,2.0,Residential,Mudah
Pasir Gudang,459000,1194.0,4.0,3.0,Terrace House,Mudah
Johor Bahru,1900000,2975.0,4.0,3.0,Semi-D,Mudah
Iskandar Puteri,660000,1400.0,4.0,3.0,Terrace House,Mudah
Johor Bahru,670000,1945.0,3.0,2.0,Terrace House,Mudah
Johor Bahru,880000,1920.0,4.0,3.0,Terrace House,Mudah
Skudai,320000,1253.0,3.0,2.0,Terrace House,Mudah
Pasir Gudang,570000,2370.0,4.0,2.0,Terrace House,Mudah
Johor Bahru,668000,1170.0,4.0,3.0,Terrace House,Mudah
Kulai,380000,1540.0,4.0,2.0,Terrace House,Mudah
Kulai,560000,1540.0,4.0,3.0,Terrace House,Mudah
Ulu Tiram,598000,1080.0,4.0,3.0,Terrace House,Mudah
Ulu Tiram,395000,1540.0,3.0,2.0,Terrace House,Mudah
Kulai,650000,4114.0,3.0,2.0,Terrace House,Mudah
Pasir Gudang,575000,1300.0,4.0,3.0,Terrace House,Mudah
Pasir Gudang,863000,3197.0,4.0,4.0,Semi-D,Mudah
Kluang,618000,1800.0,4.0,3.0,Terrace House,Mudah
Kulai,335000,1300.0,3.0,2.0,Terrace House,Mudah
Kulai,300000,1300.0,3.0,2.0,Terrace House,Mudah
Pasir Gudang,388000,1000.0,3.0,2.0,Terrace House,Mudah
Ulu Tiram,348000,1040.0,3.0,2.0,Terrace House,Mudah
Johor Bahru,950000,2077.0,4.0,3.0,Terrace House,Mudah
Skudai,498000,1540.0,3.0,2.0,Terrace House,Mudah
Kluang,336000,1646.0,4.0,3.0,Terrace House,Mudah
Johor Bahru,1550000,3222.0,4.0,3.0,Semi-D,Mudah
Skudai,838000,1300.0,4.0,4.0,Terrace House,Mudah
Pasir Gudang,499000,1650.0,3.0,2.0,Terrace House,Mudah
Batu Pahat,430000,2600.0,3.0,3.0,Terrace House,Mudah
Skudai,535000,1540.0,3.0,2.0,Terrace House,Mudah
Batu Pahat,350000,1540.0,5.0,2.0,Terrace House,Mudah
Johor Bahru,628000,1920.0,4.0,2.0,Terrace House,Mudah
Pasir Gudang,385000,1400.0,3.0,2.0,Terrace House,Mudah
Skudai,450000,1500.0,3.0,2.0,Terrace House,Mudah
Johor Bahru,749000,3164.0,3.0,2.0,Semi-D,Mudah
Skudai,510000,1430.0,4.0,3.0,Terrace House,Mudah
Skudai,480000,1170.0,4.0,3.0,Terrace House,Mudah
Skudai,530000,1170.0,4.0,3.0,Terrace House,Mudah
Iskandar Puteri,668000,1400.0,4.0,3.0,Terrace House,Mudah
Johor Bahru,330000,1100.0,3.0,1.0,Terrace House,Mudah
Pasir Gudang,393000,1301.0,3.0,2.0,Terrace House,Mudah
Pasir Gudang,398000,960.0,4.0,3.0,Terrace House,Mudah
Pasir Gudang,399000,1400.0,4.0,3.0,Terrace House,Mudah
Kulai,418000,1400.0,3.0,2.0,Terrace House,Mudah
Johor Bahru,418000,825.0,3.0,2.0,Terrace House,Mudah
Pasir Gudang,355000,770.0,3.0,2.0,Terrace House,Mudah
Pasir Gudang,465000,1300.0,4.0,3.0,Terrace House,Mudah
Pasir Gudang,450000,1175.0,4.0,3.0,Terrace House,Mudah
Gelang Patah,565000,1676.0,4.0,2.0,Terrace House,Mudah
Kluang,190000,840.0,3.0,2.0,Terrace House,Mudah
Pasir Gudang,419000,1170.0,4.0,3.0,Terrace House,Mudah
Kluang,460000,2600.0,4.0,2.0,Terrace House,Mudah
Muar,175000,1084.0,2.0,1.0,Terrace House,Mudah
Pasir Gudang,419000,1650.0,3.0,2.0,Terrace House,Mudah
Johor Bahru,700000,1300.0,4.0,3.0,Terrace House,Mudah
Kulai,170000,1300.0,3.0,2.0,Terrace House,Mudah
Kulai,530000,1400.0,4.0,3.0,Terrace House,Mudah
Kulai,640000,3197.0,4.0,3.0,Semi-D,Mudah
Johor Bahru,788000,1400.0,4.0,3.0,Terrace House,Mudah
Iskandar Puteri,1380000,1540.0,4.0,3.0,Terrace House,Mudah
Johor Bahru,1200000,3000.0,4.0,3.0,Terrace House,Mudah
Iskandar Puteri,838000,1800.0,4.0,4.0,Terrace House,Mudah
Batu Pahat,340000,1540.0,3.0,2.0,Terrace House,Mudah
Pasir Gudang,468000,1540.0,4.0,2.0,Terrace House,Mudah
Skudai,567000,1400.0,4.0,3.0,Terrace House,Mudah
Pasir Gudang,520000,1400.0,4.0,3.0,Terrace House,Mudah
Kluang,627000,2895.0,5.0,4.0,Terrace House,Mudah
Pasir Gudang,499000,2828.0,4.0,3.0,Terrace House,Mudah
Johor Bahru,510000,1540.0,3.0,2.0,Terrace House,Mudah
Johor Bahru,1500000,3080.0,6.0,5.0,Residential,Mudah
Johor Bahru,850000,2200.0,4.0,3.0,Terrace House,Mudah
Pasir Gudang,459000,1194.0,4.0,3.0,Terrace House,Mudah
Johor Bahru,1800000,4185.0,4.0,3.0,Semi-D,Mudah
Johor Bahru,850000,1430.0,6.0,3.0,Terrace House,Mudah
Skudai,510000,1430.0,4.0,3.0,Terrace House,Mudah
Johor Bahru,628000,1760.0,4.0,3.0,Terrace House,Mudah
Gelang Patah,1200000,2454.0,5.0,5.0,Residential,Mudah
Kulai,400000,1800.0,3.0,2.0,Terrace House,Mudah
Pasir Gudang,445000,1400.0,4.0,3.0,Terrace House,Mudah
Johor Bahru,690000,1400.0,4.0,3.0,Terrace House,Mudah
Johor Bahru,688000,1170.0,4.0,3.0,Terrace House,Mudah
Kulai,260000,1540.0,3.0,2.0,Terrace House,Mudah
Ulu Tiram,438000,1540.0,3.0,2.0,Terrace House,Mudah
Pasir Gudang,399000,1400.0,3.0,2.0,Terrace House,Mudah
Kulai,338000,1044.0,3.0,1.0,Terrace House,Mudah
Iskandar Puteri,775000,1400.0,4.0,3.0,Terrace House,Mudah
Johor Bahru,798000,1300.0,4.0,3.0,Terrace House,Mudah
Kluang,575000,4337.0,4.0,3.0,Terrace House,Mudah
Johor Bahru,850000,2800.0,4.0,3.0,Semi-D,Mudah
Pasir Gudang,465000,1080.0,4.0,3.0,Terrace House,Mudah
Johor Bahru,565000,1540.0,3.0,2.0,Terrace House,Mudah
Kulai,650000,4114.0,3.0,2.0,Terrace House,Mudah
Gelang Patah,508000,1170.0,4.0,3.0,Terrace House,Mudah
Skudai,650000,1540.0,4.0,3.0,Terrace House,Mudah
Johor Bahru,540000,1540.0,3.0,3.0,Terrace House,Mudah
Johor Bahru,708000,1170.0,4.0,3.0,Terrace House,Mudah
Ulu Tiram,395000,1540.0,4.0,2.0,Terrace House,Mudah
Johor Bahru,749000,3164.0,3.0,2.0,Semi-D,Mudah
Skudai,480000,1173.0,4.0,3.0,Terrace House,Mudah
Johor Bahru,658000,1540.0,4.0,3.0,Terrace House,Mudah
Johor Bahru,698000,1170.0,4.0,3.0,Terrace House,Mudah
Johor Bahru,758000,1400.0,4.0,3.0,Terrace House,Mudah
Johor Bahru,650000,1300.0,2.0,2.0,Terrace House,Mudah
Johor Bahru,700000,1300.0,4.0,3.0,Terrace House,Mudah
Johor Bahru,638000,1170.0,4.0,3.0,Terrace House,Mudah
Johor Bahru,1200000,2400.0,4.0,3.0,Terrace House,Mudah
Skudai,630000,1400.0,4.0,3.0,Terrace House,Mudah
Skudai,535000,1170.0,4.0,3.0,Terrace House,Mudah
Muar,750000,1800.0,4.0,3.0,Semi-D,Mudah
Skudai,459000,1400.0,3.0,3.0,Terrace House,Mudah
Kulai,448000,1180.0,4.0,3.0,Terrace House,Mudah
Gelang Patah,720000,2100.0,4.0,4.0,Terrace House,Mudah
Skudai,428000,770.0,3.0,2.0,Terrace House,Mudah
Iskandar Puteri,740000,2552.0,4.0,3.0,Terrace House,Mudah
Skudai,770000,1430.0,4.0,4.0,Terrace House,Mudah
Kulai,468000,1800.0,4.0,2.0,Terrace House,Mudah
Iskandar Puteri,718000,1800.0,4.0,3.0,Terrace House,Mudah
Kulai,430000,1300.0,3.0,2.0,Terrace House,Mudah
Pasir Gudang,575000,1300.0,4.0,3.0,Terrace House,Mudah
Ulu Tiram,558000,1650.0,3.0,3.0,Terrace House,Mudah
Skudai,428000,770.0,3.0,2.0,Terrace House,Mudah
Skudai,393000,775.0,3.0,2.0,Terrace House,Mudah
Skudai,320000,1253.0,3.0,2.0,Terrace House,Mudah
Ulu Tiram,475000,1400.0,3.0,2.0,Terrace House,Mudah
Skudai,330000,775.0,2.0,2.0,Terrace House,Mudah
Skudai,438000,1300.0,3.0,2.0,Terrace House,Mudah
Pasir Gudang,399000,1400.0,3.0,2.0,Terrace House,Mudah
Pasir Gudang,699000,3200.0,4.0,3.0,Terrace House,Mudah
Kulai,330000,1012.0,3.0,2.0,Residential,Mudah
Johor Bahru,495000,1540.0,3.0,2.0,Terrace House,Mudah
Iskandar Puteri,1550000,2975.0,5.0,4.0,Semi-D,Mudah
Johor Bahru,520000,1170.0,4.0,3.0,Terrace House,Mudah
Kulai,298000,1560.0,3.0,2.0,Terrace House,Mudah
Kluang,273000,1540.0,3.0,2.0,Terrace House,Mudah
Johor Bahru,799000,1300.0,4.0,3.0,Terrace House,Mudah
Batu Pahat,256000,770.0,3.0,2.0,Terrace House,Mudah
Johor Bahru,700000,4407.0,3.0,2.0,Semi-D,Mudah
Kluang,250000,1540.0,3.0,2.0,Terrace House,Mudah
Iskandar Puteri,788000,1400.0,4.0,3.0,Terrace House,Mudah
Ulu Tiram,358000,770.0,2.0,2.0,Terrace House,Mudah
Skudai,350000,1000.0,2.0,2.0,Terrace House,Mudah
Pasir Gudang,490000,1400.0,4.0,3.0,Terrace House,Mudah
Ulu Tiram,372000,732.0,3.0,2.0,Terrace House,Mudah
Pasir Gudang,382000,1301.0,3.0,2.0,Terrace House,Mudah
Skudai,567000,1400.0,4.0,3.0,Terrace House,Mudah
Pasir Gudang,365000,775.0,3.0,2.0,Terrace House,Mudah
Skudai,680000,1540.0,4.0,3.0,Terrace House,Mudah
Kluang,475000,1400.0,4.0,3.0,Terrace House,Mudah
Kulai,338000,1044.0,3.0,1.0,Terrace House,Mudah
Skudai,580000,1170.0,4.0,3.0,Terrace House,Mudah
Johor Bahru,1080000,3500.0,6.0,5.0,Terrace House,Mudah
Skudai,620000,1300.0,4.0,3.0,Terrace House,Mudah
Ulu Tiram,370000,814.0,3.0,2.0,Terrace House,Mudah
Johor Bahru,790000,1540.0,5.0,3.0,Terrace House,Mudah
Skudai,1850000,3758.0,6.0,4.0,Terrace House,Mudah
Johor Bahru,1250000,2240.0,5.0,4.0,Residential,Mudah
Johor Bahru,758000,1400.0,4.0,3.0,Terrace House,Mudah
Gelang Patah,788000,2450.0,4.0,4.0,Residential,Mudah
Kluang,398000,4504.0,3.0,2.0,Semi-D,Mudah
Johor Bahru,648000,1540.0,4.0,4.0,Terrace House,Mudah
Ulu Tiram,660000,1400.0,4.0,3.0,Terrace House,Mudah
Skudai,649000,1300.0,4.0,3.0,Terrace House,Mudah
Kulai,510000,2457.0,3.0,2.0,Terrace House,Mudah
Kulai,550000,1540.0,4.0,3.0,Terrace House,Mudah
Johor Bahru,718000,1920.0,3.0,3.0,Terrace House,Mudah
Johor Bahru,799000,1540.0,4.0,3.0,Terrace House,Mudah
Skudai,740000,2535.0,4.0,3.0,Terrace House,Mudah
Skudai,548000,1400.0,4.0,3.0,Terrace House,Mudah
Pasir Gudang,450000,1173.0,4.0,3.0,Terrace House,Mudah
Pasir Gudang,495000,1400.0,4.0,3.0,Terrace House,Mudah
Johor Bahru,930000,1540.0,4.0,4.0,Terrace House,Mudah
Johor Bahru,480000,1170.0,4.0,3.0,Terrace House,Mudah
Skudai,588000,1540.0,4.0,3.0,Terrace House,Mudah
Johor Bahru,1080000,7803.0,8.0,3.0,Bungalow,Mudah
Skudai,380000,1600.0,3.0,2.0,Terrace House,Mudah
Skudai,500000,1440.0,3.0,2.0,Terrace House,Mudah
Johor Bahru,1300000,2532.0,4.0,3.0,Semi-D,Mudah
Johor Bahru,758000,1400.0,4.0,3.0,Terrace House,Mudah
Johor Bahru,575000,1540.0,3.0,2.0,Terrace House,Mudah
Johor Bahru,688000,1540.0,4.0,3.0,Terrace House,Mudah
Skudai,658000,1560.0,4.0,4.0,Terrace House,Mudah
Johor Bahru,768000,1650.0,4.0,3.0,Terrace House,Mudah
Skudai,450000,1496.0,3.0,2.0,Terrace House,Mudah
Skudai,680000,4197.0,6.0,4.0,Terrace House,Mudah
Johor Bahru,698000,1920.0,4.0,2.0,Terrace House,Mudah
Kulai,205000,594.0,3.0,1.0,Terrace House,Mudah
Skudai,480000,1170.0,4.0,3.0,Terrace House,Mudah
Johor Bahru,920000,2600.0,4.0,3.0,Terrace House,Mudah
Pasir Gudang,680000,2940.0,4.0,3.0,Terrace House,Mudah
Skudai,580000,1540.0,4.0,3.0,Terrace House,Mudah
Johor Bahru,968000,2100.0,5.0,4.0,Terrace House,Mudah
Johor Bahru,760000,1700.0,4.0,3.0,Terrace House,Mudah
Kluang,383000,1650.0,4.0,3.0,Terrace House,Mudah
Skudai,468000,1750.0,3.0,2.0,Terrace House,Mudah
Pasir Gudang,388000,1400.0,3.0,2.0,Terrace House,Mudah
Johor Bahru,1100000,3057.0,4.0,4.0,Terrace House,Mudah
Johor Bahru,780000,1400.0,4.0,4.0,Terrace House,Mudah
Skudai,330000,1040.0,2.0,1.0,Terrace House,Mudah
Ulu Tiram,470000,1450.0,3.0,2.0,Terrace House,Mudah
Skudai,475000,1540.0,3.0,2.0,Terrace House,Mudah
Johor Bahru,598000,1302.0,4.0,3.0,Terrace House,Mudah
Kulai,490000,1400.0,2.0,3.0,Terrace House,Mudah
Ulu Tiram,358000,1040.0,3.0,2.0,Terrace House,Mudah
Kulai,530000,1400.0,4.0,3.0,Terrace House,Mudah
Kulai,550000,1408.0,4.0,3.0,Terrace House,Mudah
Ulu Tiram,515000,1540.0,4.0,3.0,Terrace House,Mudah
Pasir Gudang,315000,775.0,3.0,2.0,Terrace House,Mudah
Kulai,480000,1400.0,4.0,3.0,Terrace House,Mudah
Pasir Gudang,499000,1400.0,3.0,3.0,Terrace House,Mudah
Gelang Patah,610000,1170.0,4.0,3.0,Terrace House,Mudah
Pasir Gudang,490000,2217.0,3.0,2.0,Terrace House,Mudah
Pasir Gudang,600000,1760.0,3.0,2.0,Terrace House,Mudah
Pasir Gudang,375000,960.0,3.0,2.0,Terrace House,Mudah
Kluang,480000,3121.0,3.0,2.0,Terrace House,Mudah
Skudai,510000,1430.0,3.0,3.0,Terrace House,Mudah
Johor Bahru,535000,1540.0,3.0,2.0,Terrace House,Mudah
Kluang,380000,1400.0,3.0,2.0,Terrace House,Mudah
Skudai,315000,1001.0,3.0,2.0,Terrace House,Mudah
Kulai,640000,3197.0,4.0,3.0,Semi-D,Mudah
Skudai,565000,1650.0,4.0,3.0,Terrace House,Mudah
Pasir Gudang,550000,1650.0,3.0,2.0,Terrace House,Mudah
Pasir Gudang,460000,1400.0,3.0,3.0,Terrace House,Mudah
Johor Bahru,500000,1400.0,3.0,2.0,Terrace House,Mudah
Kulai,565000,1080.0,4.0,3.0,Terrace House,Mudah
Pasir Gudang,443000,1560.0,3.0,5.0,Terrace House,Mudah
Pasir Gudang,575000,1300.0,4.0,3.0,Terrace House,Mudah
Pasir Gudang,299000,775.0,3.0,2.0,Terrace House,Mudah
Pasir Gudang,488000,2088.0,3.0,2.0,Terrace House,Mudah
Johor Bahru,490000,1540.0,3.0,3.0,Terrace House,Mudah
Ulu Tiram,615000,3099.0,3.0,2.0,Terrace House,Mudah
Johor Bahru,700000,4407.0,3.0,2.0,Semi-D,Mudah
Pasir Gudang,468000,1540.0,4.0,2.0,Terrace House,Mudah
Pasir Gudang,445000,1400.0,4.0,3.0,Terrace House,Mudah
Johor Bahru,599000,1830.0,5.0,2.0,Terrace House,Mudah
Pasir Gudang,419000,1650.0,3.0,2.0,Terrace House,Mudah
Johor Bahru,760000,3379.0,4.0,3.0,Residential,Mudah
Skudai,438000,1300.0,3.0,2.0,Terrace House,Mudah
Johor Bahru,850000,2800.0,4.0,3.0,Semi-D,Mudah
Johor Bahru,500000,1400.0,4.0,3.0,Terrace House,Mudah
Gelang Patah,638000,1170.0,4.0,3.0,Terrace House,Mudah
Pasir Gudang,3200000,1540.0,8.0,5.0,Bungalow,Mudah
Johor Bahru,1600000,3251.0,5.0,4.0,Terrace House,Mudah
Skudai,399000,1100.0,3.0,2.0,Terrace House,Mudah
Kulai,228000,700.0,3.0,2.0,Terrace House,Mudah
Johor Bahru,339000,732.0,3.0,1.0,Terrace House,Mudah
Johor Bahru,650000,1540.0,4.0,3.0,Terrace House,Mudah
Batu Pahat,256000,770.0,3.0,2.0,Terrace House,Mudah
Pasir Gudang,388000,1400.0,3.0,2.0,Terrace House,Mudah
Iskandar Puteri,1600000,3760.0,5.0,4.0,Terrace House,Mudah
Johor Bahru,638000,1170.0,4.0,3.0,Terrace House,Mudah
Segamat,828000,3200.0,4.0,3.0,Semi-D,Mudah
Pasir Gudang,379000,1400.0,3.0,2.0,Terrace House,Mudah
Ulu Tiram,468000,1400.0,3.0,2.0,Terrace House,Mudah
Pontian,299000,770.0,3.0,1.0,Terrace House,Mudah
Johor Bahru,615000,1540.0,3.0,2.0,Terrace House,Mudah
Kulai,560000,1400.0,4.0,3.0,Terrace House,Mudah
Kulai,838000,2210.0,4.0,4.0,Residential,Mudah
Johor Bahru,950000,7422.0,4.0,3.0,Bungalow,Mudah
Kulai,290000,770.0,2.0,2.0,Terrace House,Mudah
Johor Bahru,750000,1540.0,4.0,4.0,Terrace House,Mudah
Ulu Tiram,348000,1040.0,3.0,2.0,Terrace House,Mudah
Kulai,1300000,3605.0,4.0,4.0,Terrace House,Mudah
Johor Bahru,530000,1400.0,4.0,3.0,Terrace House,Mudah
Kulai,428000,1400.0,4.0,2.0,Terrace House,Mudah
Johor Bahru,628000,1920.0,4.0,2.0,Terrace House,Mudah
Skudai,480000,1170.0,4.0,3.0,Terrace House,Mudah
Ulu Tiram,298000,770.0,3.0,2.0,Terrace House,Mudah
Skudai,578000,1800.0,4.0,3.0,Terrace House,Mudah
Ulu Tiram,298000,775.0,3.0,2.0,Terrace House,Mudah
Pontian,950000,4000.0,4.0,3.0,Bungalow,Mudah
Skudai,1008000,2680.0,5.0,5.0,Terrace House,Mudah
Pontian,498000,1540.0,3.0,2.0,Terrace House,Mudah
Johor Bahru,735000,1170.0,4.0,3.0,Terrace House,Mudah
Johor Bahru,660000,1200.0,4.0,3.0,Terrace House,Mudah
Segamat,299000,1460.0,3.0,2.0,Terrace House,Mudah
Kulai,298000,1040.0,2.0,1.0,Terrace House,Mudah
Johor Bahru,259000,680.0,1.0,1.0,Residential,Mudah
Gelang Patah,1800000,2450.0,4.0,5.0,Residential,Mudah
Johor Bahru,668000,1540.0,4.0,3.0,Terrace House,Mudah
Johor Bahru,628000,1920.0,4.0,2.0,Terrace House,Mudah
Iskandar Puteri,1600000,3760.0,4.0,4.0,Terrace House,Mudah
Iskandar Puteri,695000,2240.0,4.0,3.0,Residential,Mudah
Skudai,620000,1540.0,3.0,2.0,Terrace House,Mudah
Kulai,430000,1080.0,4.0,3.0,Terrace House,Mudah
Ulu Tiram,468000,1400.0,3.0,2.0,Terrace House,Mudah
Johor Bahru,3300000,5826.0,7.0,6.0,Bungalow,Mudah
Ulu Tiram,348000,1040.0,3.0,2.0,Terrace House,Mudah
Pasir Gudang,388000,1400.0,3.0,2.0,Terrace House,Mudah
Gelang Patah,695000,2240.0,4.0,3.0,Residential,Mudah
Pasir Gudang,458000,960.0,4.0,3.0,Terrace House,Mudah
Skudai,540000,1162.0,3.0,3.0,Terrace House,Mudah
Kulai,480000,1498.0,4.0,3.0,Terrace House,Mudah
Kulai,380000,1080.0,3.0,2.0,Terrace House,Mudah
Kulai,365000,775.0,3.0,2.0,Terrace House,Mudah
Pasir Gudang,520000,1300.0,3.0,2.0,Terrace House,Mudah
Kulai,340000,770.0,3.0,2.0,Terrace House,Mudah
Iskandar Puteri,868000,1540.0,4.0,3.0,Terrace House,Mudah
Kluang,360000,1540.0,4.0,3.0,Terrace House,Mudah
Pasir Gudang,345000,1100.0,4.0,2.0,Terrace House,Mudah
Skudai,820000,1800.0,4.0,3.0,Terrace House,Mudah
Batu Pahat,339000,1470.0,4.0,3.0,Terrace House,Mudah
Kulai,600000,1400.0,4.0,3.0,Terrace House,Mudah
Skudai,660000,1300.0,4.0,3.0,Terrace House,Mudah
Johor Bahru,439000,1970.0,2.0,1.0,Terrace House,Mudah
Batu Pahat,475000,1540.0,4.0,3.0,Terrace House,Mudah
Kulai,750000,1950.0,5.0,5.0,Terrace House,Mudah
Skudai,800000,1540.0,4.0,4.0,Terrace House,Mudah
Kluang,383000,2145.0,4.0,3.0,Terrace House,Mudah
Skudai,388000,699.0,2.0,1.0,Terrace House,Mudah
Johor Bahru,173000,601.0,2.0,1.0,Residential,Mudah
Ulu Tiram,500000,1540.0,3.0,2.0,Terrace House,Mudah
Pasir Gudang,420000,1585.0,4.0,3.0,Terrace House,Mudah
Skudai,280000,818.0,4.0,2.0,Residential,Mudah
Pasir Gudang,520000,1754.0,4.0,2.0,Terrace House,Mudah
Pasir Gudang,485000,960.0,4.0,3.0,Terrace House,Mudah
Skudai,498000,1300.0,4.0,1.0,Terrace House,Mudah
Skudai,600000,1540.0,4.0,3.0,Terrace House,Mudah
Kluang,399000,1200.0,3.0,2.0,Terrace House,Mudah
Johor Bahru,880000,4100.0,3.0,2.0,Terrace House,Mudah
Kulai,520000,2000.0,3.0,2.0,Terrace House,Mudah
Johor Bahru,880000,1560.0,4.0,4.0,Terrace House,Mudah
Johor Bahru,688000,1170.0,4.0,3.0,Terrace House,Mudah
Johor Bahru,630000,1540.0,5.0,3.0,Terrace House,Mudah
Johor Bahru,1080000,3080.0,5.0,4.0,Semi-D,Mudah
Kulai,468000,1800.0,4.0,2.0,Terrace House,Mudah
Pasir Gudang,698000,2800.0,3.0,2.0,Terrace House,Mudah
Johor Bahru,580000,1540.0,3.0,2.0,Terrace House,Mudah
Johor Bahru,698000,1170.0,4.0,3.0,Terrace House,Mudah
Kulai,358000,775.0,3.0,2.0,Terrace House,Mudah
Johor Bahru,758000,1400.0,4.0,3.0,Terrace House,Mudah
Skudai,595000,1400.0,3.0,2.0,Terrace House,Mudah
Iskandar Puteri,1300000,4047.0,4.0,3.0,Terrace House,Mudah
Johor Bahru,545000,1400.0,4.0,3.0,Terrace House,Mudah
Johor Bahru,600000,1224.0,3.0,3.0,Residential,Mudah
Ulu Tiram,665000,1800.0,4.0,4.0,Terrace House,Mudah
Pasir Gudang,858000,3143.0,4.0,3.0,Terrace House,Mudah
Iskandar Puteri,1850000,2400.0,3.0,3.0,Residential,Mudah
Skudai,390000,840.0,3.0,1.0,Terrace House,Mudah
Skudai,750000,2638.0,4.0,4.0,Terrace House,Mudah
Pasir Gudang,275000,770.0,2.0,1.0,Terrace House,Mudah
Iskandar Puteri,838000,1540.0,4.0,4.0,Terrace House,Mudah
Johor Bahru,660000,1400.0,4.0,3.0,Terrace House,Mudah
Iskandar Puteri,1280000,1540.0,4.0,5.0,Terrace House,Mudah
Skudai,390000,1044.0,2.0,2.0,Terrace House,Mudah
Iskandar Puteri,838000,1800.0,5.0,3.0,Terrace House,Mudah
Johor Bahru,388000,1540.0,3.0,2.0,Terrace House,Mudah
Johor Bahru,850000,1305.0,3.0,4.0,Terrace House,Mudah
Kulai,388000,1300.0,3.0,1.0,Terrace House,Mudah
Johor Bahru,1300000,3165.0,4.0,4.0,Terrace House,Mudah
Skudai,520000,3250.0,3.0,3.0,Terrace House,Mudah
Johor Bahru,1480000,3931.0,7.0,6.0,Terrace House,Mudah
Johor Bahru,1500000,3080.0,5.0,5.0,Residential,Mudah
Johor Bahru,515000,1540.0,3.0,2.0,Terrace House,Mudah
Johor Bahru,595000,2070.0,3.0,2.0,Terrace House,Mudah
Skudai,628000,1920.0,4.0,2.0,Terrace House,Mudah
Johor Bahru,898000,1980.0,4.0,3.0,Terrace House,Mudah
Ulu Tiram,620000,1540.0,3.0,2.0,Terrace House,Mudah
Ulu Tiram,685000,1400.0,4.0,4.0,Terrace House,Mudah
Kulai,1000000,9500.0,5.0,3.0,Semi-D,Mudah
Johor Bahru,489000,1400.0,4.0,3.0,Terrace House,Mudah
Johor Bahru,540000,1540.0,3.0,2.0,Terrace House,Mudah
Pasir Gudang,730000,1170.0,4.0,3.0,Terrace House,Mudah
Skudai,330000,775.0,2.0,2.0,Terrace House,Mudah
Permas Jaya,398000,700.0,3.0,2.0,Terrace House,Mudah
Ulu Tiram,418000,1496.0,3.0,2.0,Terrace House,Mudah
Johor Bahru,670000,1540.0,4.0,3.0,Terrace House,Mudah
Johor Bahru,470000,1400.0,4.0,3.0,Residential,Mudah
Johor Bahru,1380000,3541.0,5.0,5.0,Residential,Mudah
Kulai,550000,1400.0,3.0,2.0,Terrace House,Mudah
Johor Bahru,1190000,2240.0,4.0,4.0,Residential,Mudah
Kulai,630000,3900.0,4.0,3.0,Bungalow,Mudah
Pasir Gudang,430000,1400.0,3.0,2.0,Terrace House,Mudah
Johor Bahru,650000,1400.0,3.0,2.0,Terrace House,Mudah
Skudai,1380000,3200.0,5.0,3.0,Semi-D,Mudah
Pasir Gudang,399000,1400.0,3.0,2.0,Terrace House,Mudah
Skudai,640000,1540.0,4.0,3.0,Terrace House,Mudah
Johor Bahru,565000,1650.0,3.0,3.0,Terrace House,Mudah
Segamat,250000,1400.0,3.0,2.0,Terrace House,Mudah
Skudai,1500000,3500.0,5.0,4.0,Terrace House,Mudah
Kulai,468000,1800.0,4.0,2.0,Terrace House,Mudah
Johor Bahru,900000,1920.0,4.0,3.0,Terrace House,Mudah
Skudai,750000,1560.0,4.0,3.0,Terrace House,Mudah
Batu Pahat,338000,1540.0,3.0,2.0,Terrace House,Mudah
Batu Pahat,256000,770.0,3.0,2.0,Terrace House,Mudah
Johor Bahru,2300000,8019.0,6.0,6.0,Bungalow,Mudah
Johor Bahru,1850000,3600.0,3.0,3.0,Residential,Mudah
Ulu Tiram,498000,1540.0,3.0,2.0,Terrace House,Mudah
Iskandar Puteri,630000,1300.0,3.0,2.0,Terrace House,Mudah
Skudai,578000,1540.0,3.0,2.0,Terrace House,Mudah
Skudai,1090000,2827.0,7.0,5.0,Residential,Mudah
Kulai,750000,1950.0,5.0,4.0,Terrace House,Mudah
Pasir Gudang,458000,2174.0,3.0,2.0,Terrace House,Mudah
Kluang,266000,1980.0,3.0,2.0,Residential,Mudah
Pontian,299000,770.0,3.0,1.0,Terrace House,Mudah
Pasir Gudang,388000,1540.0,3.0,2.0,Terrace House,Mudah
Skudai,468000,1750.0,3.0,2.0,Terrace House,Mudah
Batu Pahat,328000,1646.0,4.0,3.0,Terrace House,Mudah
Johor Bahru,649000,1170.0,3.0,3.0,Terrace House,Mudah
Skudai,520000,1170.0,4.0,3.0,Terrace House,Mudah
Johor Bahru,458000,770.0,3.0,2.0,Terrace House,Mudah
Ulu Tiram,650000,1500.0,4.0,3.0,Terrace House,Mudah
Kulai,600000,2145.0,4.0,3.0,Terrace House,Mudah
Johor Bahru,738000,1200.0,4.0,3.0,Terrace House,Mudah
Johor Bahru,900000,1600.0,4.0,3.0,Terrace House,Mudah
Kulai,468000,1800.0,4.0,2.0,Terrace House,Mudah
Kulai,1350000,2720.0,5.0,4.0,Residential,Mudah
Kluang,588000,1980.0,4.0,3.0,Terrace House,Mudah
Johor Bahru,1350000,4800.0,4.0,3.0,Semi-D,Mudah
Iskandar Puteri,2000000,2557.0,4.0,4.0,Terrace House,Mudah
Kluang,165000,1040.0,2.0,1.0,Terrace House,Mudah
Ulu Tiram,355000,775.0,3.0,2.0,Terrace House,Mudah
Pasir Gudang,540000,1825.0,4.0,3.0,Terrace House,Mudah
Kulai,330000,1155.0,3.0,2.0,Residential,Mudah
Johor Bahru,650000,2310.0,4.0,3.0,Terrace House,Mudah
Johor Bahru,950000,3560.0,4.0,4.0,Semi-D,Mudah
Johor Bahru,768000,4950.0,5.0,5.0,Terrace House,Mudah
Pasir Gudang,560000,1950.0,4.0,3.0,Terrace House,Mudah
Johor Bahru,900000,2600.0,4.0,3.0,Terrace House,Mudah
Kluang,210000,1076.0,2.0,1.0,Terrace House,Mudah
Johor Bahru,998000,3305.0,4.0,3.0,Semi-D,Mudah
Pasir Gudang,440000,960.0,4.0,3.0,Terrace House,Mudah
Pasir Gudang,425000,1400.0,3.0,2.0,Terrace House,Mudah
Johor Bahru,665000,1400.0,4.0,3.0,Terrace House,Mudah
Iskandar Puteri,1600000,3089.0,4.0,4.0,Terrace House,Mudah
Kulai,455000,1080.0,4.0,3.0,Terrace House,Mudah
Kulai,438000,1540.0,3.0,2.0,Terrace House,Mudah
Skudai,399000,1100.0,3.0,2.0,Terrace House,Mudah
Pasir Gudang,365000,775.0,3.0,2.0,Terrace House,Mudah
Pontian,299000,770.0,3.0,1.0,Terrace House,Mudah
Pasir Gudang,360000,960.0,3.0,3.0,Terrace House,Mudah
Johor Bahru,185000,770.0,2.0,1.0,Residential,Mudah
Gelang Patah,798000,2380.0,5.0,4.0,Residential,Mudah
Johor Bahru,1200000,3412.0,5.0,3.0,Semi-D,Mudah
Ulu Tiram,348300,1540.0,3.0,2.0,Terrace House,Mudah
Skudai,740000,2552.0,4.0,3.0,Terrace House,Mudah
Johor Bahru,768000,2198.0,3.0,2.0,Terrace House,Mudah
Johor Bahru,1880000,3200.0,4.0,6.0,Semi-D,Mudah
Skudai,738000,1540.0,4.0,3.0,Terrace House,Mudah
Skudai,738000,1540.0,4.0,3.0,Terrace House,Mudah
Johor Bahru,850000,1430.0,6.0,3.0,Terrace House,Mudah
Kulai,460000,1400.0,3.0,2.0,Terrace House,Mudah
Kulai,538000,3057.0,4.0,2.0,Terrace House,Mudah
Kulai,421200,1076.0,4.0,3.0,Terrace House,Mudah
Skudai,460000,753.0,3.0,2.0,Terrace House,Mudah
Kulai,468000,1800.0,4.0,2.0,Terrace House,Mudah
Kulai,348000,730.0,3.0,2.0,Terrace House,Mudah
Johor Bahru,880000,3640.0,4.0,3.0,Terrace House,Mudah
Batu Pahat,380000,1500.0,3.0,2.0,Terrace House,Mudah
Kulai,448000,1400.0,4.0,3.0,Terrace House,Mudah
Johor Bahru,680000,1170.0,4.0,3.0,Terrace House,Mudah
Kulai,420000,1100.0,3.0,4.0,Terrace House,Mudah
Kluang,388000,1300.0,3.0,2.0,Terrace House,Mudah
Gelang Patah,870000,3010.0,4.0,3.0,Terrace House,Mudah
Kulai,538000,3057.0,4.0,2.0,Terrace House,Mudah
Johor Bahru,585000,1442.0,4.0,3.0,Terrace House,Mudah
Ulu Tiram,698000,3780.0,6.0,3.0,Terrace House,Mudah
Iskandar Puteri,665000,1400.0,4.0,3.0,Terrace House,Mudah
Skudai,468000,1750.0,3.0,1.0,Terrace House,Mudah
Johor Bahru,655000,1170.0,3.0,3.0,Terrace House,Mudah
Johor Bahru,1500000,2706.0,7.0,4.0,Terrace House,Mudah
Kulai,488000,1800.0,4.0,3.0,Terrace House,Mudah
Kulai,455000,1170.0,4.0,3.0,Terrace House,Mudah
Johor Bahru,760000,1540.0,4.0,4.0,Terrace House,Mudah
Kulai,438000,1540.0,3.0,2.0,Terrace House,Mudah
Johor Bahru,658000,1170.0,3.0,3.0,Terrace House,Mudah
Kulai,457000,1560.0,4.0,3.0,Terrace House,Mudah
Johor Bahru,380000,770.0,3.0,2.0,Terrace House,Mudah
Pasir Gudang,410000,775.0,3.0,2.0,Terrace House,Mudah
Johor Bahru,718000,1650.0,4.0,3.0,Terrace House,Mudah
Johor Bahru,698000,1170.0,4.0,3.0,Terrace House,Mudah
Kulai,360000,1080.0,3.0,2.0,Terrace House,Mudah
Kulai,1180000,3710.0,4.0,3.0,Terrace House,Mudah
Kulai,338000,2605.0,2.0,1.0,Terrace House,Mudah
Johor Bahru,780000,2938.0,4.0,3.0,Terrace House,Mudah
Iskandar Puteri,978000,2800.0,4.0,4.0,Terrace House,Mudah
Gelang Patah,488000,1080.0,4.0,2.0,Terrace House,Mudah
Gelang Patah,520000,1170.0,4.0,3.0,Terrace House,Mudah
Batu Pahat,360000,3429.0,4.0,3.0,Semi-D,Mudah
Gelang Patah,520000,1170.0,4.0,3.0,Terrace House,Mudah
Johor Bahru,598000,1400.0,3.0,2.0,Terrace House,Mudah
Skudai,545000,3250.0,3.0,2.0,Terrace House,Mudah
Skudai,610000,2600.0,3.0,2.0,Terrace House,Mudah
Skudai,790000,3850.0,6.0,3.0,Terrace House,Mudah
Skudai,588000,2940.0,3.0,2.0,Terrace House,Mudah
Skudai,1080000,1584.0,4.0,4.0,Terrace House,Mudah
Muar,448000,3272.0,4.0,2.0,Residential,Mudah
Kluang,250000,1540.0,4.0,3.0,Terrace House,Mudah
Ulu Tiram,378000,770.0,2.0,1.0,Terrace House,Mudah
Johor Bahru,650000,1540.0,4.0,3.0,Terrace House,Mudah
Pasir Gudang,600000,1760.0,3.0,2.0,Terrace House,Mudah
Kluang,300000,1907.0,4.0,3.0,Terrace House,Mudah
Ulu Tiram,560000,1541.0,4.0,3.0,Terrace House,Mudah
Gelang Patah,698000,2240.0,4.0,3.0,Residential,Mudah
Kulai,460000,1540.0,3.0,2.0,Terrace House,Mudah
Skudai,1080000,1584.0,4.0,4.0,Terrace House,Mudah
Johor Bahru,550000,1350.0,4.0,3.0,Terrace House,Mudah
Johor Bahru,529000,1672.0,3.0,2.0,Terrace House,Mudah
Johor Bahru,430000,1540.0,3.0,2.0,Terrace House,Mudah
Johor Bahru,485000,1400.0,3.0,2.0,Terrace House,Mudah
Gelang Patah,498000,2240.0,3.0,2.0,Semi-D,Mudah
Skudai,389000,700.0,3.0,2.0,Terrace House,Mudah
Skudai,778000,3410.0,3.0,2.0,Terrace House,Mudah
Pasir Gudang,378000,775.0,3.0,2.0,Terrace House,Mudah
Kulai,438000,1400.0,3.0,2.0,Terrace House,Mudah
Skudai,428000,1067.0,3.0,2.0,Terrace House,Mudah
Kulai,588000,1900.0,4.0,2.0,Terrace House,Mudah
Johor Bahru,738000,1540.0,4.0,3.0,Terrace House,Mudah
Kulai,528000,1540.0,3.0,2.0,Terrace House,Mudah
Iskandar Puteri,4500000,5000.0,5.0,6.0,Bungalow,Mudah
Batu Pahat,318000,1540.0,3.0,1.0,Terrace House,Mudah
Permas Jaya,580000,1540.0,4.0,3.0,Terrace House,Mudah
Pasir Gudang,460000,1980.0,3.0,2.0,Terrace House,Mudah
Skudai,480000,1173.0,4.0,3.0,Terrace House,Mudah
Johor Bahru,795000,1600.0,5.0,4.0,Terrace House,Mudah
Kulai,285000,2088.0,3.0,2.0,Terrace House,Mudah
Pasir Gudang,480000,1400.0,4.0,3.0,Terrace House,Mudah
Johor Bahru,700000,1540.0,4.0,3.0,Terrace House,Mudah
Johor Bahru,418000,770.0,3.0,1.0,Terrace House,Mudah
Kluang,320000,1540.0,3.0,2.0,Terrace House,Mudah
Kluang,145000,770.0,2.0,2.0,Terrace House,Mudah
Kluang,388000,2350.0,3.0,2.0,Terrace House,Mudah
Kluang,280000,1200.0,3.0,2.0,Terrace House,Mudah
Iskandar Puteri,630000,1560.0,3.0,2.0,Terrace House,Mudah
Iskandar Puteri,589000,1540.0,3.0,2.0,Terrace House,Mudah
Kulai,450000,1540.0,4.0,3.0,Terrace House,Mudah
Pasir Gudang,398000,960.0,4.0,3.0,Terrace House,Mudah
Johor Bahru,688000,1800.0,4.0,3.0,Terrace House,Mudah
Skudai,1001516,2240.0,4.0,4.0,Residential,Mudah
Kulai,468000,1800.0,4.0,2.0,Terrace House,Mudah
Kulai,358000,775.0,3.0,2.0,Terrace House,Mudah
Pasir Gudang,299000,1350.0,3.0,1.0,Terrace House,Mudah
Kluang,350000,1400.0,3.0,2.0,Terrace House,Mudah
Kluang,268000,990.0,2.0,2.0,Terrace House,Mudah
Kulai,288000,770.0,4.0,2.0,Terrace House,Mudah
Johor Bahru,393000,770.0,3.0,1.0,Terrace House,Mudah
Iskandar Puteri,1850000,2400.0,5.0,4.0,Residential,Mudah
Johor Bahru,588000,1400.0,3.0,2.0,Terrace House,Mudah
Ulu Tiram,365000,840.0,3.0,2.0,Terrace House,Mudah
Kulai,368000,775.0,3.0,2.0,Terrace House,Mudah
Kulai,358000,775.0,3.0,2.0,Terrace House,Mudah
Johor Bahru,688000,1170.0,4.0,3.0,Terrace House,Mudah
Ulu Tiram,550000,1980.0,4.0,3.0,Terrace House,Mudah
Kluang,188000,775.0,3.0,2.0,Terrace House,Mudah
Johor Bahru,750000,1540.0,5.0,4.0,Terrace House,Mudah
Iskandar Puteri,598000,1941.0,4.0,3.0,Terrace House,Mudah
Pasir Gudang,378000,775.0,3.0,2.0,Terrace House,Mudah
Skudai,795000,1600.0,5.0,4.0,Terrace House,Mudah
Kulai,368000,775.0,3.0,2.0,Residential,Mudah
Johor Bahru,680000,1540.0,4.0,3.0,Terrace House,Mudah
Ulu Tiram,650000,1500.0,4.0,3.0,Terrace House,Mudah
Johor Bahru,768000,1650.0,4.0,3.0,Terrace House,Mudah
Skudai,638000,2318.0,4.0,3.0,Residential,Mudah
Johor Bahru,750000,1400.0,4.0,3.0,Terrace House,Mudah
Kulai,468000,1800.0,3.0,2.0,Terrace House,Mudah
Johor Bahru,800000,2230.0,6.0,3.0,Terrace House,Mudah
Skudai,650000,2100.0,5.0,3.0,Residential,Mudah
Kulai,675000,4176.0,3.0,2.0,Terrace House,Mudah
Kulai,438000,1400.0,3.0,2.0,Terrace House,Mudah
Skudai,513000,2571.0,3.0,2.0,Terrace House,Mudah
Johor Bahru,680000,1170.0,3.0,3.0,Terrace House,Mudah
Ulu Tiram,650000,2640.0,4.0,3.0,Terrace House,Mudah
Johor Bahru,658000,1170.0,3.0,3.0,Terrace House,Mudah
Ulu Tiram,405000,1302.0,4.0,3.0,Terrace House,Mudah
Kulai,423000,1060.0,3.0,2.0,Terrace House,Mudah
Kluang,216000,1399.0,3.0,2.0,Terrace House,Mudah
Pasir Gudang,365000,775.0,3.0,2.0,Terrace House,Mudah
Johor Bahru,790000,1650.0,5.0,4.0,Terrace House,Mudah
Pasir Gudang,858000,3143.0,4.0,3.0,Terrace House,Mudah
Kulai,380000,1540.0,2.0,2.0,Terrace House,Mudah
Skudai,428000,1400.0,3.0,2.0,Terrace House,Mudah
Pasir Gudang,360000,1280.0,3.0,3.0,Terrace House,Mudah
Johor Bahru,668000,1170.0,3.0,3.0,Terrace House,Mudah
Kulai,430000,2022.0,4.0,2.0,Terrace House,Mudah
Kulai,228000,700.0,3.0,2.0,Terrace House,Mudah
Johor Bahru,428000,770.0,4.0,3.0,Terrace House,Mudah
Johor Bahru,388000,770.0,2.0,2.0,Terrace House,Mudah
Pontian,393000,770.0,3.0,1.0,Terrace House,Mudah
Ulu Tiram,288000,770.0,3.0,2.0,Terrace House,Mudah
Johor Bahru,378000,728.0,3.0,1.0,Terrace House,Mudah
Iskandar Puteri,838000,1931.0,4.0,3.0,Terrace House,Mudah
Segamat,260000,1680.0,3.0,2.0,Terrace House,Mudah
Skudai,279000,770.0,3.0,2.0,Terrace House,Mudah
Johor Bahru,1380000,3360.0,5.0,6.0,Semi-D,Mudah
Pasir Gudang,570000,2450.0,3.0,2.0,Semi-D,Mudah
Skudai,778000,3409.0,3.0,2.0,Terrace House,Mudah
Skudai,475000,1760.0,3.0,2.0,Terrace House,Mudah
Iskandar Puteri,719000,1430.0,3.0,2.0,Terrace House,Mudah
Kulai,238000,1324.0,3.0,2.0,Terrace House,Mudah
Pasir Gudang,550000,1300.0,4.0,3.0,Terrace House,Mudah
Kulai,275000,1040.0,3.0,1.0,Terrace House,Mudah
Skudai,500000,1400.0,3.0,2.0,Terrace House,Mudah
Johor Bahru,618000,1540.0,3.0,2.0,Terrace House,Mudah
Johor Bahru,490000,1500.0,3.0,1.0,Terrace House,Mudah
Kluang,130000,1540.0,3.0,1.0,Terrace House,Mudah
Kluang,270000,1400.0,3.0,2.0,Terrace House,Mudah
Johor Bahru,1080000,3200.0,4.0,3.0,Semi-D,Mudah
Muar,335000,1400.0,3.0,2.0,Terrace House,Mudah
Pasir Gudang,350000,780.0,3.0,2.0,Terrace House,Mudah
Johor Bahru,300000,1302.0,3.0,2.0,Terrace House,Mudah
Johor Bahru,468000,1540.0,4.0,2.0,Terrace House,Mudah
Segamat,250000,1600.0,3.0,1.0,Terrace House,Mudah
Pasir Gudang,488000,1765.0,4.0,3.0,Terrace House,Mudah
Skudai,430000,1200.0,3.0,2.0,Terrace House,Mudah
Kluang,210000,1098.0,3.0,2.0,Terrace House,Mudah
Iskandar Puteri,665000,1400.0,4.0,3.0,Terrace House,Mudah
Johor Bahru,348000,770.0,3.0,2.0,Terrace House,Mudah
Skudai,368000,1098.0,2.0,1.0,Terrace House,Mudah
Ulu Tiram,368000,731.0,2.0,1.0,Terrace House,Mudah
Ulu Tiram,388000,775.0,3.0,1.0,Terrace House,Mudah
Kulai,358000,770.0,3.0,1.0,Terrace House,Mudah
Pasir Gudang,335000,1000.0,3.0,1.0,Terrace House,Mudah
Pasir Gudang,498000,1540.0,3.0,2.0,Terrace House,Mudah
Kulai,488000,1540.0,3.0,2.0,Terrace House,Mudah
Gelang Patah,638000,1200.0,4.0,3.0,Terrace House,Mudah
Johor Bahru,520000,1400.0,3.0,2.0,Terrace House,Mudah
Kulai,358000,775.0,3.0,2.0,Terrace House,Mudah
Batu Pahat,328000,1646.0,4.0,3.0,Terrace House,Mudah
Kluang,228000,880.0,3.0,2.0,Terrace House,Mudah
Kulai,358000,1713.0,5.0,3.0,Terrace House,Mudah
Johor Bahru,488000,1170.0,4.0,3.0,Terrace House,Mudah
Johor Bahru,288000,1040.0,2.0,1.0,Terrace House,Mudah
Skudai,1040000,3250.0,4.0,3.0,Terrace House,Mudah
Johor Bahru,850000,4021.0,6.0,3.0,Semi-D,Mudah
Muar,260000,1540.0,3.0,2.0,Terrace House,Mudah
Gelang Patah,678000,1400.0,4.0,3.0,Terrace House,Mudah
Johor Bahru,771970,1730.0,4.0,3.0,Terrace House,Mudah
Permas Jaya,398000,800.0,2.0,1.0,Terrace House,Mudah
Kulai,358000,775.0,3.0,2.0,Terrace House,Mudah
Johor Bahru,628000,1240.0,3.0,3.0,Residential,Mudah
Kulai,260000,779.0,2.0,1.0,Terrace House,Mudah
Johor Bahru,393000,770.0,3.0,1.0,Terrace House,Mudah
Johor Bahru,418000,842.0,3.0,2.0,Terrace House,Mudah
Skudai,550000,1540.0,4.0,3.0,Terrace House,Mudah
Johor Bahru,428000,770.0,3.0,2.0,Terrace House,Mudah
Johor Bahru,780000,4004.0,4.0,3.0,Semi-D,Mudah
Pasir Gudang,438000,1200.0,5.0,3.0,Terrace House,Mudah
Ulu Tiram,378000,728.0,3.0,2.0,Terrace House,Mudah
Johor Bahru,568000,1540.0,4.0,2.0,Terrace House,Mudah
Ulu Tiram,348000,1040.0,3.0,2.0,Terrace House,Mudah
Ulu Tiram,415000,730.0,4.0,2.0,Terrace House,Mudah
Johor Bahru,428000,770.0,3.0,2.0,Terrace House,Mudah
Kulai,1130000,1680.0,4.0,3.0,Terrace House,Mudah
Skudai,330000,1040.0,2.0,2.0,Terrace House,Mudah
Johor Bahru,675000,1400.0,4.0,3.0,Terrace House,Mudah
Kluang,380700,1539.0,4.0,3.0,Terrace House,Mudah
Skudai,1100000,3229.0,4.0,4.0,Semi-D,Mudah
Kulai,500000,1540.0,4.0,2.0,Terrace House,Mudah
Johor Bahru,768000,1650.0,4.0,3.0,Terrace House,Mudah
Pasir Gudang,880000,2450.0,4.0,3.0,Semi-D,Mudah
Kulai,750000,2800.0,5.0,3.0,Semi-D,Mudah
Pasir Gudang,380000,770.0,3.0,2.0,Terrace House,Mudah
Pasir Gudang,338000,770.0,3.0,2.0,Terrace House,Mudah
Johor Bahru,698000,1170.0,4.0,3.0,Terrace House,Mudah
Pasir Gudang,550000,1300.0,4.0,3.0,Terrace House,Mudah
Johor Bahru,780000,1760.0,4.0,3.0,Terrace House,Mudah
Johor Bahru,3000000,1540.0,10.0,8.0,Bungalow,Mudah
Gelang Patah,630000,1300.0,4.0,3.0,Terrace House,Mudah
Johor Bahru,1000000,1760.0,4.0,3.0,Terrace House,Mudah
Johor Bahru,675000,1400.0,4.0,3.0,Terrace House,Mudah
Johor Bahru,748000,1400.0,4.0,3.0,Terrace House,Mudah
Pasir Gudang,395000,770.0,3.0,2.0,Terrace House,Mudah
Kluang,335000,1650.0,3.0,2.0,Terrace House,Mudah
Johor Bahru,1118000,2904.0,5.0,4.0,Semi-D,Mudah
Ulu Tiram,728000,1540.0,4.0,4.0,Terrace House,Mudah
Permas Jaya,438000,770.0,3.0,2.0,Terrace House,Mudah
Skudai,428000,1050.0,3.0,2.0,Terrace House,Mudah
Pasir Gudang,320000,770.0,3.0,2.0,Terrace House,Mudah
Pasir Gudang,398000,775.0,3.0,2.0,Terrace House,Mudah
Johor Bahru,548000,1400.0,3.0,2.0,Terrace House,Mudah
Skudai,1280000,5740.0,4.0,5.0,Terrace House,Mudah
Ulu Tiram,750000,1690.0,4.0,3.0,Terrace House,Mudah
Skudai,398000,1040.0,2.0,2.0,Terrace House,Mudah
Ulu Tiram,368000,1080.0,3.0,2.0,Terrace House,Mudah
Muar,599000,1650.0,4.0,3.0,Terrace House,Mudah
Ulu Tiram,380000,770.0,3.0,2.0,Terrace House,Mudah
Pasir Gudang,320000,710.0,2.0,2.0,Terrace House,Mudah
Kulai,335000,770.0,3.0,2.0,Terrace House,Mudah
Skudai,408000,1098.0,3.0,2.0,Terrace House,Mudah
Kulai,468000,1453.0,4.0,2.0,Terrace House,Mudah
Iskandar Puteri,668000,1400.0,4.0,3.0,Terrace House,Mudah
Iskandar Puteri,855000,1873.0,4.0,3.0,Terrace House,Mudah
Johor Bahru,388000,770.0,2.0,2.0,Terrace House,Mudah
Kluang,255000,1400.0,3.0,2.0,Terrace House,Mudah
Kluang,195000,883.0,3.0,2.0,Terrace House,Mudah
Pasir Gudang,324000,818.0,3.0,2.0,Terrace House,Mudah
Kulai,345000,775.0,3.0,2.0,Terrace House,Mudah
Pasir Gudang,345000,770.0,3.0,2.0,Terrace House,Mudah
Johor Bahru,638000,2665.0,4.0,3.0,Semi-D,Mudah
Permas Jaya,688000,3745.0,4.0,2.0,Terrace House,Mudah
Johor Bahru,678000,1540.0,4.0,3.0,Terrace House,Mudah
Kulai,228000,770.0,3.0,2.0,Terrace House,Mudah
Johor Bahru,738000,2400.0,3.0,2.0,Semi-D,Mudah
Kluang,230000,1760.0,3.0,2.0,Terrace House,Mudah
Iskandar Puteri,950000,3500.0,5.0,3.0,Terrace House,Mudah
Iskandar Puteri,1800000,2608.0,4.0,5.0,Residential,Mudah
Johor Bahru,1150000,1920.0,4.0,5.0,Terrace House,Mudah
Gelang Patah,518000,1980.0,4.0,3.0,Terrace House,Mudah
Johor Bahru,698000,1170.0,4.0,3.0,Terrace House,Mudah
Pasir Gudang,568000,1350.0,4.0,3.0,Terrace House,Mudah
Pasir Gudang,1250000,3800.0,5.0,5.0,Semi-D,Mudah
Skudai,680000,1540.0,4.0,3.0,Terrace House,Mudah
Kulai,330000,770.0,3.0,2.0,Terrace House,Mudah
Johor Bahru,300000,1194.0,3.0,2.0,Terrace House,Mudah
Skudai,538000,1760.0,3.0,1.0,Terrace House,Mudah
Johor Bahru,1400000,6003.0,4.0,3.0,Bungalow,Mudah
Batu Pahat,328000,1646.0,4.0,3.0,Terrace House,Mudah
Johor Bahru,688000,1170.0,4.0,3.0,Terrace House,Mudah
Johor Bahru,548000,1540.0,3.0,2.0,Terrace House,Mudah
Iskandar Puteri,980000,2776.0,5.0,4.0,Terrace House,Mudah
Kluang,360000,1400.0,3.0,2.0,Terrace House,Mudah
Johor Bahru,618000,1600.0,3.0,2.0,Terrace House,Mudah
Johor Bahru,520000,1500.0,3.0,1.0,Terrace House,Mudah
Ulu Tiram,560000,1541.0,4.0,3.0,Terrace House,Mudah
Kluang,1000000,1650.0,1.0,3.0,Terrace House,Mudah
Johor Bahru,828000,3337.0,5.0,4.0,Terrace House,Mudah
Johor Bahru,2380000,3200.0,5.0,6.0,Semi-D,Mudah
Ulu Tiram,577000,1160.0,4.0,3.0,Terrace House,Mudah
Johor Bahru,700000,1920.0,4.0,2.0,Terrace House,Mudah
Johor Bahru,750000,1540.0,4.0,3.0,Terrace House,Mudah
Kulai,385000,1079.0,3.0,2.0,Terrace House,Mudah
Skudai,1100000,2750.0,4.0,4.0,Bungalow,Mudah
Johor Bahru,325000,770.0,2.0,1.0,Terrace House,Mudah
Skudai,650000,1750.0,4.0,3.0,Terrace House,Mudah
Skudai,825000,1750.0,5.0,4.0,Terrace House,Mudah
Pasir Gudang,450000,1173.0,4.0,3.0,Terrace House,Mudah
Iskandar Puteri,1200000,2454.0,5.0,5.0,Residential,Mudah
Kulai,529000,2240.0,3.0,2.0,Terrace House,Mudah
Kulai,445000,1650.0,3.0,2.0,Terrace House,Mudah
Gelang Patah,485000,1076.0,4.0,2.0,Terrace House,Mudah
Ulu Tiram,630000,1540.0,3.0,2.0,Terrace House,Mudah
Iskandar Puteri,778000,3410.0,3.0,2.0,Terrace House,Mudah
Skudai,370000,775.0,2.0,1.0,Terrace House,Mudah
Kulai,325000,960.0,3.0,3.0,Terrace House,Mudah
Pasir Gudang,300000,775.0,3.0,2.0,Terrace House,Mudah
Pasir Gudang,480000,1540.0,4.0,2.0,Terrace House,Mudah
Johor Bahru,688000,1800.0,4.0,3.0,Terrace House,Mudah
Pasir Gudang,250000,1300.0,3.0,2.0,Terrace House,Mudah
Skudai,620000,2975.0,3.0,2.0,Semi-D,Mudah
Kluang,228000,770.0,3.0,2.0,Terrace House,Mudah
Johor Bahru,950000,2189.0,4.0,4.0,Terrace House,Mudah
Kulai,315000,960.0,3.0,3.0,Terrace House,Mudah
Johor Bahru,680000,1540.0,4.0,3.0,Terrace House,Mudah
Pasir Gudang,480000,2217.0,3.0,2.0,Terrace House,Mudah
Gelang Patah,588000,1780.0,4.0,3.0,Terrace House,Mudah
Ulu Tiram,577000,1870.0,4.0,3.0,Terrace House,Mudah
Pasir Gudang,380000,1900.0,4.0,3.0,Terrace House,Mudah
Pasir Gudang,415000,1900.0,4.0,3.0,Terrace House,Mudah
Skudai,370000,1040.0,2.0,2.0,Terrace House,Mudah
Skudai,1040000,2450.0,6.0,5.0,Residential,Mudah
Pasir Gudang,460000,1980.0,3.0,2.0,Terrace House,Mudah
Skudai,1040000,2450.0,6.0,5.0,Residential,Mudah
Permas Jaya,460000,1080.0,3.0,2.0,Terrace House,Mudah
Iskandar Puteri,720000,1540.0,4.0,3.0,Terrace House,Mudah
Pasir Gudang,419000,1962.0,4.0,3.0,Terrace House,Mudah
Pasir Gudang,700000,2900.0,4.0,4.0,Semi-D,Mudah
Pasir Gudang,390000,1400.0,3.0,2.0,Terrace House,Mudah
Johor Bahru,400000,990.0,3.0,2.0,Terrace House,Mudah
Kulai,475000,1800.0,4.0,3.0,Terrace House,Mudah
Iskandar Puteri,1150000,2720.0,5.0,5.0,Terrace House,Mudah
Pasir Gudang,349000,770.0,3.0,2.0,Terrace House,Mudah
Johor Bahru,405000,1985.0,2.0,1.0,Terrace House,Mudah
Johor Bahru,560000,1650.0,4.0,3.0,Terrace House,Mudah
Gelang Patah,750000,1400.0,4.0,3.0,Terrace House,Mudah
Pasir Gudang,699000,1760.0,4.0,3.0,Terrace House,Mudah
Pasir Gudang,365000,840.0,3.0,2.0,Terrace House,Mudah
Johor Bahru,1174500,3939.0,4.0,4.0,Residential,Mudah
Iskandar Puteri,888000,2940.0,4.0,2.0,Terrace House,Mudah
Johor Bahru,850000,3400.0,4.0,3.0,Semi-D,Mudah
Kluang,444960,5834.0,4.0,3.0,Terrace House,Mudah
Gelang Patah,589000,1540.0,3.0,2.0,Terrace House,Mudah
Kulai,488000,1080.0,4.0,3.0,Terrace House,Mudah
Kulai,648000,2820.0,4.0,3.0,Terrace House,Mudah
Segamat,320000,2385.0,4.0,3.0,Semi-D,Mudah
Skudai,850000,4021.0,6.0,3.0,Semi-D,Mudah
Skudai,1420000,4122.0,5.0,6.0,Terrace House,Mudah
Skudai,1299000,3200.0,5.0,3.0,Semi-D,Mudah
Skudai,565000,1400.0,4.0,3.0,Terrace House,Mudah
Johor Bahru,680000,1400.0,4.0,3.0,Terrace House,Mudah
Ulu Tiram,498000,1540.0,3.0,2.0,Terrace House,Mudah
Kulai,588000,3122.0,5.0,3.0,Terrace House,Mudah
Pasir Gudang,700000,3750.0,5.0,3.0,Terrace House,Mudah
Iskandar Puteri,998000,1650.0,4.0,4.0,Terrace House,Mudah
Gelang Patah,750000,1170.0,4.0,3.0,Terrace House,Mudah
Skudai,368000,1040.0,2.0,1.0,Terrace House,Mudah
Kulai,468000,1540.0,3.0,2.0,Terrace House,Mudah
Pasir Gudang,758000,3067.0,4.0,3.0,Terrace House,Mudah
Johor Bahru,353000,870.0,2.0,2.0,Terrace House,Mudah
Skudai,750000,1400.0,4.0,3.0,Terrace House,Mudah
Kluang,185000,770.0,3.0,2.0,Terrace House,Mudah
Kluang,185000,770.0,3.0,2.0,Terrace House,Mudah
Johor Bahru,3200000,6930.0,4.0,5.0,Semi-D,Mudah
Johor Bahru,780000,1760.0,4.0,3.0,Terrace House,Mudah
Skudai,738000,1540.0,4.0,3.0,Terrace House,Mudah
Johor Bahru,635000,1300.0,4.0,3.0,Terrace House,Mudah
Muar,209000,700.0,3.0,2.0,Terrace House,Mudah
Kluang,529000,3500.0,4.0,2.0,Semi-D,Mudah
Kulai,298000,1560.0,3.0,2.0,Terrace House,Mudah
Skudai,699000,1560.0,4.0,4.0,Terrace House,Mudah
Johor Bahru,530000,1540.0,3.0,2.0,Terrace House,Mudah
Skudai,580000,1540.0,4.0,3.0,Terrace House,Mudah
Iskandar Puteri,598000,1941.0,4.0,3.0,Terrace House,Mudah
Iskandar Puteri,550000,1659.0,4.0,3.0,Terrace House,Mudah
Johor Bahru,799000,1300.0,4.0,3.0,Terrace House,Mudah
Johor Bahru,638000,1540.0,4.0,3.0,Terrace House,PropertyGuru
Johor Bahru,550000,1540.0,4.0,3.0,Terrace House,PropertyGuru
Johor Bahru,545000,1540.0,4.0,3.0,Terrace House,PropertyGuru
Johor Bahru,650000,1540.0,4.0,3.0,Terrace House,PropertyGuru
Johor Bahru,688000,1540.0,4.0,3.0,Terrace House,PropertyGuru
Johor Bahru,535000,1540.0,4.0,3.0,Terrace House,PropertyGuru
Ulu Tiram,888000,1540.0,4.0,3.0,Terrace House,PropertyGuru
Johor Bahru,850000,1540.0,4.0,3.0,Terrace House,PropertyGuru
Johor Bahru,718000,1540.0,4.0,3.0,Terrace House,PropertyGuru
Johor Bahru,599000,1540.0,4.0,3.0,Terrace House,PropertyGuru
Johor Bahru,1250000,1540.0,4.0,3.0,Semi-D,PropertyGuru
Johor Bahru,630000,1540.0,4.0,3.0,Terrace House,PropertyGuru
Johor Bahru,799000,1540.0,4.0,3.0,Terrace House,PropertyGuru
Johor Bahru,3500000,1540.0,4.0,3.0,Bungalow,PropertyGuru
Johor Bahru,1180000,1540.0,4.0,3.0,Semi-D,PropertyGuru
Johor Bahru,530000,1540.0,4.0,3.0,Terrace House,PropertyGuru
Johor Bahru,520000,1540.0,4.0,3.0,Terrace House,PropertyGuru
Johor Bahru,519900,1540.0,4.0,3.0,Terrace House,PropertyGuru
Johor Bahru,505000,1540.0,4.0,3.0,Terrace House,PropertyGuru
Johor Bahru,560000,1540.0,4.0,3.0,Terrace House,PropertyGuru
Johor Bahru,708000,1540.0,4.0,3.0,Terrace House,PropertyGuru
Johor Bahru,368000,1540.0,4.0,3.0,Terrace House,PropertyGuru
Johor Bahru,750000,1540.0,4.0,3.0,Terrace House,PropertyGuru
Johor Bahru,498000,1540.0,4.0,3.0,Terrace House,PropertyGuru
Johor Bahru,608000,1540.0,4.0,3.0,Terrace House,PropertyGuru
Johor Bahru,568000,1540.0,4.0,3.0,Terrace House,PropertyGuru
Johor Bahru,635000,1540.0,4.0,3.0,Terrace House,PropertyGuru
Johor Bahru,388000,1540.0,4.0,3.0,Terrace House,PropertyGuru
Johor Bahru,568000,1540.0,4.0,3.0,Terrace House,PropertyGuru
Johor Bahru,628000,1540.0,4.0,3.0,Terrace House,PropertyGuru
Johor Bahru,1280000,1540.0,4.0,3.0,Semi-D,PropertyGuru
Johor Bahru,558000,1540.0,4.0,3.0,Terrace House,PropertyGuru
Johor Bahru,680000,1540.0,4.0,3.0,Terrace House,PropertyGuru
Johor Bahru,1400000,1540.0,4.0,3.0,Semi-D,PropertyGuru
Johor Bahru,490000,1540.0,4.0,3.0,Terrace House,PropertyGuru
Johor Bahru,510000,1540.0,4.0,3.0,Terrace House,PropertyGuru
Johor Bahru,598000,1540.0,4.0,3.0,Terrace House,PropertyGuru
Johor Bahru,430000,1540.0,4.0,3.0,Terrace House,PropertyGuru
Johor Bahru,1100000,1540.0,4.0,3.0,Semi-D,PropertyGuru
Johor Bahru,658000,1540.0,4.0,3.0,Terrace House,PropertyGuru
Johor Bahru,850000,1540.0,4.0,3.0,Bungalow,PropertyGuru
Johor Bahru,575000,1540.0,4.0,3.0,Terrace House,PropertyGuru
Johor Bahru,1500000,1540.0,4.0,3.0,Terrace House,PropertyGuru
Johor Bahru,488000,1540.0,4.0,3.0,Terrace House,PropertyGuru
Johor Bahru,558000,1540.0,4.0,3.0,Terrace House,PropertyGuru
Johor Bahru,360000,1540.0,4.0,3.0,Terrace House,PropertyGuru
Johor Bahru,550000,1540.0,4.0,3.0,Terrace House,PropertyGuru
Johor Bahru,540000,1540.0,4.0,3.0,Terrace House,PropertyGuru
Johor Bahru,800000,1540.0,4.0,3.0,Terrace House,PropertyGuru
Johor Bahru,538000,1540.0,4.0,3.0,Terrace House,PropertyGuru
Johor Bahru,518000,1540.0,4.0,3.0,Terrace House,PropertyGuru
Johor Bahru,1260000,1540.0,4.0,3.0,Semi-D,PropertyGuru
Johor Bahru,428000,1540.0,4.0,3.0,Terrace House,PropertyGuru
Johor Bahru,380000,1540.0,4.0,3.0,Terrace House,PropertyGuru
Johor Bahru,950000,1540.0,4.0,3.0,Bungalow,PropertyGuru
Johor Bahru,600000,1540.0,4.0,3.0,Terrace House,PropertyGuru
Johor Bahru,2300000,1540.0,4.0,3.0,Bungalow,PropertyGuru
Johor Bahru,508000,1540.0,4.0,3.0,Terrace House,PropertyGuru
Johor Bahru,438000,1540.0,4.0,3.0,Terrace House,PropertyGuru
Johor Bahru,428000,1540.0,4.0,3.0,Terrace House,PropertyGuru
Johor Bahru,1980000,1540.0,4.0,3.0,Terrace House,PropertyGuru
Johor Bahru,1050000,1540.0,4.0,3.0,Semi-D,PropertyGuru
Johor Bahru,638000,1540.0,4.0,3.0,Terrace House,PropertyGuru
Johor Bahru,569000,1540.0,4.0,3.0,Terrace House,PropertyGuru
Johor Bahru,898000,1540.0,4.0,3.0,Terrace House,PropertyGuru
Johor Bahru,4200000,1540.0,4.0,3.0,Bungalow,PropertyGuru
Johor Bahru,588000,1540.0,4.0,3.0,Terrace House,PropertyGuru
Johor Bahru,580000,1540.0,4.0,3.0,Residential,PropertyGuru
Johor Bahru,1150000,1540.0,4.0,3.0,Terrace House,PropertyGuru
Johor Bahru,938000,1540.0,4.0,3.0,Terrace House,PropertyGuru
Johor Bahru,588000,1540.0,4.0,3.0,Terrace House,PropertyGuru
Johor Bahru,580000,1540.0,4.0,3.0,Terrace House,PropertyGuru
Johor Bahru,528000,1540.0,4.0,3.0,Terrace House,PropertyGuru
Johor Bahru,900000,1540.0,4.0,3.0,Semi-D,PropertyGuru
Johor Bahru,1600000,1540.0,4.0,3.0,Residential,PropertyGuru
Johor Bahru,850000,1540.0,4.0,3.0,Semi-D,PropertyGuru
Johor Bahru,990000,1540.0,4.0,3.0,Terrace House,PropertyGuru
Johor Bahru,1680000,1540.0,4.0,3.0,Residential,PropertyGuru
Johor Bahru,1080000,1540.0,4.0,3.0,Terrace House,PropertyGuru
Pasir Gudang,980000,1540.0,4.0,3.0,Bungalow,PropertyGuru
Johor Bahru,418900,1540.0,4.0,3.0,Terrace House,PropertyGuru
Johor Bahru,4300000,1540.0,4.0,3.0,Bungalow,PropertyGuru
Johor Bahru,2080000,1540.0,4.0,3.0,Semi-D,PropertyGuru
Skudai,520000,1540.0,4.0,3.0,Terrace House,PropertyGuru
Johor Bahru,588000,1540.0,4.0,3.0,Condominium,PropertyGuru
Johor Bahru,720000,1540.0,4.0,3.0,Terrace House,PropertyGuru
Johor Bahru,2500000,1540.0,4.0,3.0,Semi-D,PropertyGuru
Johor Bahru,750000,1540.0,4.0,3.0,Terrace House,PropertyGuru
Johor Bahru,800000,1540.0,4.0,3.0,Semi-D,PropertyGuru
Skudai,520000,1540.0,4.0,3.0,Terrace House,PropertyGuru
Johor Bahru,300000,1540.0,4.0,3.0,Terrace House,PropertyGuru
Johor Bahru,805000,1540.0,4.0,3.0,Terrace House,PropertyGuru
Johor Bahru,1450000,1540.0,4.0,3.0,Residential,PropertyGuru
Johor Bahru,580000,1540.0,4.0,3.0,Terrace House,PropertyGuru
Johor Bahru,1000000,1540.0,4.0,3.0,Semi-D,PropertyGuru
Johor Bahru,650000,1540.0,4.0,3.0,Semi-D,PropertyGuru
Johor Bahru,1500000,1540.0,4.0,3.0,Residential,PropertyGuru
Johor Bahru,768000,1540.0,4.0,3.0,Terrace House,PropertyGuru
Johor Bahru,1490000,1540.0,4.0,3.0,Bungalow,PropertyGuru
Johor Bahru,990000,1540.0,4.0,3.0,Bungalow,PropertyGuru
Johor Bahru,1390000,1540.0,4.0,3.0,Semi-D,PropertyGuru
Johor Bahru,1650000,1540.0,4.0,3.0,Semi-D,PropertyGuru
Johor Bahru,4500000,1540.0,4.0,3.0,Bungalow,PropertyGuru
Johor Bahru,990000,1540.0,4.0,3.0,Terrace House,PropertyGuru
Johor Bahru,2000000,1540.0,4.0,3.0,Semi-D,PropertyGuru
Johor Bahru,3800000,1540.0,4.0,3.0,Bungalow,PropertyGuru
Johor Bahru,758000,1540.0,4.0,3.0,Terrace House,PropertyGuru
Johor Bahru,780000,1540.0,4.0,3.0,Terrace House,PropertyGuru
Muar,450000,1540.0,4.0,3.0,Semi-D,PropertyGuru
Johor Bahru,280000,1540.0,4.0,3.0,Terrace House,PropertyGuru
Johor Bahru,560000,1540.0,4.0,3.0,Terrace House,PropertyGuru
Johor Bahru,400000,1540.0,4.0,3.0,Terrace House,PropertyGuru
Johor Bahru,1600000,1540.0,4.0,3.0,Terrace House,PropertyGuru
Johor Bahru,1600000,1540.0,4.0,3.0,Terrace House,PropertyGuru
Johor Bahru,382200,1540.0,4.0,3.0,Serviced Residence,PropertyGuru
Johor Bahru,720000,1540.0,4.0,3.0,Terrace House,PropertyGuru
Johor Bahru,895000,1540.0,4.0,3.0,Terrace House,PropertyGuru
Johor Bahru,688000,1540.0,4.0,3.0,Terrace House,PropertyGuru
Johor Bahru,330000,1540.0,4.0,3.0,Terrace House,PropertyGuru
Johor Bahru,350000,1540.0,4.0,3.0,Terrace House,PropertyGuru
Johor Bahru,920000,1540.0,4.0,3.0,Terrace House,PropertyGuru
Johor Bahru,1300000,1540.0,4.0,3.0,Terrace House,PropertyGuru
Johor Bahru,577926,1540.0,4.0,3.0,Serviced Residence,PropertyGuru
Johor Bahru,484515,1540.0,4.0,3.0,Serviced Residence,PropertyGuru
Johor Bahru,422532,1540.0,4.0,3.0,Serviced Residence,PropertyGuru
Johor Bahru,380000,1540.0,4.0,3.0,Serviced Residence,PropertyGuru
Johor Bahru,880000,1540.0,4.0,3.0,Terrace House,PropertyGuru
Other,1000000,2950.0,5.0,4.0,Terrace House,Kaggle
Other,920000,2950.0,5.0,3.0,Terrace House,Kaggle
Other,980000,1920.0,5.0,4.0,Terrace House,Kaggle
Pasir Gudang,590000,1600.0,4.0,3.0,Terrace House,Kaggle
Other,328000,700.0,2.0,2.0,Low-Cost House,Kaggle
Other,699000,3000.0,5.0,3.0,Terrace House,Kaggle
Other,650000,1213.0,4.0,3.0,Condominium,Kaggle
Other,650000,1100.0,3.0,2.0,House (Others),Kaggle
Other,610000,1450.0,4.0,3.0,Terrace House,Kaggle
Other,450000,809.0,3.0,2.0,Terrace House,Kaggle
Other,368000,1300.0,3.0,1.0,Terrace House,Kaggle
Other,900000,800.0,2.0,1.0,Condominium,Kaggle
Other,1600000,1386.0,4.0,3.0,Condominium,Kaggle
Other,580000,1216.0,4.0,3.0,Condominium,Kaggle
Other,580000,1210.0,4.0,3.0,Terrace House,Kaggle
Other,500000,958.0,2.0,2.0,Condominium,Kaggle
Other,750000,1600.0,5.0,4.0,Terrace House,Kaggle
Mount Austin,698000,1500.0,4.0,3.0,Terrace House,Kaggle
Other,820000,1540.0,4.0,4.0,Terrace House,Kaggle
Pasir Gudang,740000,2665.0,5.0,4.0,Cluster House,Kaggle
Other,358000,1450.0,3.0,2.0,Terrace House,Kaggle
Other,488000,1400.0,3.0,2.0,Terrace House,Kaggle
Other,778000,1700.0,4.0,3.0,Terrace House,Kaggle
Johor Bahru,860000,2000.0,4.0,3.0,Terrace House,Kaggle
Skudai,518000,1800.0,4.0,2.0,Terrace House,Kaggle
Other,525000,535.0,1.0,1.0,Condominium,Kaggle
Other,548000,4700.0,4.0,2.0,Terrace House,Kaggle
Other,780000,1700.0,5.0,4.0,Terrace House,Kaggle
Other,345000,800.0,3.0,2.0,Low-Cost House,Kaggle
Mount Austin,460000,999.0,3.0,2.0,Condominium,Kaggle
Other,642000,1496.0,3.0,3.0,Terrace House,Kaggle
Kulai,380000,2880.0,3.0,4.0,Terrace House,Kaggle
Other,658000,1540.0,4.0,3.0,House (Others),Kaggle
Other,560000,958.0,4.0,2.0,Condominium,Kaggle
Other,350000,775.0,3.0,2.0,Terrace House,Kaggle
Permas Jaya,438000,1144.0,4.0,2.0,Condominium,Kaggle
Other,350000,1100.0,2.0,2.0,Low-Cost House,Kaggle
Other,698000,1500.0,5.0,3.0,Terrace House,Kaggle
Other,415000,1180.0,3.0,2.0,Terrace House,Kaggle
Other,318000,650.0,2.0,2.0,Condominium,Kaggle
Iskandar Puteri,625000,1600.0,4.0,3.0,Terrace House,Kaggle
Other,440000,954.0,3.0,2.0,Condominium,Kaggle
Johor Bahru,850000,650.0,1.0,1.0,Condominium,Kaggle
Other,550000,1390.0,3.0,2.0,Condominium,Kaggle
Pasir Gudang,618000,1688.0,4.0,3.0,Terrace House,Kaggle
Pasir Gudang,580000,1400.0,4.0,3.0,Terrace House,Kaggle
Other,550000,1540.0,3.0,2.0,Terrace House,Kaggle
Other,370000,463.0,4.0,1.0,Condominium,Kaggle
Other,310000,1100.0,3.0,2.0,Low-Cost House,Kaggle
Other,499000,1540.0,4.0,3.0,Terrace House,Kaggle
Other,470000,1650.0,3.0,2.0,Terrace House,Kaggle
Other,608000,2730.0,4.0,3.0,Terrace House,Kaggle
Other,698000,1920.0,4.0,2.0,Terrace House,Kaggle
Other,700000,2206.0,4.0,3.0,Terrace House,Kaggle
Pasir Gudang,388000,1540.0,3.0,2.0,Terrace House,Kaggle
Kulai,468000,2002.0,3.0,2.0,Terrace House,Kaggle
Other,378000,770.0,3.0,2.0,Terrace House,Kaggle
Other,598000,1540.0,4.0,3.0,Terrace House,Kaggle
Johor Bahru,330000,1004.0,3.0,2.0,Condominium,Kaggle
Other,610000,1400.0,3.0,2.0,Terrace House,Kaggle
Other,3500000,3915.0,5.0,5.0,Cluster House,Kaggle
Other,538000,770.0,5.0,2.0,Low-Cost House,Kaggle
Other,1980000,3606.0,5.0,5.0,Terrace House,Kaggle
Johor Bahru,588000,1668.0,3.0,2.0,Terrace House,Kaggle
Other,450000,1155.0,3.0,2.0,Condominium,Kaggle
Other,500000,1206.0,4.0,2.0,Condominium,Kaggle
Other,798000,1680.0,4.0,3.0,Terrace House,Kaggle
Other,698000,2450.0,4.0,3.0,Terrace House,Kaggle
Other,475000,1500.0,4.0,3.0,Terrace House,Kaggle
Pasir Gudang,568000,1600.0,4.0,3.0,Terrace House,Kaggle
Other,420000,1798.0,3.0,3.0,Terrace House,Kaggle
Pasir Gudang,498000,2087.0,4.0,2.0,Terrace House,Kaggle
Other,398000,850.0,3.0,2.0,Condominium,Kaggle
Other,688000,1540.0,4.0,3.0,Terrace House,Kaggle
Other,568000,1170.0,4.0,3.0,Terrace House,Kaggle
Johor Bahru,550000,1175.0,3.0,3.0,Condominium,Kaggle
Pasir Gudang,880000,1900.0,4.0,5.0,Terrace House,Kaggle
Other,1180000,2800.0,4.0,4.0,Link Bungalow / Semi-Detached,Kaggle
Other,360000,1800.0,3.0,2.0,Terrace House,Kaggle
Pasir Gudang,700000,2450.0,4.0,3.0,Terrace House,Kaggle
Other,788000,1680.0,4.0,3.0,Terrace House,Kaggle
Other,538000,1540.0,3.0,2.0,House (Others),Kaggle
Johor Jaya,930000,2828.0,4.0,3.0,Terrace House,Kaggle
Other,365000,520.0,4.0,1.0,Condominium,Kaggle
Other,630000,1216.0,3.0,3.0,Condominium,Kaggle
Other,388000,775.0,3.0,2.0,Terrace House,Kaggle
Other,1350000,2669.0,4.0,4.0,Terrace House,Kaggle
Other,318000,650.0,2.0,2.0,Condominium,Kaggle
Other,640000,1650.0,4.0,3.0,Terrace House,Kaggle
Other,718000,2240.0,4.0,3.0,Terrace House,Kaggle
Other,780000,1170.0,4.0,3.0,Terrace House,Kaggle
Johor Bahru,798000,1760.0,4.0,3.0,Terrace House,Kaggle
Other,478000,1300.0,3.0,2.0,Terrace House,Kaggle
Other,1550000,3200.0,4.0,5.0,Terrace House,Kaggle
Pasir Gudang,760000,2450.0,5.0,4.0,Terrace House,Kaggle
Other,650000,1926.0,4.0,4.0,Bungalow / Detached House,Kaggle
Other,300000,574.0,1.0,1.0,Condominium,Kaggle
Other,350000,658.0,1.0,1.0,Condominium,Kaggle
Other,328000,900.0,3.0,2.0,Low-Cost House,Kaggle
Johor Bahru,850000,1650.0,4.0,4.0,Terrace House,Kaggle
Other,655000,1800.0,5.0,3.0,Terrace House,Kaggle
Other,800000,1760.0,4.0,3.0,Terrace House,Kaggle
Other,480000,1405.0,3.0,2.0,Condominium,Kaggle
Other,470000,881.0,2.0,2.0,Condominium,Kaggle
Kulai,468000,1400.0,3.0,2.0,Terrace House,Kaggle
Johor Bahru,788000,2000.0,4.0,3.0,Terrace House,Kaggle
Other,458000,1500.0,3.0,2.0,Terrace House,Kaggle
Other,408000,2000.0,5.0,3.0,Terrace House,Kaggle
Other,900000,1920.0,4.0,5.0,Terrace House,Kaggle
Other,500000,1442.0,4.0,2.0,Terrace House,Kaggle
Other,658000,2000.0,4.0,3.0,Terrace House,Kaggle
Other,2000000,6749.0,6.0,5.0,Bungalow / Detached House,Kaggle
Permas Jaya,448000,1150.0,3.0,2.0,Condominium,Kaggle
Other,550000,1302.0,4.0,2.0,Condominium,Kaggle
Johor Bahru,595000,1540.0,3.0,2.0,Terrace House,Kaggle
Johor Bahru,450000,1003.0,3.0,2.0,Condominium,Kaggle
Other,305000,658.0,1.0,1.0,Condominium,Kaggle
Other,600000,1005.0,2.0,2.0,Condominium,Kaggle
Other,2000000,3000.0,4.0,4.0,Terrace House,Kaggle
Other,650000,1760.0,4.0,4.0,Terrace House,Kaggle
Other,388000,770.0,3.0,1.0,Low-Cost House,Kaggle
Mount Austin,355000,660.0,2.0,1.0,Condominium,Kaggle
Bukit Indah,1980000,2583.0,5.0,3.0,Link Bungalow / Semi-Detached,Kaggle
Other,608000,1170.0,4.0,3.0,Terrace House,Kaggle
Other,368000,770.0,3.0,2.0,Terrace House,Kaggle
Other,408000,770.0,3.0,2.0,Terrace House,Kaggle
Other,650000,1540.0,4.0,2.0,Terrace House,Kaggle
Other,408000,1005.0,3.0,2.0,Condominium,Kaggle
Other,688000,1650.0,5.0,3.0,Terrace House,Kaggle
Kulai,345000,770.0,3.0,2.0,Terrace House,Kaggle
Pasir Gudang,470000,2770.0,3.0,2.0,Terrace House,Kaggle
Other,420000,1320.0,4.0,3.0,Low-Cost House,Kaggle
Other,460000,1400.0,4.0,3.0,Terrace House,Kaggle
Other,385000,960.0,3.0,3.0,Terrace House,Kaggle
Other,658000,1170.0,4.0,3.0,Terrace House,Kaggle
Other,828000,1875.0,5.0,5.0,Terrace House,Kaggle
Other,788000,2462.0,4.0,4.0,Terrace House,Kaggle
Other,330000,1400.0,2.0,2.0,Terrace House,Kaggle
Other,600000,1400.0,3.0,2.0,Terrace House,Kaggle
Other,487000,1020.0,3.0,2.0,Condominium,Kaggle
Other,1280000,5000.0,5.0,4.0,Terrace House,Kaggle
Other,588000,1170.0,4.0,3.0,Terrace House,Kaggle
Other,368000,1173.0,4.0,3.0,Terrace House,Kaggle
Other,455000,1170.0,4.0,3.0,Terrace House,Kaggle
Other,368000,770.0,2.0,2.0,Low-Cost House,Kaggle
Other,730000,1170.0,4.0,4.0,Terrace House,Kaggle
Other,638000,2200.0,3.0,2.0,Link Bungalow / Semi-Detached,Kaggle
Other,388000,742.0,3.0,2.0,Low-Cost House,Kaggle
Other,588000,1232.0,3.0,3.0,Condominium,Kaggle
Other,600000,1760.0,3.0,3.0,Terrace House,Kaggle
Skudai,740000,3500.0,4.0,3.0,Link Bungalow / Semi-Detached,Kaggle
Kulai,400000,1760.0,3.0,2.0,Terrace House,Kaggle
Other,415000,1170.0,3.0,2.0,Terrace House,Kaggle
Other,550000,1500.0,4.0,3.0,Terrace House,Kaggle
Other,688000,2000.0,5.0,2.0,Terrace House,Kaggle
Other,465000,1400.0,4.0,3.0,Terrace House,Kaggle
Kulai,918000,3336.0,5.0,5.0,Terrace House,Kaggle
Other,3700000,3330.0,6.0,7.0,Bungalow / Detached House,Kaggle
Kulai,370000,1540.0,3.0,2.0,Low-Cost House,Kaggle
Other,618000,1170.0,4.0,3.0,Terrace House,Kaggle
Mount Austin,480000,1033.0,3.0,2.0,Condominium,Kaggle
Other,800000,1500.0,4.0,3.0,Terrace House,Kaggle
Other,3500000,10000.0,5.0,4.0,Bungalow / Detached House,Kaggle
Other,3500000,4800.0,9.0,7.0,Link Bungalow / Semi-Detached,Kaggle
Other,358000,770.0,3.0,1.0,Terrace House,Kaggle
Kulai,380000,775.0,3.0,2.0,Terrace House,Kaggle
Other,550000,764.0,2.0,2.0,Condominium,Kaggle
Other,360000,1400.0,3.0,2.0,Terrace House,Kaggle
Other,470000,2500.0,3.0,2.0,Terrace House,Kaggle
Kulai,498000,1540.0,4.0,3.0,Terrace House,Kaggle
Other,550000,2078.0,4.0,4.0,Terrace House,Kaggle
Other,310000,775.0,2.0,1.0,Low-Cost House,Kaggle
Johor Bahru,968000,1400.0,4.0,3.0,Terrace House,Kaggle
Other,590000,1500.0,3.0,3.0,Terrace House,Kaggle
Johor Bahru,400000,900.0,3.0,2.0,Condominium,Kaggle
Other,620000,1027.0,3.0,3.0,Condominium,Kaggle
Other,2100000,3645.0,6.0,6.0,Link Bungalow / Semi-Detached,Kaggle
Kulai,480000,1170.0,4.0,3.0,Terrace House,Kaggle
Other,545000,1500.0,4.0,3.0,Terrace House,Kaggle
Skudai,548000,1606.0,4.0,2.0,Terrace House,Kaggle
Mount Austin,388000,786.0,2.0,1.0,Condominium,Kaggle
Kulai,475000,1400.0,4.0,2.0,Terrace House,Kaggle
Other,838000,1680.0,5.0,4.0,Terrace House,Kaggle
Other,468000,1208.0,4.0,3.0,Condominium,Kaggle
Other,415000,1170.0,3.0,2.0,Terrace House,Kaggle
Other,430000,3000.0,3.0,2.0,Terrace House,Kaggle
Other,345000,780.0,3.0,2.0,Terrace House,Kaggle
Other,788000,1920.0,4.0,3.0,Terrace House,Kaggle
Other,429000,2600.0,4.0,3.0,Terrace House,Kaggle
Skudai,360000,1044.0,2.0,1.0,Low-Cost House,Kaggle
Johor Jaya,1100000,3000.0,4.0,3.0,Link Bungalow / Semi-Detached,Kaggle
Johor Bahru,2680000,8000.0,7.0,5.0,Terrace House,Kaggle
Other,578000,1540.0,3.0,2.0,Terrace House,Kaggle
Other,495000,1680.0,3.0,2.0,Terrace House,Kaggle
Other,598000,1765.0,3.0,2.0,Town House,Kaggle
Permas Jaya,420000,1114.0,3.0,2.0,Condominium,Kaggle
Other,499000,1540.0,5.0,3.0,Terrace House,Kaggle
Other,548000,1400.0,3.0,2.0,Terrace House,Kaggle
Other,438000,1800.0,3.0,3.0,Terrace House,Kaggle
Other,460000,1540.0,4.0,3.0,Terrace House,Kaggle
Other,518000,1760.0,4.0,2.0,Terrace House,Kaggle
Other,420000,1540.0,3.0,2.0,Terrace House,Kaggle
Other,450000,1155.0,3.0,2.0,Condominium,Kaggle
Other,490000,1100.0,3.0,2.0,Condominium,Kaggle
Other,468000,1068.0,5.0,2.0,Condominium,Kaggle
Other,335000,770.0,2.0,2.0,Low-Cost House,Kaggle
Other,345000,1400.0,3.0,2.0,Terrace House,Kaggle
Other,398000,774.0,3.0,2.0,Low-Cost House,Kaggle
Other,800000,1001.0,2.0,2.0,Condominium,Kaggle
Other,638000,1170.0,4.0,3.0,Terrace House,Kaggle
Other,570000,2100.0,4.0,3.0,Terrace House,Kaggle
Other,388000,1620.0,4.0,2.0,Terrace House,Kaggle
Other,658000,1540.0,4.0,3.0,Terrace House,Kaggle
Other,848000,2400.0,4.0,2.0,Terrace House,Kaggle
Other,758000,2000.0,4.0,3.0,Terrace House,Kaggle
Pasir Gudang,690000,1400.0,3.0,3.0,Terrace House,Kaggle
Johor Bahru,768000,1960.0,4.0,3.0,Terrace House,Kaggle
Other,358000,840.0,3.0,2.0,Low-Cost House,Kaggle
Other,608000,1540.0,4.0,4.0,Terrace House,Kaggle
Other,350000,1760.0,3.0,2.0,Terrace House,Kaggle
Other,465000,1936.0,4.0,3.0,Terrace House,Kaggle
Mount Austin,750000,1400.0,4.0,3.0,Terrace House,Kaggle
Bukit Indah,750000,1615.0,4.0,4.0,Condominium,Kaggle
Other,350000,1540.0,3.0,2.0,Terrace House,Kaggle
Other,470000,1540.0,3.0,2.0,Terrace House,Kaggle
Other,880000,3400.0,6.0,6.0,Terrace House,Kaggle
Other,1150000,4300.0,4.0,5.0,Terrace House,Kaggle
Other,683000,1300.0,4.0,3.0,Terrace House,Kaggle
Other,1242500,4214.0,5.0,4.0,Bungalow / Detached House,Kaggle
Other,730000,2210.0,4.0,3.0,Cluster House,Kaggle
Other,520000,1460.0,3.0,2.0,Terrace House,Kaggle
Other,830000,1800.0,4.0,4.0,Terrace House,Kaggle
Other,380000,1000.0,3.0,3.0,Terrace House,Kaggle
Other,2550000,3200.0,5.0,6.0,Link Bungalow / Semi-Detached,Kaggle
Taman Molek,1850000,1920.0,4.0,5.0,Terrace House,Kaggle
Other,480000,646.0,2.0,1.0,Condominium,Kaggle
Other,800000,1001.0,2.0,2.0,Condominium,Kaggle
Other,730000,1680.0,4.0,3.0,Terrace House,Kaggle
Other,790000,1507.0,4.0,3.0,Terrace House,Kaggle
Iskandar Puteri,2200000,2800.0,4.0,6.0,Link Bungalow / Semi-Detached,Kaggle
Other,638000,2450.0,3.0,2.0,Link Bungalow / Semi-Detached,Kaggle
Other,480000,1400.0,3.0,2.0,Terrace House,Kaggle
Pasir Gudang,568000,1400.0,4.0,3.0,Terrace House,Kaggle
Johor Bahru,768000,1439.0,4.0,3.0,Terrace House,Kaggle
Skudai,650000,1540.0,3.0,1.0,Terrace House,Kaggle
Other,890000,1540.0,5.0,3.0,Terrace House,Kaggle
Mount Austin,680000,1317.0,4.0,3.0,Condominium,Kaggle
Other,1100000,1540.0,4.0,4.0,Terrace House,Kaggle
Other,600000,816.0,2.0,2.0,Condominium,Kaggle
Permas Jaya,365000,770.0,3.0,2.0,Terrace House,Kaggle
Other,1900000,3541.0,5.0,5.0,Link Bungalow / Semi-Detached,Kaggle
Other,2850000,4500.0,5.0,6.0,Link Bungalow / Semi-Detached,Kaggle
Johor Jaya,618000,1540.0,4.0,3.0,Terrace House,Kaggle
Johor Jaya,1100000,3200.0,4.0,3.0,Link Bungalow / Semi-Detached,Kaggle
Other,450000,809.0,3.0,2.0,Terrace House,Kaggle
Other,328000,1216.0,4.0,3.0,Condominium,Kaggle
Other,858000,1680.0,7.0,4.0,Terrace House,Kaggle
Permas Jaya,890000,1300.0,4.0,3.0,Terrace House,Kaggle
Other,640000,1540.0,4.0,3.0,Terrace House,Kaggle
Other,1250000,2600.0,5.0,5.0,Cluster House,Kaggle
Other,1250000,2608.0,6.0,5.0,Cluster House,Kaggle
Other,2800000,3137.0,5.0,6.0,Link Bungalow / Semi-Detached,Kaggle
Bukit Indah,600000,1400.0,3.0,2.0,Terrace House,Kaggle
Other,1430000,3080.0,5.0,5.0,Link Bungalow / Semi-Detached,Kaggle
Other,1300000,2384.0,4.0,4.0,Link Bungalow / Semi-Detached,Kaggle
Other,1300000,2384.0,4.0,4.0,Cluster House,Kaggle
Other,1300000,1650.0,5.0,5.0,Cluster House,Kaggle
Bukit Indah,1180000,1540.0,5.0,4.0,Terrace House,Kaggle
Other,899000,1680.0,4.0,4.0,Terrace House,Kaggle
Other,850000,1680.0,4.0,4.0,Terrace House,Kaggle
Other,480000,967.0,2.0,2.0,Condominium,Kaggle
Other,778000,872.0,1.0,2.0,Condominium,Kaggle
Other,1400000,2329.0,4.0,4.0,Terrace House,Kaggle
Kulai,810000,1950.0,4.0,4.0,Terrace House,Kaggle
Skudai,1120000,2380.0,5.0,5.0,Cluster House,Kaggle
Johor Bahru,975000,2975.0,5.0,4.0,Link Bungalow / Semi-Detached,Kaggle
Johor Jaya,568000,1760.0,4.0,2.0,Terrace House,Kaggle
Pasir Gudang,428000,1400.0,3.0,2.0,Terrace House,Kaggle
Other,788000,3337.0,4.0,3.0,Link Bungalow / Semi-Detached,Kaggle
Johor Bahru,588000,1668.0,3.0,2.0,Terrace House,Kaggle
Other,650000,1540.0,4.0,3.0,Terrace House,Kaggle
Permas Jaya,388000,700.0,3.0,2.0,Low-Cost House,Kaggle
Other,760000,2240.0,4.0,3.0,Cluster House,Kaggle
Iskandar Puteri,1850000,3000.0,5.0,5.0,Link Bungalow / Semi-Detached,Kaggle
Other,558000,1800.0,3.0,3.0,Terrace House,Kaggle
Other,1050000,2440.0,5.0,4.0,Terrace House,Kaggle
Permas Jaya,560000,1635.0,3.0,2.0,Condominium,Kaggle
Other,488000,1540.0,4.0,3.0,Terrace House,Kaggle
Other,3300000,6000.0,5.0,4.0,Link Bungalow / Semi-Detached,Kaggle
Other,948000,2550.0,5.0,5.0,Terrace House,Kaggle
Bukit Indah,980000,2470.0,4.0,4.0,Terrace House,Kaggle
Other,350000,1013.0,3.0,2.0,Condominium,Kaggle
Other,980000,2080.0,5.0,5.0,Cluster House,Kaggle
Other,1800000,2080.0,4.0,4.0,Cluster House,Kaggle
Johor Jaya,950000,3200.0,4.0,3.0,Terrace House,Kaggle
Johor Bahru,1450000,3200.0,5.0,5.0,Link Bungalow / Semi-Detached,Kaggle
Other,700000,1540.0,4.0,3.0,Terrace House,Kaggle
Other,320000,990.0,4.0,2.0,Condominium,Kaggle
Iskandar Puteri,4500000,6305.0,6.0,7.0,Bungalow / Detached House,Kaggle
Other,1150000,2720.0,4.0,4.0,Link Bungalow / Semi-Detached,Kaggle
Other,4900000,4900.0,7.0,6.0,Bungalow / Detached House,Kaggle
Other,300000,1540.0,4.0,2.0,Terrace House,Kaggle
Kulai,4200000,1540.0,13.0,7.0,Bungalow / Detached House,Kaggle
Other,1700000,2140.0,5.0,5.0,Cluster House,Kaggle
Other,3700000,2303.0,5.0,5.0,Condominium,Kaggle
Pontian,850000,2600.0,4.0,3.0,Link Bungalow / Semi-Detached,Kaggle
Other,1000000,1680.0,4.0,3.0,Link Bungalow / Semi-Detached,Kaggle
Other,480000,1340.0,3.0,2.0,Terrace House,Kaggle
Other,470000,1540.0,4.0,3.0,Terrace House,Kaggle
Permas Jaya,380000,830.0,2.0,2.0,Condominium,Kaggle
Segamat,465000,1540.0,4.0,3.0,Terrace House,Kaggle
Other,300000,1001.0,3.0,2.0,Condominium,Kaggle
Other,680000,1680.0,5.0,3.0,Terrace House,Kaggle
Other,2580000,3190.0,5.0,4.0,Link Bungalow / Semi-Detached,Kaggle
Johor Bahru,470000,900.0,3.0,2.0,Condominium,Kaggle
Other,1150000,1540.0,4.0,4.0,Cluster House,Kaggle
Other,3780000,1540.0,4.0,3.0,Link Bungalow / Semi-Detached,Kaggle
Johor Bahru,545000,1400.0,3.0,2.0,Terrace House,Kaggle
Other,580000,1400.0,3.0,2.0,Terrace House,Kaggle
Other,858000,1680.0,7.0,4.0,Terrace House,Kaggle
Johor Bahru,818000,1760.0,4.0,3.0,Terrace House,Kaggle
Johor Bahru,820000,1650.0,4.0,3.0,Terrace House,Kaggle
Other,580000,1210.0,4.0,3.0,Terrace House,Kaggle
Other,698000,1440.0,4.0,3.0,Terrace House,Kaggle
Other,498000,1760.0,4.0,3.0,Terrace House,Kaggle
Other,450000,1068.0,3.0,2.0,Condominium,Kaggle
Mount Austin,450000,1033.0,3.0,2.0,Condominium,Kaggle
Taman Molek,908000,2240.0,5.0,3.0,Terrace House,Kaggle
Mount Austin,500000,1033.0,3.0,2.0,Condominium,Kaggle
Other,580000,1540.0,4.0,2.0,Terrace House,Kaggle
Other,698000,1400.0,4.0,3.0,Terrace House,Kaggle
Other,540000,1320.0,4.0,3.0,Terrace House,Kaggle
Other,335000,770.0,3.0,2.0,Terrace House,Kaggle
Other,395000,906.0,2.0,2.0,Condominium,Kaggle
Johor Bahru,420000,1098.0,3.0,2.0,Condominium,Kaggle
Other,1080000,2300.0,4.0,4.0,Cluster House,Kaggle
Bukit Indah,888000,1540.0,4.0,4.0,Terrace House,Kaggle
Johor Bahru,1900000,8632.0,5.0,5.0,Bungalow / Detached House,Kaggle
Other,950000,3780.0,5.0,4.0,Link Bungalow / Semi-Detached,Kaggle
Other,350000,770.0,3.0,2.0,Terrace House,Kaggle
Other,320000,728.0,3.0,2.0,Terrace House,Kaggle
Mount Austin,350000,765.0,2.0,2.0,Condominium,Kaggle
Johor Bahru,938000,2535.0,4.0,3.0,Link Bungalow / Semi-Detached,Kaggle
Other,498000,1540.0,3.0,1.0,Terrace House,Kaggle
Other,618000,1300.0,3.0,2.0,Terrace House,Kaggle
Other,610000,1400.0,4.0,3.0,Terrace House,Kaggle
Other,648000,1540.0,4.0,3.0,Terrace House,Kaggle
Skudai,788000,1400.0,5.0,4.0,Terrace House,Kaggle
Other,1400000,3000.0,4.0,3.0,Link Bungalow / Semi-Detached,Kaggle
Mount Austin,850000,2320.0,4.0,4.0,Terrace House,Kaggle
Other,576000,1540.0,3.0,2.0,Terrace House,Kaggle
Other,1300000,2240.0,5.0,4.0,Cluster House,Kaggle
Other,670000,1430.0,4.0,4.0,Terrace House,Kaggle
Johor Bahru,788000,1400.0,4.0,4.0,Terrace House,Kaggle
Other,450000,809.0,3.0,2.0,Terrace House,Kaggle
Other,728000,3120.0,4.0,5.0,Condominium,Kaggle
Other,1350000,3200.0,6.0,3.0,Link Bungalow / Semi-Detached,Kaggle
Other,988000,3200.0,4.0,3.0,Link Bungalow / Semi-Detached,Kaggle
Other,800000,1760.0,4.0,3.0,Terrace House,Kaggle
Johor Bahru,638000,3947.0,5.0,3.0,Terrace House,Kaggle
Other,1280000,2560.0,4.0,5.0,Cluster House,Kaggle
Other,300000,1040.0,2.0,2.0,Terrace House,Kaggle
Other,480000,1400.0,3.0,2.0,Terrace House,Kaggle
Other,558000,676.0,1.0,1.0,Condominium,Kaggle
Other,338000,661.0,1.0,1.0,Condominium,Kaggle
Johor Bahru,658000,1170.0,4.0,3.0,Terrace House,Kaggle
Other,698000,1430.0,5.0,3.0,Terrace House,Kaggle
Johor Bahru,700000,1300.0,4.0,3.0,Terrace House,Kaggle
Other,999000,3000.0,5.0,4.0,Terrace House,Kaggle
Johor Bahru,560000,1400.0,3.0,2.0,Terrace House,Kaggle
Permas Jaya,910000,2173.0,4.0,3.0,Terrace House,Kaggle
Other,880000,1760.0,4.0,3.0,Terrace House,Kaggle
Kulai,580000,3200.0,4.0,3.0,Link Bungalow / Semi-Detached,Kaggle
Other,488000,1540.0,4.0,3.0,Terrace House,Kaggle
Other,320000,650.0,2.0,2.0,Condominium,Kaggle
Other,660000,1400.0,4.0,3.0,Terrace House,Kaggle
Other,560000,1200.0,4.0,3.0,Terrace House,Kaggle
Other,898000,2600.0,6.0,3.0,Terrace House,Kaggle
Johor Bahru,790000,1400.0,4.0,3.0,Terrace House,Kaggle
Johor Jaya,635000,1540.0,4.0,3.0,Terrace House,Kaggle
Other,450000,945.0,3.0,2.0,Condominium,Kaggle
Other,625000,1400.0,5.0,4.0,Terrace House,Kaggle
Other,1250000,1760.0,5.0,5.0,Cluster House,Kaggle
Other,680000,1400.0,5.0,4.0,Terrace House,Kaggle
Other,1500000,3150.0,5.0,4.0,Cluster House,Kaggle
Other,680000,1968.0,4.0,3.0,Town House,Kaggle
Other,460000,1540.0,3.0,2.0,Terrace House,Kaggle
Other,550000,1760.0,3.0,2.0,Terrace House,Kaggle
Other,430000,1540.0,4.0,2.0,Terrace House,Kaggle
Other,818000,1870.0,3.0,2.0,Terrace House,Kaggle
Other,668000,1540.0,3.0,2.0,Terrace House,Kaggle
Other,780000,1495.0,3.0,3.0,Condominium,Kaggle
Other,400000,640.0,4.0,1.0,Condominium,Kaggle
Skudai,780000,1170.0,4.0,3.0,Terrace House,Kaggle
Other,480000,1400.0,3.0,2.0,Terrace House,Kaggle
Johor Jaya,528000,1540.0,3.0,2.0,Terrace House,Kaggle
Permas Jaya,625000,1635.0,3.0,3.0,Condominium,Kaggle
Other,560000,1659.0,4.0,3.0,Terrace House,Kaggle
Other,445000,1540.0,3.0,2.0,Terrace House,Kaggle
Other,460000,1540.0,4.0,3.0,Terrace House,Kaggle
Permas Jaya,520000,1635.0,4.0,3.0,Condominium,Kaggle
Johor Bahru,1200000,3337.0,4.0,3.0,Terrace House,Kaggle
Johor Bahru,330000,1028.0,3.0,2.0,Condominium,Kaggle
Other,1080000,1139.0,3.0,2.0,Condominium,Kaggle
Other,428000,1540.0,4.0,3.0,Terrace House,Kaggle
Other,280000,650.0,2.0,1.0,Condominium,Kaggle
Johor Bahru,1650000,3400.0,6.0,5.0,Link Bungalow / Semi-Detached,Kaggle
Other,718000,2100.0,4.0,4.0,Terrace House,Kaggle
Other,410000,1540.0,4.0,3.0,Terrace House,Kaggle
Other,510000,1540.0,3.0,2.0,Terrace House,Kaggle
Other,408000,1700.0,3.0,2.0,Terrace House,Kaggle
Other,850000,1540.0,4.0,3.0,Terrace House,Kaggle
Other,878000,1540.0,5.0,5.0,Cluster House,Kaggle
Other,2300000,5094.0,7.0,7.0,Link Bungalow / Semi-Detached,Kaggle
Other,399000,689.0,1.0,1.0,Condominium,Kaggle
Other,835000,3648.0,6.0,5.0,Link Bungalow / Semi-Detached,Kaggle
Other,1650000,1540.0,8.0,4.0,Bungalow / Detached House,Kaggle
Other,638000,1540.0,4.0,4.0,Terrace House,Kaggle
Other,460000,883.0,3.0,2.0,Condominium,Kaggle
Other,455000,705.0,3.0,1.0,Condominium,Kaggle
Other,388000,1284.0,4.0,3.0,Condominium,Kaggle
Other,380000,799.0,3.0,2.0,Condominium,Kaggle
Other,568000,678.0,2.0,1.0,Condominium,Kaggle
Other,1300000,1540.0,5.0,4.0,Link Bungalow / Semi-Detached,Kaggle
Johor Bahru,438000,941.0,4.0,2.0,Condominium,Kaggle
Other,750000,882.0,2.0,2.0,Condominium,Kaggle
Mount Austin,700000,1244.0,3.0,2.0,Condominium,Kaggle
Bukit Indah,778000,1540.0,3.0,3.0,Terrace House,Kaggle
Mount Austin,738000,1540.0,4.0,3.0,Terrace House,Kaggle
Other,770000,3402.0,5.0,4.0,Link Bungalow / Semi-Detached,Kaggle
Other,299000,1540.0,3.0,2.0,Terrace House,Kaggle
Skudai,539000,1540.0,3.0,2.0,Terrace House,Kaggle
Iskandar Puteri,2880000,4000.0,6.0,4.0,Terrace House,Kaggle
Johor Bahru,645000,850.0,3.0,2.0,Condominium,Kaggle
Other,720000,1801.0,4.0,3.0,Terrace House,Kaggle
Other,654000,2390.0,5.0,5.0,Terrace House,Kaggle
Other,530000,1850.0,5.0,3.0,House (Others),Kaggle
Other,468000,1540.0,5.0,3.0,Terrace House,Kaggle
Johor Bahru,468000,1092.0,3.0,2.0,Condominium,Kaggle
Other,520000,1540.0,3.0,2.0,Terrace House,Kaggle
Other,2500000,3774.0,6.0,6.0,Link Bungalow / Semi-Detached,Kaggle
Other,1450000,3220.0,6.0,5.0,Terrace House,Kaggle
Other,1000000,1217.0,2.0,2.0,Condominium,Kaggle
Other,928000,2260.0,4.0,3.0,Terrace House,Kaggle
Other,650000,1725.0,3.0,3.0,Condominium,Kaggle
Other,950000,3000.0,6.0,4.0,Link Bungalow / Semi-Detached,Kaggle
Other,1188000,4110.0,5.0,4.0,Link Bungalow / Semi-Detached,Kaggle
Johor Bahru,960000,1540.0,4.0,3.0,Terrace House,Kaggle
Johor Bahru,4350000,1540.0,5.0,6.0,Bungalow / Detached House,Kaggle
Bukit Indah,575000,1400.0,4.0,3.0,Terrace House,Kaggle
Kulai,733000,1706.0,4.0,4.0,Link Bungalow / Semi-Detached,Kaggle
Other,827000,2940.0,5.0,4.0,Terrace House,Kaggle
Pasir Gudang,288000,770.0,2.0,1.0,Terrace House,Kaggle
Other,680000,1540.0,3.0,2.0,Terrace House,Kaggle
Johor Bahru,780000,1400.0,4.0,4.0,Terrace House,Kaggle
Other,210000,807.0,3.0,2.0,Condominium,Kaggle
Other,1700000,1540.0,4.0,4.0,Link Bungalow / Semi-Detached,Kaggle
Other,2800000,6000.0,5.0,5.0,Link Bungalow / Semi-Detached,Kaggle
Kulai,445000,1400.0,3.0,2.0,Terrace House,Kaggle
Other,288000,650.0,2.0,2.0,Condominium,Kaggle
Skudai,658000,1540.0,4.0,3.0,Terrace House,Kaggle
Other,1600000,1998.0,5.0,5.0,Condominium,Kaggle
Other,720000,1801.0,4.0,3.0,Terrace House,Kaggle
Other,860000,1400.0,4.0,3.0,Terrace House,Kaggle
Other,695000,1600.0,4.0,4.0,Terrace House,Kaggle
Other,1700000,1540.0,4.0,4.0,Link Bungalow / Semi-Detached,Kaggle
Other,598000,1540.0,4.0,3.0,Terrace House,Kaggle
Other,760000,2618.0,4.0,3.0,Terrace House,Kaggle
Other,600000,936.0,2.0,2.0,Condominium,Kaggle
Permas Jaya,960000,2173.0,3.0,3.0,Terrace House,Kaggle
Other,358000,1540.0,2.0,2.0,Low-Cost House,Kaggle
Bukit Indah,265000,732.0,3.0,2.0,Flat,Kaggle
Johor Bahru,270000,912.0,3.0,2.0,Flat,Kaggle
Other,1700000,3297.0,5.0,7.0,Link Bungalow / Semi-Detached,Kaggle
Other,898000,1760.0,4.0,3.0,Terrace House,Kaggle
Other,699000,1400.0,4.0,3.0,Terrace House,Kaggle
Kulai,788000,2400.0,4.0,3.0,Terrace House,Kaggle
Skudai,750000,1540.0,4.0,3.0,Link Bungalow / Semi-Detached,Kaggle
Other,358000,850.0,3.0,2.0,Condominium,Kaggle
Other,460000,1324.0,3.0,2.0,Terrace House,Kaggle
Other,968000,1650.0,5.0,4.0,Terrace House,Kaggle
Other,1390000,2240.0,6.0,6.0,Cluster House,Kaggle
Other,498000,1400.0,4.0,3.0,Terrace House,Kaggle
Other,2200000,5095.0,7.0,7.0,Link Bungalow / Semi-Detached,Kaggle
Other,638000,1540.0,4.0,2.0,Terrace House,Kaggle
Other,1100000,3754.0,5.0,4.0,Link Bungalow / Semi-Detached,Kaggle
Permas Jaya,338000,950.0,3.0,2.0,Condominium,Kaggle
Other,1900000,3800.0,6.0,6.0,Link Bungalow / Semi-Detached,Kaggle
Other,2800000,2207.0,5.0,5.0,Condominium,Kaggle
Johor Bahru,1880000,1540.0,5.0,5.0,Terrace House,Kaggle
Other,650000,1540.0,4.0,3.0,Terrace House,Kaggle
Johor Bahru,699000,1540.0,4.0,3.0,Terrace House,Kaggle
Other,430000,980.0,3.0,2.0,Condominium,Kaggle
Other,730000,1144.0,4.0,3.0,Terrace House,Kaggle
Kulai,550000,1540.0,5.0,3.0,Terrace House,Kaggle
Other,288000,1540.0,3.0,2.0,Low-Cost House,Kaggle
Other,1200000,2066.0,4.0,4.0,Terrace House,Kaggle
Other,480000,1540.0,4.0,3.0,Terrace House,Kaggle
Other,580000,1540.0,4.0,3.0,Terrace House,Kaggle
Other,370000,770.0,3.0,2.0,Terrace House,Kaggle
Other,438000,2292.0,5.0,3.0,Low-Cost House,Kaggle
Other,1900000,3800.0,6.0,6.0,Link Bungalow / Semi-Detached,Kaggle
Johor Jaya,608000,1540.0,4.0,2.0,Terrace House,Kaggle
Other,698000,1540.0,4.0,3.0,Terrace House,Kaggle
Other,1680000,1540.0,5.0,4.0,Cluster House,Kaggle
Other,288000,1540.0,3.0,2.0,Terrace House,Kaggle
Johor Bahru,760000,1400.0,4.0,3.0,Terrace House,Kaggle
Other,468000,770.0,3.0,2.0,Low-Cost House,Kaggle
Other,768000,1400.0,4.0,3.0,Terrace House,Kaggle
Iskandar Puteri,1450000,3000.0,6.0,4.0,Terrace House,Kaggle
Other,1280000,2600.0,5.0,5.0,Terrace House,Kaggle
Other,2300000,2929.0,6.0,6.0,Link Bungalow / Semi-Detached,Kaggle
Other,490000,852.0,2.0,2.0,Condominium,Kaggle
Skudai,788000,1540.0,5.0,4.0,Terrace House,Kaggle
Other,1350000,1540.0,4.0,4.0,Link Bungalow / Semi-Detached,Kaggle
Other,958000,1540.0,4.0,3.0,Terrace House,Kaggle
Johor Bahru,270000,912.0,3.0,2.0,Flat,Kaggle
Other,528000,1540.0,4.0,3.0,Terrace House,Kaggle
Other,648000,1540.0,4.0,3.0,Terrace House,Kaggle
Other,451000,1540.0,3.0,2.0,Terrace House,Kaggle
Kulai,338000,775.0,3.0,2.0,Low-Cost House,Kaggle
Other,430000,1010.0,2.0,2.0,Condominium,Kaggle
Other,650000,1442.0,3.0,3.0,Town House,Kaggle
Other,1880000,2731.0,4.0,4.0,Terrace House,Kaggle
Other,1130000,1852.0,4.0,3.0,Terrace House,Kaggle
Other,1200000,1852.0,4.0,3.0,Terrace House,Kaggle
Other,1700000,2918.0,4.0,4.0,Terrace House,Kaggle
Iskandar Puteri,950000,1540.0,4.0,3.0,Terrace House,Kaggle
Bukit Indah,838000,1540.0,4.0,3.0,Terrace House,Kaggle
Permas Jaya,228000,880.0,3.0,2.0,Condominium,Kaggle
Other,335000,906.0,3.0,2.0,Condominium,Kaggle
Permas Jaya,228000,880.0,3.0,2.0,Condominium,Kaggle
Taman Molek,500000,1200.0,3.0,2.0,Condominium,Kaggle
Johor Jaya,290000,816.0,2.0,1.0,Low-Cost House,Kaggle
Other,428000,888.0,3.0,2.0,Condominium,Kaggle
Johor Bahru,588000,1540.0,3.0,2.0,Terrace House,Kaggle
Other,468000,1540.0,3.0,2.0,Terrace House,Kaggle
Other,368000,818.0,3.0,2.0,Condominium,Kaggle
Bukit Indah,888000,1540.0,4.0,4.0,Terrace House,Kaggle
Other,470000,1400.0,3.0,2.0,Terrace House,Kaggle
Kulai,515000,1540.0,4.0,3.0,Terrace House,Kaggle
Other,2680000,1540.0,7.0,6.0,Bungalow / Detached House,Kaggle
Other,712000,872.0,2.0,2.0,Condominium,Kaggle
Johor Bahru,880000,2242.0,5.0,4.0,Terrace House,Kaggle
Other,750000,1225.0,3.0,3.0,Condominium,Kaggle
Other,680000,1540.0,3.0,3.0,Town House,Kaggle
Other,410000,1080.0,3.0,2.0,Terrace House,Kaggle
Other,768000,1800.0,4.0,3.0,Terrace House,Kaggle
Bukit Indah,488000,1213.0,3.0,2.0,Condominium,Kaggle
Other,850000,3200.0,4.0,4.0,Link Bungalow / Semi-Detached,Kaggle
Permas Jaya,1179800,2210.0,4.0,4.0,Cluster House,Kaggle
Other,211000,850.0,3.0,2.0,Condominium,Kaggle
Other,1599999,5000.0,6.0,5.0,Bungalow / Detached House,Kaggle
Other,425000,1400.0,3.0,2.0,Terrace House,Kaggle
Other,980000,1540.0,4.0,4.0,Terrace House,Kaggle
Other,698000,1440.0,4.0,3.0,Terrace House,Kaggle
Permas Jaya,388000,770.0,3.0,2.0,Low-Cost House,Kaggle
Johor Jaya,608000,1540.0,3.0,2.0,Terrace House,Kaggle
Other,748000,1920.0,5.0,2.0,Terrace House,Kaggle
Pasir Gudang,318000,770.0,3.0,2.0,Low-Cost House,Kaggle
Other,378000,770.0,3.0,2.0,Low-Cost House,Kaggle
Other,378000,770.0,3.0,2.0,Low-Cost House,Kaggle
Other,980000,2800.0,5.0,4.0,Terrace House,Kaggle
Other,465000,1350.0,5.0,3.0,Terrace House,Kaggle
Other,535000,1400.0,3.0,3.0,Terrace House,Kaggle
Other,486999,1300.0,3.0,3.0,Condominium,Kaggle
Other,333000,810.0,2.0,2.0,Condominium,Kaggle
Other,3780000,1540.0,4.0,3.0,Link Bungalow / Semi-Detached,Kaggle
Other,4800000,1540.0,6.0,6.0,Bungalow / Detached House,Kaggle
Johor Jaya,1930000,4850.0,5.0,3.0,Bungalow / Detached House,Kaggle
Other,589000,882.0,2.0,2.0,Condominium,Kaggle
Johor Bahru,1380000,3200.0,4.0,3.0,Link Bungalow / Semi-Detached,Kaggle
Bukit Indah,828000,1540.0,4.0,3.0,Terrace House,Kaggle
Other,850000,1320.0,3.0,2.0,Condominium,Kaggle
Other,678000,1167.0,2.0,2.0,Condominium,Kaggle
Other,850000,1540.0,4.0,4.0,Terrace House,Kaggle
Mount Austin,708000,1540.0,4.0,3.0,Terrace House,Kaggle
Permas Jaya,595000,1540.0,3.0,2.0,Terrace House,Kaggle
Other,540000,1540.0,3.0,2.0,Terrace House,Kaggle
Johor Bahru,888000,1540.0,4.0,4.0,Terrace House,Kaggle
Mount Austin,730000,1540.0,4.0,4.0,Terrace House,Kaggle
Mount Austin,728000,1540.0,4.0,4.0,Terrace House,Kaggle
Johor Jaya,730000,1540.0,4.0,3.0,Terrace House,Kaggle
Johor Bahru,728000,1540.0,4.0,3.0,Terrace House,Kaggle
Permas Jaya,850000,1540.0,4.0,3.0,Terrace House,Kaggle
Johor Jaya,560000,1540.0,3.0,2.0,Terrace House,Kaggle
Other,650000,1540.0,3.0,2.0,Terrace House,Kaggle
Other,750000,1540.0,4.0,3.0,Terrace House,Kaggle
Other,558000,1540.0,3.0,2.0,Terrace House,Kaggle
Other,580000,1540.0,4.0,2.0,Terrace House,Kaggle
Other,630000,1540.0,4.0,4.0,Terrace House,Kaggle
Other,480000,1540.0,3.0,2.0,Terrace House,Kaggle
Permas Jaya,290000,950.0,3.0,2.0,Condominium,Kaggle
Skudai,480000,1540.0,3.0,2.0,Terrace House,Kaggle
Other,918000,1540.0,5.0,5.0,Cluster House,Kaggle
Other,630000,1540.0,3.0,2.0,Terrace House,Kaggle
Other,620000,1540.0,4.0,3.0,Terrace House,Kaggle
Johor Bahru,888000,1540.0,4.0,4.0,Terrace House,Kaggle
Other,1050000,2700.0,6.0,3.0,Link Bungalow / Semi-Detached,Kaggle
Johor Jaya,1500000,3018.0,5.0,3.0,Link Bungalow / Semi-Detached,Kaggle
Other,610000,904.0,2.0,2.0,Condominium,Kaggle
Johor Bahru,820000,1650.0,4.0,3.0,Terrace House,Kaggle
Mount Austin,1580000,2240.0,5.0,4.0,Cluster House,Kaggle
Johor Bahru,1100000,1540.0,6.0,4.0,Link Bungalow / Semi-Detached,Kaggle
Other,308000,1540.0,3.0,2.0,Terrace House,Kaggle
Other,258000,1540.0,3.0,2.0,Terrace House,Kaggle
Other,268000,1540.0,3.0,2.0,Terrace House,Kaggle
Other,318000,1540.0,3.0,2.0,Terrace House,Kaggle
Bukit Indah,780000,1615.0,4.0,4.0,Condominium,Kaggle
Other,550000,1760.0,3.0,2.0,Terrace House,Kaggle
Johor Bahru,820000,1540.0,4.0,3.0,Terrace House,Kaggle
Other,348000,810.0,2.0,2.0,Condominium,Kaggle
Other,1250000,3200.0,5.0,5.0,Link Bungalow / Semi-Detached,Kaggle
Other,528000,2308.0,4.0,2.0,Low-Cost House,Kaggle
Other,335000,728.0,3.0,1.0,Low-Cost House,Kaggle
Kulai,430000,1540.0,4.0,3.0,Terrace House,Kaggle
Iskandar Puteri,1450000,1540.0,5.0,5.0,Terrace House,Kaggle
Other,850000,990.0,4.0,3.0,Terrace House,Kaggle
Johor Bahru,438000,1108.0,4.0,2.0,Condominium,Kaggle
Other,360000,740.0,3.0,2.0,Condominium,Kaggle
Other,1380000,3467.0,6.0,6.0,Terrace House,Kaggle
Other,1150000,2100.0,5.0,3.0,Terrace House,Kaggle
Other,1650000,3461.0,4.0,3.0,Terrace House,Kaggle
Other,898000,1540.0,5.0,3.0,Terrace House,Kaggle
Other,1290000,3931.0,7.0,6.0,Terrace House,Kaggle
Other,2700000,4648.0,6.0,6.0,Bungalow / Detached House,Kaggle
Other,408000,1001.0,3.0,2.0,Condominium,Kaggle
Other,408000,1001.0,3.0,2.0,Condominium,Kaggle
Other,780000,802.0,2.0,2.0,Condominium,Kaggle
Other,408000,867.0,2.0,2.0,Condominium,Kaggle
Other,1170000,2475.0,5.0,3.0,Cluster House,Kaggle
Other,2250000,3250.0,5.0,6.0,Condominium,Kaggle
Skudai,660000,790.0,2.0,2.0,Condominium,Kaggle
Other,850000,1540.0,4.0,3.0,Terrace House,Kaggle
Johor Bahru,520000,1175.0,3.0,3.0,Condominium,Kaggle
Other,2000000,1540.0,5.0,5.0,Link Bungalow / Semi-Detached,Kaggle
Other,2200000,1540.0,5.0,6.0,Link Bungalow / Semi-Detached,Kaggle
Other,958000,1540.0,4.0,4.0,Terrace House,Kaggle
Other,1400000,924.0,2.0,2.0,Condominium,Kaggle
Kulai,550000,1540.0,4.0,3.0,Terrace House,Kaggle
Other,1280000,1540.0,6.0,6.0,Terrace House,Kaggle
Johor Bahru,325000,970.0,3.0,2.0,Condominium,Kaggle
Other,238000,815.0,3.0,2.0,Condominium,Kaggle
Other,380000,1216.0,4.0,3.0,Condominium,Kaggle
Other,2000000,3780.0,4.0,3.0,Link Bungalow / Semi-Detached,Kaggle
Mount Austin,1580000,3100.0,5.0,4.0,Cluster House,Kaggle
Johor Bahru,938000,1540.0,4.0,3.0,Link Bungalow / Semi-Detached,Kaggle
Mount Austin,1600000,1540.0,5.0,4.0,Cluster House,Kaggle
Other,545000,1540.0,4.0,3.0,Terrace House,Kaggle
Other,418000,1400.0,3.0,2.0,Terrace House,Kaggle
Other,320000,958.0,3.0,2.0,Condominium,Kaggle
Other,1950000,2269.0,5.0,4.0,Cluster House,Kaggle
Other,2000000,6000.0,7.0,6.0,Bungalow / Detached House,Kaggle
Bukit Indah,778000,1540.0,3.0,3.0,Terrace House,Kaggle
Johor Jaya,660000,1540.0,3.0,3.0,Terrace House,Kaggle
Other,338000,668.0,2.0,2.0,Condominium,Kaggle
Other,450000,705.0,3.0,1.0,Condominium,Kaggle
Other,450000,1800.0,5.0,3.0,Condominium,Kaggle
Bukit Indah,1700000,3500.0,5.0,5.0,Link Bungalow / Semi-Detached,Kaggle
Other,1100000,2189.0,5.0,4.0,Terrace House,Kaggle
Other,1687800,3088.0,6.0,6.0,Link Bungalow / Semi-Detached,Kaggle
Permas Jaya,1300000,2210.0,4.0,4.0,Cluster House,Kaggle
Other,1790000,3360.0,3.0,5.0,Cluster House,Kaggle
Bukit Indah,850000,1540.0,3.0,3.0,Terrace House,Kaggle
Other,1100000,1497.0,3.0,3.0,Condominium,Kaggle
Other,1300000,3500.0,8.0,4.0,Bungalow / Detached House,Kaggle
Other,425000,1585.0,4.0,3.0,Terrace House,Kaggle
Johor Bahru,420000,1092.0,3.0,2.0,Condominium,Kaggle
Other,920000,2200.0,4.0,3.0,Terrace House,Kaggle
Kulai,428000,1540.0,3.0,2.0,Terrace House,Kaggle
Other,590000,1952.0,5.0,3.0,Terrace House,Kaggle
Other,1680000,3175.0,5.0,3.0,Cluster House,Kaggle
Other,769000,1540.0,4.0,3.0,Terrace House,Kaggle
Other,480000,1540.0,4.0,3.0,Terrace House,Kaggle
Other,765000,1540.0,4.0,3.0,Terrace House,Kaggle
Other,675000,1400.0,4.0,3.0,Terrace House,Kaggle
Other,350000,1044.0,3.0,2.0,Low-Cost House,Kaggle
Johor Bahru,1700000,3840.0,7.0,6.0,Link Bungalow / Semi-Detached,Kaggle
Permas Jaya,368000,876.0,2.0,2.0,Condominium,Kaggle
Taman Molek,808000,3200.0,6.0,2.0,Terrace House,Kaggle
Johor Jaya,340000,732.0,2.0,1.0,Low-Cost House,Kaggle
Johor Jaya,400000,1184.0,4.0,2.0,Terrace House,Kaggle
Bukit Indah,550000,1540.0,3.0,2.0,Terrace House,Kaggle
Other,600000,557.0,1.0,1.0,Condominium,Kaggle
Other,455000,1650.0,4.0,3.0,Terrace House,Kaggle
Mount Austin,780000,1400.0,4.0,3.0,Terrace House,Kaggle
Other,950000,3200.0,4.0,4.0,Bungalow / Detached House,Kaggle
Other,610000,1540.0,4.0,3.0,Terrace House,Kaggle
Other,530000,1540.0,4.0,2.0,Terrace House,Kaggle
Other,398000,969.0,3.0,2.0,Condominium,Kaggle
Other,1050000,924.0,2.0,2.0,Condominium,Kaggle
Other,640000,474.0,1.0,1.0,Condominium,Kaggle
Other,310000,685.0,1.0,1.0,Condominium,Kaggle
Other,850000,1540.0,4.0,4.0,Terrace House,Kaggle
Johor Bahru,980000,1650.0,5.0,4.0,Terrace House,Kaggle
Other,580000,1566.0,4.0,2.0,Bungalow / Detached House,Kaggle
Johor Bahru,480000,1035.0,3.0,2.0,Condominium,Kaggle
Other,700000,1540.0,4.0,3.0,Cluster House,Kaggle
Johor Bahru,530000,1175.0,3.0,3.0,Condominium,Kaggle
Permas Jaya,890000,1540.0,4.0,3.0,Terrace House,Kaggle
Other,1500000,4004.0,3.0,2.0,Link Bungalow / Semi-Detached,Kaggle
Other,590000,1216.0,3.0,3.0,Condominium,Kaggle
Other,1050000,891.0,3.0,2.0,Condominium,Kaggle
Other,367000,1100.0,3.0,2.0,Low-Cost House,Kaggle
Kulai,338000,775.0,3.0,2.0,Low-Cost House,Kaggle
Other,358000,810.0,2.0,2.0,Condominium,Kaggle
Other,390000,1540.0,4.0,3.0,Terrace House,Kaggle
Other,700000,1475.0,3.0,2.0,Terrace House,Kaggle
Johor Bahru,699000,1540.0,3.0,3.0,Terrace House,Kaggle
Other,430000,1097.0,3.0,2.0,Condominium,Kaggle
Other,1450000,1540.0,5.0,5.0,Cluster House,Kaggle
Bukit Indah,1400000,2210.0,5.0,5.0,Bungalow / Detached House,Kaggle
Bukit Indah,685000,1540.0,3.0,3.0,Terrace House,Kaggle
Other,898000,1760.0,4.0,3.0,Terrace House,Kaggle
Other,2000000,4505.0,5.0,5.0,Bungalow / Detached House,Kaggle
Other,720000,1540.0,4.0,3.0,Terrace House,Kaggle
Johor Bahru,218000,753.0,3.0,2.0,Flat,Kaggle
Johor Jaya,530000,1540.0,3.0,2.0,Terrace House,Kaggle
Other,338000,900.0,3.0,2.0,Condominium,Kaggle
Other,885000,1540.0,4.0,3.0,Terrace House,Kaggle
Other,1480000,1540.0,6.0,6.0,Cluster House,Kaggle
Other,1200000,1540.0,6.0,4.0,Link Bungalow / Semi-Detached,Kaggle
Other,498000,1540.0,4.0,3.0,Town House,Kaggle
Skudai,700000,1540.0,4.0,3.0,Terrace House,Kaggle
Bukit Indah,480000,1045.0,3.0,2.0,Condominium,Kaggle
Other,580000,1540.0,4.0,3.0,Terrace House,Kaggle
Johor Bahru,348000,756.0,2.0,1.0,Condominium,Kaggle
Other,1750000,2800.0,6.0,5.0,Link Bungalow / Semi-Detached,Kaggle
Johor Bahru,525000,1540.0,3.0,2.0,Terrace House,Kaggle
Other,898000,1540.0,4.0,3.0,Terrace House,Kaggle
Other,488000,1540.0,3.0,2.0,Terrace House,Kaggle
Other,578000,1620.0,4.0,3.0,Terrace House,Kaggle
Other,700000,3070.0,5.0,4.0,Terrace House,Kaggle
Johor Bahru,638000,1540.0,3.0,2.0,Terrace House,Kaggle
Other,1450000,4000.0,5.0,5.0,Cluster House,Kaggle
Johor Bahru,1850000,1540.0,4.0,5.0,Link Bungalow / Semi-Detached,Kaggle
Kulai,878000,1540.0,5.0,3.0,Link Bungalow / Semi-Detached,Kaggle
Other,628000,1540.0,4.0,2.0,Terrace House,Kaggle
Other,838000,1540.0,3.0,2.0,Terrace House,Kaggle
Other,458000,1050.0,3.0,2.0,Condominium,Kaggle
Kulai,788000,1706.0,4.0,4.0,Link Bungalow / Semi-Detached,Kaggle
Other,588000,1540.0,3.0,2.0,Terrace House,Kaggle
Mount Austin,1000000,1540.0,4.0,4.0,Terrace House,Kaggle
Other,780000,1540.0,3.0,2.0,Terrace House,Kaggle
Other,488000,1540.0,3.0,2.0,Terrace House,Kaggle
Other,1600000,2223.0,6.0,4.0,Bungalow / Detached House,Kaggle
Other,608000,1540.0,3.0,2.0,Terrace House,Kaggle
Other,660000,1540.0,4.0,3.0,Terrace House,Kaggle
Other,395000,973.0,3.0,2.0,Condominium,Kaggle
Other,680000,1530.0,4.0,2.0,Condominium,Kaggle
Johor Bahru,705000,900.0,2.0,1.0,Condominium,Kaggle
Johor Bahru,705000,900.0,2.0,1.0,Condominium,Kaggle
Other,665000,1200.0,3.0,2.0,Condominium,Kaggle
Other,2800000,4200.0,6.0,4.0,Bungalow / Detached House,Kaggle
Other,688000,1540.0,5.0,4.0,Cluster House,Kaggle
Other,630000,1540.0,4.0,3.0,Terrace House,Kaggle
Other,328000,1540.0,3.0,2.0,Low-Cost House,Kaggle
Other,2380000,1540.0,9.0,7.0,Bungalow / Detached House,Kaggle
Other,510000,1540.0,4.0,3.0,Terrace House,Kaggle
Other,500000,1540.0,4.0,3.0,Terrace House,Kaggle
Other,650000,2200.0,4.0,3.0,Terrace House,Kaggle
Other,545000,1540.0,4.0,3.0,Terrace House,Kaggle
Other,340000,1540.0,2.0,2.0,Low-Cost House,Kaggle
Other,2000000,1540.0,6.0,7.0,Link Bungalow / Semi-Detached,Kaggle
Other,698000,1540.0,4.0,3.0,Terrace House,Kaggle
Johor Bahru,650000,1540.0,4.0,3.0,Terrace House,Kaggle
Johor Bahru,870000,2353.0,4.0,4.0,Terrace House,Kaggle
Skudai,600000,1540.0,3.0,2.0,Terrace House,Kaggle
Skudai,638000,1540.0,4.0,3.0,Terrace House,Kaggle
Other,668000,1540.0,4.0,3.0,Terrace House,Kaggle
Other,580000,1540.0,4.0,3.0,Terrace House,Kaggle
Other,1000000,1540.0,3.0,3.0,Terrace House,Kaggle
Other,620000,1540.0,4.0,3.0,Terrace House,Kaggle
Skudai,528000,1540.0,3.0,2.0,Terrace House,Kaggle
Kulai,558000,1540.0,4.0,2.0,Terrace House,Kaggle
Other,728000,1540.0,4.0,3.0,Terrace House,Kaggle
Other,599000,1540.0,4.0,3.0,Terrace House,Kaggle
Other,1200000,1540.0,4.0,4.0,Link Bungalow / Semi-Detached,Kaggle
Other,580000,1540.0,4.0,3.0,Terrace House,Kaggle
Other,630000,1540.0,4.0,3.0,Terrace House,Kaggle
Other,620000,1540.0,5.0,3.0,Terrace House,Kaggle
Other,568000,1540.0,5.0,3.0,Terrace House,Kaggle
Other,1900000,1540.0,5.0,4.0,Bungalow / Detached House,Kaggle
Other,698000,1540.0,4.0,3.0,Terrace House,Kaggle
Other,568000,1540.0,3.0,2.0,Terrace House,Kaggle
Other,618000,1540.0,4.0,4.0,Terrace House,Kaggle
Pasir Gudang,398000,1540.0,3.0,2.0,Low-Cost House,Kaggle
Bukit Indah,718000,1540.0,4.0,3.0,Terrace House,Kaggle
Johor Jaya,608000,1540.0,4.0,3.0,Terrace House,Kaggle
Other,438000,1305.0,3.0,2.0,Terrace House,Kaggle
Other,1100000,1540.0,5.0,3.0,Cluster House,Kaggle
Skudai,580000,1540.0,3.0,3.0,Terrace House,Kaggle
Johor Bahru,588000,1540.0,3.0,2.0,Terrace House,Kaggle
Other,895000,1540.0,4.0,3.0,Terrace House,Kaggle
Johor Bahru,1100000,1540.0,6.0,4.0,Terrace House,Kaggle
Other,500000,1540.0,4.0,2.0,Terrace House,Kaggle
Other,1260000,1540.0,5.0,5.0,Terrace House,Kaggle
Other,650000,1540.0,4.0,4.0,Terrace House,Kaggle
Permas Jaya,890000,1540.0,5.0,3.0,Terrace House,Kaggle
Other,2200000,5095.0,7.0,7.0,Link Bungalow / Semi-Detached,Kaggle
Other,1468000,3824.0,6.0,6.0,Terrace House,Kaggle
Other,450000,1540.0,4.0,3.0,Terrace House,Kaggle
Iskandar Puteri,2350000,3275.0,6.0,6.0,Cluster House,Kaggle
Other,630000,1540.0,4.0,3.0,Terrace House,Kaggle
Bukit Indah,1200000,1540.0,4.0,3.0,Link Bungalow / Semi-Detached,Kaggle
Other,1000000,1540.0,6.0,7.0,Terrace House,Kaggle
Other,628000,1540.0,4.0,3.0,Cluster House,Kaggle
Other,518000,1540.0,4.0,3.0,Terrace House,Kaggle
Mount Austin,1000000,1540.0,5.0,3.0,Terrace House,Kaggle
Other,1150000,1540.0,4.0,4.0,Cluster House,Kaggle
Other,580000,1540.0,4.0,4.0,Terrace House,Kaggle
Iskandar Puteri,1900000,1540.0,5.0,4.0,Terrace House,Kaggle
Other,648000,1540.0,4.0,4.0,Terrace House,Kaggle
Other,548000,1540.0,4.0,3.0,Terrace House,Kaggle
Other,830000,1540.0,5.0,3.0,Link Bungalow / Semi-Detached,Kaggle
Other,768000,1540.0,4.0,3.0,Terrace House,Kaggle
Other,878000,1540.0,4.0,4.0,Terrace House,Kaggle
Other,318000,1540.0,3.0,2.0,Low-Cost House,Kaggle
Other,378000,1540.0,3.0,2.0,Terrace House,Kaggle
Other,580000,1540.0,4.0,3.0,Terrace House,Kaggle
Skudai,680000,1540.0,4.0,3.0,Terrace House,Kaggle
Kulai,390000,1540.0,3.0,2.0,Terrace House,Kaggle
Other,495000,1540.0,4.0,3.0,Terrace House,Kaggle
Other,575000,1540.0,3.0,2.0,Terrace House,Kaggle
Johor Bahru,638000,1540.0,3.0,2.0,Terrace House,Kaggle
Mount Austin,345000,892.0,3.0,2.0,Condominium,Kaggle
Skudai,548000,1540.0,3.0,2.0,Terrace House,Kaggle
Other,1550000,1540.0,5.0,4.0,Cluster House,Kaggle
Other,918000,1540.0,4.0,3.0,Cluster House,Kaggle
Kulai,259000,1540.0,3.0,2.0,Low-Cost House,Kaggle
Other,480000,1540.0,3.0,2.0,Terrace House,Kaggle
Other,472000,1540.0,3.0,2.0,Terrace House,Kaggle
Other,320000,1540.0,2.0,1.0,Low-Cost House,Kaggle
Permas Jaya,2500000,4200.0,4.0,5.0,Link Bungalow / Semi-Detached,Kaggle
Other,528000,1540.0,4.0,3.0,Terrace House,Kaggle
Other,388000,1540.0,3.0,2.0,Terrace House,Kaggle
Other,388000,1540.0,4.0,3.0,Low-Cost House,Kaggle
Johor Bahru,995000,2500.0,5.0,4.0,Terrace House,Kaggle
Other,858000,1540.0,4.0,4.0,Terrace House,Kaggle
Other,468000,1409.0,4.0,3.0,Terrace House,Kaggle
Other,528000,1540.0,3.0,3.0,Terrace House,Kaggle
Other,999000,1540.0,5.0,4.0,Terrace House,Kaggle
Other,1350000,1540.0,5.0,4.0,Terrace House,Kaggle
Taman Molek,1250000,1540.0,4.0,3.0,Link Bungalow / Semi-Detached,Kaggle
Bukit Indah,570000,1540.0,3.0,2.0,Terrace House,Kaggle
Other,938000,1540.0,4.0,3.0,Terrace House,Kaggle
Other,625000,1540.0,3.0,2.0,Terrace House,Kaggle
Johor Bahru,900000,1540.0,5.0,3.0,Terrace House,Kaggle
Other,1300000,1540.0,5.0,3.0,Terrace House,Kaggle
Other,1150000,1540.0,6.0,4.0,Bungalow / Detached House,Kaggle
Other,780000,1540.0,4.0,4.0,Terrace House,Kaggle
Johor Bahru,1600000,1540.0,5.0,5.0,Cluster House,Kaggle
Other,700000,1540.0,4.0,3.0,Terrace House,Kaggle
Other,1780000,1540.0,6.0,4.0,Bungalow / Detached House,Kaggle
Other,600000,1540.0,4.0,2.0,Terrace House,Kaggle
Bukit Indah,658000,1540.0,4.0,3.0,Terrace House,Kaggle
Skudai,498000,1540.0,4.0,2.0,Terrace House,Kaggle
Other,538000,1540.0,3.0,2.0,Terrace House,Kaggle
Other,870000,1540.0,5.0,4.0,Terrace House,Kaggle
Other,698000,2151.0,4.0,4.0,Terrace House,Kaggle
Other,488000,1540.0,4.0,3.0,Terrace House,Kaggle
Johor Bahru,2080000,1540.0,5.0,3.0,Bungalow / Detached House,Kaggle
Other,898000,1540.0,4.0,4.0,Terrace House,Kaggle
Johor Bahru,555000,1540.0,3.0,2.0,Terrace House,Kaggle
Pasir Gudang,428000,1540.0,3.0,2.0,Terrace House,Kaggle
Other,368000,1540.0,3.0,2.0,Low-Cost House,Kaggle
Other,460000,1540.0,4.0,3.0,Terrace House,Kaggle
Johor Bahru,1600000,1540.0,6.0,5.0,Terrace House,Kaggle
Other,500000,1540.0,4.0,3.0,Terrace House,Kaggle
Other,1100000,1540.0,6.0,3.0,Terrace House,Kaggle
Bukit Indah,750000,1540.0,3.0,2.0,Terrace House,Kaggle
Skudai,850000,1540.0,4.0,3.0,Terrace House,Kaggle
Other,1680000,1540.0,4.0,3.0,Link Bungalow / Semi-Detached,Kaggle
Other,293000,1540.0,3.0,2.0,Low-Cost House,Kaggle
Other,488000,1540.0,3.0,2.0,Terrace House,Kaggle
Other,675000,1540.0,4.0,3.0,Terrace House,Kaggle
Other,650000,1540.0,4.0,3.0,Terrace House,Kaggle
Other,730000,1540.0,3.0,2.0,Terrace House,Kaggle
Other,960000,3200.0,5.0,5.0,Terrace House,Kaggle
Other,1300000,1540.0,5.0,4.0,Link Bungalow / Semi-Detached,Kaggle
Other,528000,1540.0,3.0,2.0,Terrace House,Kaggle
Other,2980000,6000.0,4.0,5.0,Link Bungalow / Semi-Detached,Kaggle
Other,1150000,1540.0,5.0,5.0,Link Bungalow / Semi-Detached,Kaggle
Other,420000,1540.0,4.0,3.0,Terrace House,Kaggle
Other,1290000,4300.0,6.0,4.0,Link Bungalow / Semi-Detached,Kaggle
Other,680000,1540.0,4.0,3.0,Terrace House,Kaggle
Other,558000,1540.0,3.0,2.0,Terrace House,Kaggle
Other,640000,1540.0,5.0,3.0,Terrace House,Kaggle
Other,368000,1540.0,3.0,2.0,Low-Cost House,Kaggle
Iskandar Puteri,1200000,1540.0,5.0,4.0,Cluster House,Kaggle
Other,680000,1540.0,4.0,4.0,Terrace House,Kaggle
Other,1280000,1540.0,4.0,3.0,Link Bungalow / Semi-Detached,Kaggle
Other,420000,1540.0,4.0,3.0,Terrace House,Kaggle
Other,1200000,1540.0,5.0,5.0,Terrace House,Kaggle
Other,798000,1540.0,4.0,3.0,Terrace House,Kaggle
Other,688000,1540.0,4.0,3.0,Terrace House,Kaggle
Other,358000,1540.0,2.0,1.0,Low-Cost House,Kaggle
Other,788000,1540.0,4.0,3.0,Terrace House,Kaggle
Other,580000,1540.0,4.0,4.0,Terrace House,Kaggle
Other,398000,1540.0,2.0,2.0,Low-Cost House,Kaggle
Other,348000,1540.0,3.0,2.0,Low-Cost House,Kaggle
Other,650000,1540.0,4.0,2.0,Terrace House,Kaggle
Other,355000,1540.0,2.0,2.0,Low-Cost House,Kaggle
Other,688000,1540.0,4.0,3.0,Terrace House,Kaggle
Other,600000,1540.0,3.0,2.0,Terrace House,Kaggle
Pasir Gudang,580000,1540.0,4.0,3.0,Terrace House,Kaggle
Other,478000,1540.0,4.0,3.0,Terrace House,Kaggle
Skudai,418000,1540.0,3.0,3.0,Terrace House,Kaggle
Pasir Gudang,538000,1540.0,4.0,3.0,Terrace House,Kaggle
Mount Austin,2000000,1540.0,5.0,5.0,Bungalow / Detached House,Kaggle
Other,430000,1540.0,3.0,2.0,Terrace House,Kaggle
Johor Bahru,798000,1540.0,4.0,3.0,Terrace House,Kaggle
Pasir Gudang,780000,1540.0,5.0,3.0,Cluster House,Kaggle
Other,398000,1540.0,2.0,1.0,Low-Cost House,Kaggle
Johor Bahru,858000,1540.0,3.0,3.0,Terrace House,Kaggle
Mount Austin,738000,1540.0,4.0,3.0,Terrace House,Kaggle
Bukit Indah,899000,1540.0,4.0,3.0,Terrace House,Kaggle
Johor Bahru,780000,1540.0,4.0,3.0,Terrace House,Kaggle
Johor Bahru,870000,1540.0,4.0,3.0,Terrace House,Kaggle
Other,878000,1540.0,4.0,4.0,Terrace House,Kaggle
Other,750000,1540.0,4.0,2.0,Terrace House,Kaggle
Bukit Indah,670000,1540.0,4.0,3.0,Terrace House,Kaggle
Pasir Gudang,358000,1540.0,3.0,2.0,Low-Cost House,Kaggle
Other,490000,1540.0,3.0,3.0,Terrace House,Kaggle
Other,540000,1540.0,4.0,3.0,Terrace House,Kaggle
Other,890000,1540.0,4.0,4.0,Terrace House,Kaggle
Other,650000,1540.0,4.0,3.0,Terrace House,Kaggle
Other,685000,1540.0,4.0,3.0,Terrace House,Kaggle
Other,465000,1540.0,3.0,2.0,Terrace House,Kaggle
Other,660000,1540.0,3.0,2.0,Link Bungalow / Semi-Detached,Kaggle
Other,799000,1540.0,4.0,3.0,Terrace House,Kaggle
Other,668000,1540.0,4.0,3.0,Terrace House,Kaggle
Other,628000,1540.0,4.0,3.0,Terrace House,Kaggle
Other,488000,1540.0,4.0,3.0,Terrace House,Kaggle
Iskandar Puteri,1600000,1540.0,4.0,5.0,Terrace House,Kaggle
Johor Bahru,750000,1540.0,4.0,3.0,Terrace House,Kaggle
Skudai,638000,1540.0,4.0,3.0,Terrace House,Kaggle
Bukit Indah,740000,1540.0,3.0,3.0,Terrace House,Kaggle
Other,498000,1540.0,4.0,3.0,Terrace House,Kaggle
Other,720000,1540.0,4.0,3.0,Cluster House,Kaggle
Other,328000,1540.0,3.0,2.0,Low-Cost House,Kaggle
Other,298000,820.0,4.0,2.0,Condominium,Kaggle
Other,538000,1540.0,4.0,3.0,Terrace House,Kaggle
Kulai,695000,1540.0,4.0,3.0,Link Bungalow / Semi-Detached,Kaggle
Other,548000,1540.0,3.0,3.0,Terrace House,Kaggle
Other,1180000,1540.0,5.0,4.0,Terrace House,Kaggle
Other,520000,1540.0,4.0,3.0,Terrace House,Kaggle
Other,390000,1540.0,4.0,2.0,Terrace House,Kaggle
Other,520000,1540.0,3.0,3.0,Terrace House,Kaggle
Pasir Gudang,618000,1540.0,3.0,3.0,Terrace House,Kaggle
Other,1250000,1540.0,5.0,4.0,Terrace House,Kaggle
Other,515000,1540.0,3.0,2.0,Terrace House,Kaggle
Other,1490000,1540.0,5.0,5.0,Link Bungalow / Semi-Detached,Kaggle
Bukit Indah,1150000,1540.0,5.0,4.0,Terrace House,Kaggle
Other,1630000,1540.0,6.0,4.0,Cluster House,Kaggle
Other,488000,1540.0,3.0,1.0,Terrace House,Kaggle
Other,650000,1540.0,3.0,2.0,Terrace House,Kaggle
Johor Bahru,680000,1540.0,4.0,3.0,Terrace House,Kaggle
Bukit Indah,880000,1540.0,4.0,4.0,Terrace House,Kaggle
Skudai,698000,1540.0,4.0,2.0,Link Bungalow / Semi-Detached,Kaggle
Other,480000,1540.0,3.0,2.0,Terrace House,Kaggle
Other,500000,1540.0,3.0,2.0,Terrace House,Kaggle
Other,558000,1540.0,5.0,4.0,Low-Cost House,Kaggle
Skudai,788000,1540.0,5.0,4.0,Terrace House,Kaggle
Pasir Gudang,530000,1540.0,4.0,3.0,Terrace House,Kaggle
Other,418000,1540.0,4.0,3.0,Low-Cost House,Kaggle
Other,498000,1540.0,3.0,2.0,Terrace House,Kaggle
Other,455000,1540.0,3.0,1.0,Terrace House,Kaggle
Other,1288000,1540.0,5.0,3.0,Terrace House,Kaggle
Other,465000,1540.0,3.0,2.0,Terrace House,Kaggle
Johor Jaya,530000,1540.0,3.0,2.0,Terrace House,Kaggle
Other,628000,1540.0,4.0,3.0,Terrace House,Kaggle
Mount Austin,1200000,1540.0,5.0,4.0,Cluster House,Kaggle
Skudai,1600000,1540.0,6.0,5.0,Cluster House,Kaggle
Other,408000,1540.0,3.0,2.0,Terrace House,Kaggle
Other,468000,1540.0,4.0,3.0,Terrace House,Kaggle
Taman Molek,1100000,1540.0,5.0,5.0,Terrace House,Kaggle
Other,560000,1540.0,3.0,2.0,Terrace House,Kaggle
Other,660000,1540.0,4.0,3.0,Terrace House,Kaggle
Bukit Indah,1180000,1540.0,4.0,3.0,Terrace House,Kaggle
Other,455000,1540.0,4.0,3.0,Terrace House,Kaggle
Other,480000,1540.0,4.0,3.0,Terrace House,Kaggle
Other,348000,1540.0,2.0,2.0,Low-Cost House,Kaggle
Johor Jaya,388000,1540.0,3.0,2.0,Low-Cost House,Kaggle
Other,680000,1540.0,3.0,2.0,Terrace House,Kaggle
Other,1150000,1540.0,4.0,3.0,Cluster House,Kaggle
Other,388000,1540.0,3.0,2.0,Terrace House,Kaggle
Other,1300000,1540.0,5.0,4.0,Cluster House,Kaggle
Other,425000,1540.0,3.0,3.0,Terrace House,Kaggle
Other,520000,1540.0,4.0,3.0,Terrace House,Kaggle
Other,1090000,1540.0,5.0,5.0,Cluster House,Kaggle
Bukit Indah,730000,1540.0,4.0,3.0,Terrace House,Kaggle
Other,500000,1540.0,4.0,2.0,Terrace House,Kaggle
Other,1060000,1540.0,5.0,4.0,Cluster House,Kaggle
Other,950000,1540.0,4.0,4.0,Terrace House,Kaggle
Pasir Gudang,300000,1540.0,3.0,1.0,Low-Cost House,Kaggle
Other,400000,1540.0,2.0,2.0,Low-Cost House,Kaggle
Other,560000,1540.0,4.0,3.0,Link Bungalow / Semi-Detached,Kaggle
Iskandar Puteri,1850000,1540.0,5.0,5.0,Link Bungalow / Semi-Detached,Kaggle
Other,1250000,4000.0,5.0,4.0,Link Bungalow / Semi-Detached,Kaggle
Other,695000,1540.0,4.0,3.0,Terrace House,Kaggle
Permas Jaya,560000,1540.0,3.0,2.0,Terrace House,Kaggle
Other,1280000,1540.0,5.0,3.0,Cluster House,Kaggle
Johor Bahru,1150000,1540.0,4.0,3.0,Terrace House,Kaggle
Johor Bahru,1850000,1540.0,4.0,5.0,Link Bungalow / Semi-Detached,Kaggle
Other,1000000,1540.0,4.0,3.0,Terrace House,Kaggle
Other,1900000,1540.0,5.0,5.0,Link Bungalow / Semi-Detached,Kaggle
Other,398000,1540.0,4.0,3.0,Terrace House,Kaggle
Other,680000,1540.0,4.0,2.0,Terrace House,Kaggle
Pasir Gudang,316000,1540.0,3.0,2.0,Low-Cost House,Kaggle
Other,750000,1540.0,4.0,3.0,Terrace House,Kaggle
Other,263000,980.0,3.0,2.0,Terrace House,Kaggle
Other,270000,1540.0,3.0,2.0,Terrace House,Kaggle
