Area,Price_RM,Size_SQFT,Bedrooms,Bathrooms,Property_Type,Source,Area_clean
Johor Bahru,385000,840.0,3.0,2.0,Terrace House,Mudah,Johor Bahru
Johor Bahru,900000,2860.0,2.0,2.0,Terrace House,Mudah,Johor Bahru
Johor Bahru,650000,1170.0,3.0,3.0,Terrace House,Mudah,Johor Bahru
Pasir Gudang,352000,770.0,2.0,2.0,Terrace House,Mudah,Pasir Gudang
Kulai,540000,3618.0,3.0,2.0,Terrace House,Mudah,Kulai
Kluang,460000,5403.0,4.0,3.0,Bungalow,Mudah,Kluang
Kulai,365000,1400.0,3.0,3.0,Terrace House,Mudah,Kulai
Skudai,950000,2600.0,4.0,3.0,Terrace House,Mudah,Skudai
Skudai,443000,1044.0,3.0,2.0,Terrace House,Mudah,Skudai
Johor Bahru,458000,770.0,3.0,2.0,Terrace House,Mudah,Johor Bahru
Kulai,340000,770.0,3.0,2.0,Terrace House,Mudah,Kulai
Skudai,695000,2240.0,4.0,4.0,Residential,Mudah,Skudai
Pasir Gudang,450000,960.0,4.0,3.0,Terrace House,Mudah,Pasir Gudang
Skudai,520000,1540.0,3.0,2.0,Terrace House,Mudah,Skudai
Johor Bahru,530000,1540.0,3.0,2.0,Terrace House,Mudah,Johor Bahru
Kluang,178000,1431.0,3.0,2.0,Terrace House,Mudah,Kluang
Permas Jaya,590000,1300.0,3.0,2.0,Terrace House,Mudah,Permas Jaya
Pasir Gudang,480000,1540.0,5.0,4.0,Terrace House,Mudah,Pasir Gudang
Johor Bahru,495000,1540.0,3.0,2.0,Terrace House,Mudah,Johor Bahru
Kulai,350000,770.0,3.0,2.0,Terrace House,Mudah,Kulai
Gelang Patah,550000,1260.0,3.0,3.0,Terrace House,Mudah,Gelang Patah
Skudai,600000,1540.0,3.0,2.0,Terrace House,Mudah,Skudai
Johor Bahru,538000,1300.0,3.0,2.0,Terrace House,Mudah,Johor Bahru
Pontian,330000,753.0,3.0,2.0,Terrace House,Mudah,Pontian
Johor Bahru,838000,1600.0,3.0,2.0,Terrace House,Mudah,Johor Bahru
Pasir Gudang,360000,880.0,3.0,2.0,Terrace House,Mudah,Pasir Gudang
Pasir Gudang,325000,775.0,2.0,2.0,Terrace House,Mudah,Pasir Gudang
Skudai,550000,1400.0,3.0,2.0,Terrace House,Mudah,Skudai
Kulai,480000,1600.0,4.0,3.0,Terrace House,Mudah,Kulai
Pasir Gudang,360000,980.0,3.0,3.0,Terrace House,Mudah,Pasir Gudang
Johor Bahru,710000,2100.0,4.0,3.0,Terrace House,Mudah,Johor Bahru
Gelang Patah,568000,1170.0,4.0,3.0,Terrace House,Mudah,Gelang Patah
Skudai,588000,1170.0,4.0,3.0,Terrace House,Mudah,Skudai
Skudai,578000,1800.0,4.0,3.0,Terrace House,Mudah,Skudai
Pasir Gudang,540000,2800.0,7.0,4.0,Terrace House,Mudah,Pasir Gudang
Iskandar Puteri,1480000,2439.0,4.0,4.0,Residential,Mudah,Iskandar Puteri
Johor Bahru,820000,1800.0,4.0,3.0,Terrace House,Mudah,Johor Bahru
Johor Bahru,480000,5541.0,4.0,4.0,Bungalow,Mudah,Johor Bahru
Iskandar Puteri,1480000,1760.0,4.0,4.0,Residential,Mudah,Iskandar Puteri
Iskandar Puteri,1280000,2506.0,5.0,5.0,Residential,Mudah,Iskandar Puteri
Pasir Gudang,290000,1080.0,2.0,1.0,Terrace House,Mudah,Pasir Gudang
Johor Bahru,1380000,2619.0,4.0,3.0,Terrace House,Mudah,Johor Bahru
Johor Bahru,1080000,3088.0,5.0,4.0,Semi-D,Mudah,Johor Bahru
Kulai,358000,775.0,3.0,2.0,Terrace House,Mudah,Kulai
Johor Bahru,720000,1614.0,5.0,4.0,Terrace House,Mudah,Johor Bahru
Johor Bahru,568000,1400.0,4.0,3.0,Terrace House,Mudah,Johor Bahru
Johor Bahru,530000,1650.0,3.0,3.0,Terrace House,Mudah,Johor Bahru
Pasir Gudang,375000,960.0,3.0,3.0,Terrace House,Mudah,Pasir Gudang
Skudai,718000,3413.0,4.0,3.0,Terrace House,Mudah,Skudai
Skudai,640000,1540.0,4.0,3.0,Terrace House,Mudah,Skudai
Pasir Gudang,468000,1725.0,4.0,3.0,Terrace House,Mudah,Pasir Gudang
Pasir Gudang,428000,960.0,4.0,3.0,Terrace House,Mudah,Pasir Gudang
Skudai,790000,3200.0,5.0,4.0,Semi-D,Mudah,Skudai
Skudai,628000,1400.0,4.0,3.0,Terrace House,Mudah,Skudai
Pasir Gudang,370000,960.0,3.0,3.0,Terrace House,Mudah,Pasir Gudang
Johor Bahru,738000,2400.0,3.0,2.0,Semi-D,Mudah,Johor Bahru
Skudai,558000,1540.0,3.0,2.0,Terrace House,Mudah,Skudai
Johor Bahru,850000,9900.0,6.0,5.0,Bungalow,Mudah,Johor Bahru
Ulu Tiram,298000,755.0,3.0,1.0,Terrace House,Mudah,Ulu Tiram
Johor Bahru,768000,1400.0,4.0,3.0,Terrace House,Mudah,Johor Bahru
Skudai,700000,1800.0,4.0,3.0,Terrace House,Mudah,Skudai
Johor Bahru,898000,1400.0,4.0,4.0,Terrace House,Mudah,Johor Bahru
Johor Bahru,570000,1540.0,4.0,3.0,Terrace House,Mudah,Johor Bahru
Johor Bahru,585000,1442.0,4.0,3.0,Terrace House,Mudah,Johor Bahru
Kluang,366000,2000.0,4.0,2.0,Terrace House,Mudah,Kluang
Kluang,383000,1980.0,4.0,3.0,Terrace House,Mudah,Kluang
Skudai,358000,770.0,3.0,2.0,Terrace House,Mudah,Skudai
Skudai,2500000,6750.0,6.0,7.0,Bungalow,Mudah,Skudai
Skudai,588000,1400.0,3.0,2.0,Terrace House,Mudah,Skudai
Johor Bahru,1000000,5436.0,4.0,3.0,Terrace House,Mudah,Johor Bahru
Pasir Gudang,600000,1300.0,4.0,3.0,Terrace House,Mudah,Pasir Gudang
Pasir Gudang,240000,816.0,2.0,1.0,Terrace House,Mudah,Pasir Gudang
Iskandar Puteri,1200000,2454.0,5.0,5.0,Residential,Mudah,Iskandar Puteri
Kluang,400000,6286.0,4.0,3.0,Bungalow,Mudah,Kluang
Johor Bahru,720000,1170.0,4.0,3.0,Terrace House,Mudah,Johor Bahru
Kulai,760000,2417.0,4.0,3.0,Terrace House,Mudah,Kulai
Johor Bahru,758000,1723.0,4.0,3.0,Terrace House,Mudah,Johor Bahru
Skudai,588000,1500.0,4.0,3.0,Terrace House,Mudah,Skudai
Kulai,485000,1540.0,4.0,2.0,Terrace House,Mudah,Kulai
Skudai,668000,2800.0,3.0,3.0,Terrace House,Mudah,Skudai
Kluang,350000,1200.0,3.0,2.0,Terrace House,Mudah,Kluang
Johor Bahru,879000,1600.0,4.0,3.0,Terrace House,Mudah,Johor Bahru
Johor Bahru,490000,1400.0,4.0,2.0,Terrace House,Mudah,Johor Bahru
Kulai,558000,1680.0,4.0,2.0,Terrace House,Mudah,Kulai
Johor Bahru,738000,1400.0,3.0,2.0,Terrace House,Mudah,Johor Bahru
Iskandar Puteri,1600000,1943.0,4.0,3.0,Terrace House,Mudah,Iskandar Puteri
Ulu Tiram,480000,1936.0,4.0,3.0,Terrace House,Mudah,Ulu Tiram
Kulai,648000,2820.0,4.0,3.0,Terrace House,Mudah,Kulai
Ulu Tiram,455000,1680.0,3.0,2.0,Terrace House,Mudah,Ulu Tiram
Pasir Gudang,550000,1650.0,3.0,2.0,Terrace House,Mudah,Pasir Gudang
Pasir Gudang,484800,2100.0,4.0,3.0,Terrace House,Mudah,Pasir Gudang
Ulu Tiram,628000,1540.0,5.0,4.0,Terrace House,Mudah,Ulu Tiram
Kulai,558000,1540.0,4.0,2.0,Terrace House,Mudah,Kulai
Ulu Tiram,768000,1760.0,4.0,3.0,Terrace House,Mudah,Ulu Tiram
Pasir Gudang,445000,1180.0,4.0,3.0,Terrace House,Mudah,Pasir Gudang
Pasir Gudang,450000,1400.0,4.0,3.0,Terrace House,Mudah,Pasir Gudang
Skudai,440000,1300.0,3.0,2.0,Terrace House,Mudah,Skudai
Ulu Tiram,420000,1647.0,3.0,2.0,Terrace House,Mudah,Ulu Tiram
Skudai,510000,1430.0,4.0,3.0,Terrace House,Mudah,Skudai
Skudai,418000,1040.0,2.0,1.0,Terrace House,Mudah,Skudai
Johor Bahru,488000,1540.0,3.0,2.0,Terrace House,Mudah,Johor Bahru
Iskandar Puteri,798000,2100.0,5.0,3.0,Terrace House,Mudah,Iskandar Puteri
Muar,350000,1500.0,3.0,2.0,Terrace House,Mudah,Muar
Johor Bahru,750000,2950.0,5.0,3.0,Terrace House,Mudah,Johor Bahru
Kulai,550000,1540.0,4.0,3.0,Terrace House,Mudah,Kulai
Kulai,268000,770.0,4.0,4.0,Terrace House,Mudah,Kulai
Gelang Patah,980000,3272.0,4.0,4.0,Terrace House,Mudah,Gelang Patah
Johor Bahru,520000,1500.0,3.0,1.0,Terrace House,Mudah,Johor Bahru
Pasir Gudang,540000,1300.0,4.0,3.0,Terrace House,Mudah,Pasir Gudang
Pontian,318000,840.0,3.0,2.0,Terrace House,Mudah,Pontian
Skudai,700000,1920.0,4.0,2.0,Terrace House,Mudah,Skudai
Pasir Gudang,439999,960.0,4.0,3.0,Terrace House,Mudah,Pasir Gudang
Skudai,385000,1080.0,2.0,1.0,Terrace House,Mudah,Skudai
Kluang,367000,1479.0,4.0,2.0,Terrace House,Mudah,Kluang
Johor Bahru,630000,1400.0,4.0,3.0,Terrace House,Mudah,Johor Bahru
Skudai,830000,3200.0,4.0,4.0,Semi-D,Mudah,Skudai
Johor Bahru,1530000,2440.0,4.0,4.0,Residential,Mudah,Johor Bahru
Johor Bahru,2500000,3459.0,5.0,5.0,Semi-D,Mudah,Johor Bahru
Pontian,290000,775.0,3.0,2.0,Terrace House,Mudah,Pontian
Johor Bahru,1180000,1650.0,0.0,0.0,Terrace House,Mudah,Johor Bahru
Johor Bahru,975000,2040.0,5.0,3.0,Terrace House,Mudah,Johor Bahru
Kluang,240000,1430.0,3.0,2.0,Terrace House,Mudah,Kluang
Johor Bahru,858000,1880.0,4.0,4.0,Terrace House,Mudah,Johor Bahru
Johor Bahru,550000,1540.0,4.0,3.0,Terrace House,Mudah,Johor Bahru
Skudai,2050000,3200.0,6.0,7.0,Semi-D,Mudah,Skudai
Ulu Tiram,668000,1920.0,3.0,2.0,Terrace House,Mudah,Ulu Tiram
Ulu Tiram,620000,1540.0,3.0,2.0,Terrace House,Mudah,Ulu Tiram
Skudai,738000,1540.0,4.0,3.0,Terrace House,Mudah,Skudai
Ulu Tiram,688000,1400.0,4.0,4.0,Terrace House,Mudah,Ulu Tiram
Johor Bahru,798000,2163.0,3.0,3.0,Terrace House,Mudah,Johor Bahru
Johor Bahru,1800000,2406.0,4.0,4.0,Residential,Mudah,Johor Bahru
Johor Bahru,1200000,3200.0,5.0,3.0,Semi-D,Mudah,Johor Bahru
Ulu Tiram,398000,770.0,3.0,2.0,Terrace House,Mudah,Ulu Tiram
Kluang,383665,1845.0,4.0,3.0,Terrace House,Mudah,Kluang
Kulai,450000,1540.0,3.0,2.0,Terrace House,Mudah,Kulai
Johor Bahru,690000,1400.0,4.0,3.0,Residential,Mudah,Johor Bahru
Pasir Gudang,530000,1200.0,3.0,2.0,Terrace House,Mudah,Pasir Gudang
Batu Pahat,295000,1540.0,4.0,3.0,Terrace House,Mudah,Batu Pahat
Permas Jaya,398000,700.0,3.0,2.0,Terrace House,Mudah,Permas Jaya
Skudai,658000,1560.0,4.0,3.0,Terrace House,Mudah,Skudai
Skudai,360000,1044.0,2.0,2.0,Terrace House,Mudah,Skudai
Johor Bahru,580000,1540.0,4.0,3.0,Terrace House,Mudah,Johor Bahru
Kulai,435000,1540.0,3.0,2.0,Terrace House,Mudah,Kulai
Gelang Patah,450000,1400.0,3.0,2.0,Terrace House,Mudah,Gelang Patah
Johor Bahru,1280000,1804.0,0.0,0.0,Terrace House,Mudah,Johor Bahru
Iskandar Puteri,950000,2450.0,4.0,3.0,Semi-D,Mudah,Iskandar Puteri
Johor Bahru,768000,1870.0,3.0,2.0,Terrace House,Mudah,Johor Bahru
Johor Bahru,380000,770.0,3.0,2.0,Terrace House,Mudah,Johor Bahru
Gelang Patah,588000,1170.0,4.0,3.0,Terrace House,Mudah,Gelang Patah
Skudai,535000,1540.0,4.0,2.0,Terrace House,Mudah,Skudai
Kulai,578000,1540.0,5.0,3.0,Terrace House,Mudah,Kulai
Skudai,538000,1170.0,4.0,3.0,Terrace House,Mudah,Skudai
Skudai,510000,1300.0,3.0,2.0,Terrace House,Mudah,Skudai
Skudai,1350000,3080.0,5.0,4.0,Residential,Mudah,Skudai
Pasir Gudang,300000,775.0,3.0,2.0,Terrace House,Mudah,Pasir Gudang
Pasir Gudang,419000,1650.0,3.0,2.0,Terrace House,Mudah,Pasir Gudang
Johor Bahru,619000,1170.0,4.0,3.0,Terrace House,Mudah,Johor Bahru
Johor Bahru,490000,1540.0,3.0,3.0,Terrace House,Mudah,Johor Bahru
Kulai,268000,770.0,2.0,2.0,Terrace House,Mudah,Kulai
Skudai,650000,1800.0,4.0,3.0,Terrace House,Mudah,Skudai
Johor Bahru,755000,1431.0,4.0,3.0,Terrace House,Mudah,Johor Bahru
Skudai,175000,613.0,3.0,2.0,Residential,Mudah,Skudai
Johor Bahru,1350000,3060.0,4.0,5.0,Residential,Mudah,Johor Bahru
Iskandar Puteri,1200000,1400.0,4.0,3.0,Terrace House,Mudah,Iskandar Puteri
Johor Bahru,1380000,3541.0,5.0,5.0,Residential,Mudah,Johor Bahru
Skudai,565000,1650.0,4.0,3.0,Terrace House,Mudah,Skudai
Pasir Gudang,460000,1400.0,3.0,3.0,Terrace House,Mudah,Pasir Gudang
Pasir Gudang,387000,1324.0,3.0,2.0,Terrace House,Mudah,Pasir Gudang
Skudai,438000,1300.0,3.0,2.0,Terrace House,Mudah,Skudai
Johor Bahru,735000,1170.0,4.0,3.0,Terrace House,Mudah,Johor Bahru
Iskandar Puteri,1520000,2380.0,4.0,3.0,Residential,Mudah,Iskandar Puteri
Kulai,355000,1194.0,2.0,1.0,Terrace House,Mudah,Kulai
Kulai,440000,1080.0,4.0,3.0,Terrace House,Mudah,Kulai
Gelang Patah,518000,1980.0,4.0,3.0,Terrace House,Mudah,Gelang Patah
Kluang,280000,1798.0,3.0,2.0,Terrace House,Mudah,Kluang
Johor Bahru,750000,1540.0,3.0,2.0,Terrace House,Mudah,Johor Bahru
Iskandar Puteri,798000,1400.0,5.0,3.0,Terrace House,Mudah,Iskandar Puteri
Kluang,438000,3197.0,4.0,2.0,Semi-D,Mudah,Kluang
Johor Bahru,1850000,2400.0,4.0,3.0,Terrace House,Mudah,Johor Bahru
Johor Bahru,599000,1540.0,4.0,2.0,Terrace House,Mudah,Johor Bahru
Johor Bahru,950000,6534.0,4.0,4.0,Bungalow,Mudah,Johor Bahru
Pasir Gudang,468000,1540.0,4.0,2.0,Terrace House,Mudah,Pasir Gudang
Johor Bahru,790000,2819.0,3.0,2.0,Semi-D,Mudah,Johor Bahru
Pasir Gudang,809000,2604.0,4.0,3.0,Terrace House,Mudah,Pasir Gudang
Pasir Gudang,270000,770.0,2.0,1.0,Terrace House,Mudah,Pasir Gudang
Kulai,320000,960.0,3.0,3.0,Terrace House,Mudah,Kulai
Iskandar Puteri,1580000,1950.0,4.0,4.0,Terrace House,Mudah,Iskandar Puteri
Skudai,678000,1540.0,4.0,3.0,Terrace House,Mudah,Skudai
Ulu Tiram,598000,1540.0,3.0,2.0,Terrace House,Mudah,Ulu Tiram
Johor Bahru,880000,1650.0,3.0,3.0,Terrace House,Mudah,Johor Bahru
Johor Bahru,700000,4407.0,3.0,2.0,Semi-D,Mudah,Johor Bahru
Iskandar Puteri,878000,1400.0,4.0,3.0,Terrace House,Mudah,Iskandar Puteri
Kulai,300000,1300.0,3.0,2.0,Terrace House,Mudah,Kulai
Johor Bahru,2380000,5812.0,6.0,6.0,Bungalow,Mudah,Johor Bahru
Johor Bahru,740000,1540.0,4.0,3.0,Terrace House,Mudah,Johor Bahru
Johor Bahru,470000,1500.0,3.0,1.0,Terrace House,Mudah,Johor Bahru
Pasir Gudang,430000,960.0,3.0,3.0,Terrace House,Mudah,Pasir Gudang
Kulai,580000,2700.0,3.0,2.0,Terrace House,Mudah,Kulai
Kulai,290000,3250.0,3.0,2.0,Terrace House,Mudah,Kulai
Pasir Gudang,390000,1400.0,3.0,2.0,Terrace House,Mudah,Pasir Gudang
Pasir Gudang,398000,960.0,4.0,3.0,Terrace House,Mudah,Pasir Gudang
Johor Bahru,708000,1474.0,4.0,3.0,Terrace House,Mudah,Johor Bahru
Johor Bahru,610000,1173.0,4.0,3.0,Terrace House,Mudah,Johor Bahru
Johor Bahru,800000,2164.0,3.0,3.0,Terrace House,Mudah,Johor Bahru
Johor Bahru,373000,775.0,2.0,2.0,Terrace House,Mudah,Johor Bahru
Johor Bahru,788000,1540.0,4.0,4.0,Terrace House,Mudah,Johor Bahru
Muar,395000,3060.0,4.0,2.0,Semi-D,Mudah,Muar
Muar,350000,1400.0,3.0,2.0,Terrace House,Mudah,Muar
Muar,500000,5292.0,3.0,2.0,Semi-D,Mudah,Muar
Muar,448000,3272.0,4.0,2.0,Residential,Mudah,Muar
Johor Bahru,850000,1920.0,4.0,3.0,Terrace House,Mudah,Johor Bahru
Ulu Tiram,418000,1540.0,3.0,2.0,Terrace House,Mudah,Ulu Tiram
Skudai,598000,1540.0,3.0,2.0,Terrace House,Mudah,Skudai
Johor Bahru,575000,1080.0,4.0,3.0,Terrace House,Mudah,Johor Bahru
Johor Bahru,538000,1540.0,3.0,2.0,Terrace House,Mudah,Johor Bahru
Johor Bahru,528000,1860.0,3.0,2.0,Terrace House,Mudah,Johor Bahru
Johor Bahru,850000,1680.0,4.0,4.0,Terrace House,Mudah,Johor Bahru
Muar,400000,2039.0,3.0,2.0,Terrace House,Mudah,Muar
Johor Bahru,850000,1400.0,4.0,3.0,Terrace House,Mudah,Johor Bahru
Kulai,400000,1500.0,3.0,2.0,Terrace House,Mudah,Kulai
Johor Bahru,398000,1000.0,3.0,2.0,Terrace House,Mudah,Johor Bahru
Johor Bahru,948000,1540.0,4.0,4.0,Terrace House,Mudah,Johor Bahru
Johor Bahru,1380000,3200.0,5.0,6.0,Semi-D,Mudah,Johor Bahru
Gelang Patah,550000,1170.0,4.0,3.0,Terrace House,Mudah,Gelang Patah
Skudai,530000,1300.0,4.0,3.0,Terrace House,Mudah,Skudai
Johor Bahru,748000,1760.0,5.0,3.0,Terrace House,Mudah,Johor Bahru
Iskandar Puteri,1480000,1800.0,5.0,5.0,Terrace House,Mudah,Iskandar Puteri
Ulu Tiram,550000,1540.0,4.0,3.0,Terrace House,Mudah,Ulu Tiram
Johor Bahru,858000,1540.0,4.0,3.0,Terrace House,Mudah,Johor Bahru
Kulai,1080000,2940.0,5.0,3.0,Terrace House,Mudah,Kulai
Johor Bahru,1100000,1800.0,4.0,3.0,Terrace House,Mudah,Johor Bahru
Johor Bahru,499000,1540.0,3.0,2.0,Terrace House,Mudah,Johor Bahru
Kulai,320000,961.0,3.0,2.0,Terrace House,Mudah,Kulai
Kulai,1130000,3710.0,4.0,3.0,Terrace House,Mudah,Kulai
Kulai,340000,775.0,3.0,2.0,Terrace House,Mudah,Kulai
Johor Bahru,1350000,2560.0,4.0,4.0,Residential,Mudah,Johor Bahru
Pasir Gudang,360000,1400.0,3.0,2.0,Terrace House,Mudah,Pasir Gudang
Johor Bahru,830000,1400.0,4.0,3.0,Terrace House,Mudah,Johor Bahru
Johor Bahru,899000,1540.0,4.0,3.0,Terrace House,Mudah,Johor Bahru
Johor Bahru,615000,1540.0,3.0,2.0,Terrace House,Mudah,Johor Bahru
Kulai,738000,2417.0,4.0,3.0,Terrace House,Mudah,Kulai
Johor Bahru,719000,1400.0,4.0,3.0,Terrace House,Mudah,Johor Bahru
Johor Bahru,428000,770.0,3.0,2.0,Terrace House,Mudah,Johor Bahru
Johor Bahru,4200000,8300.0,6.0,6.0,Bungalow,Mudah,Johor Bahru
Pasir Gudang,440000,1170.0,4.0,3.0,Terrace House,Mudah,Pasir Gudang
Kulai,550000,3035.0,4.0,3.0,Terrace House,Mudah,Kulai
Batu Pahat,250000,1540.0,3.0,2.0,Terrace House,Mudah,Batu Pahat
Skudai,388000,1033.0,4.0,3.0,Residential,Mudah,Skudai
Skudai,570000,1540.0,3.0,2.0,Terrace House,Mudah,Skudai
Kluang,240000,2394.0,3.0,3.0,Terrace House,Mudah,Kluang
Skudai,750000,1832.0,4.0,3.0,Terrace House,Mudah,Skudai
Kluang,888000,2100.0,4.0,3.0,Semi-D,Mudah,Kluang
Skudai,975000,3309.0,4.0,4.0,Terrace House,Mudah,Skudai
Johor Bahru,538000,1170.0,3.0,2.0,Terrace House,Mudah,Johor Bahru
Pasir Gudang,858000,3143.0,4.0,3.0,Terrace House,Mudah,Pasir Gudang
Johor Bahru,680000,1920.0,3.0,2.0,Terrace House,Mudah,Johor Bahru
Pasir Gudang,470000,1080.0,4.0,3.0,Terrace House,Mudah,Pasir Gudang
Ulu Tiram,358000,775.0,3.0,2.0,Terrace House,Mudah,Ulu Tiram
Pasir Gudang,419000,1170.0,4.0,3.0,Terrace House,Mudah,Pasir Gudang
Johor Bahru,749000,3164.0,3.0,2.0,Semi-D,Mudah,Johor Bahru
Johor Bahru,990000,2040.0,5.0,3.0,Terrace House,Mudah,Johor Bahru
Pasir Gudang,325000,1400.0,3.0,2.0,Terrace House,Mudah,Pasir Gudang
Batu Pahat,700000,3766.0,4.0,3.0,Semi-D,Mudah,Batu Pahat
Kluang,255000,1539.0,3.0,2.0,Terrace House,Mudah,Kluang
Johor Bahru,698000,1400.0,3.0,3.0,Terrace House,Mudah,Johor Bahru
Batu Pahat,1080000,3197.0,4.0,4.0,Semi-D,Mudah,Batu Pahat
Batu Pahat,256000,770.0,3.0,2.0,Terrace House,Mudah,Batu Pahat
Johor Bahru,618000,1170.0,3.0,3.0,Terrace House,Mudah,Johor Bahru
Batu Pahat,328000,1646.0,4.0,3.0,Terrace House,Mudah,Batu Pahat
Kulai,400000,1798.0,4.0,3.0,Terrace House,Mudah,Kulai
Pasir Gudang,430000,1340.0,3.0,2.0,Terrace House,Mudah,Pasir Gudang
Kulai,285000,960.0,3.0,2.0,Terrace House,Mudah,Kulai
Kluang,290000,1350.0,3.0,2.0,Terrace House,Mudah,Kluang
Skudai,414000,1044.0,3.0,1.0,Terrace House,Mudah,Skudai
Kulai,480000,1400.0,4.0,3.0,Terrace House,Mudah,Kulai
Pasir Gudang,300000,770.0,3.0,2.0,Terrace House,Mudah,Pasir Gudang
Pasir Gudang,380000,1400.0,3.0,2.0,Terrace House,Mudah,Pasir Gudang
Johor Bahru,435000,1300.0,3.0,2.0,Terrace House,Mudah,Johor Bahru
Pasir Gudang,380000,1300.0,3.0,2.0,Terrace House,Mudah,Pasir Gudang
Kulai,420000,1798.0,3.0,2.0,Terrace House,Mudah,Kulai
Johor Bahru,630000,1660.0,4.0,3.0,Terrace House,Mudah,Johor Bahru
Pasir Gudang,600000,1760.0,3.0,2.0,Terrace House,Mudah,Pasir Gudang
Iskandar Puteri,1250000,2800.0,4.0,3.0,Terrace House,Mudah,Iskandar Puteri
Pasir Gudang,495000,1400.0,4.0,3.0,Terrace House,Mudah,Pasir Gudang
Skudai,1650000,4000.0,5.0,5.0,Semi-D,Mudah,Skudai
Kulai,640000,3197.0,4.0,3.0,Semi-D,Mudah,Kulai
Johor Bahru,480000,1076.0,4.0,2.0,Terrace House,Mudah,Johor Bahru
Gelang Patah,650000,4502.0,3.0,2.0,Bungalow,Mudah,Gelang Patah
Johor Bahru,599000,4000.0,6.0,5.0,Terrace House,Mudah,Johor Bahru
Pasir Gudang,313000,770.0,3.0,2.0,Terrace House,Mudah,Pasir Gudang
Kluang,366000,1479.0,4.0,2.0,Terrace House,Mudah,Kluang
Johor Bahru,950000,7400.0,4.0,3.0,Bungalow,Mudah,Johor Bahru
Iskandar Puteri,675000,2325.0,4.0,3.0,Semi-D,Mudah,Iskandar Puteri
Pasir Gudang,500000,2065.0,4.0,3.0,Terrace House,Mudah,Pasir Gudang
Pasir Gudang,490000,1400.0,4.0,3.0,Terrace House,Mudah,Pasir Gudang
Segamat,320000,1500.0,3.0,2.0,Terrace House,Mudah,Segamat
Pasir Gudang,540000,1400.0,4.0,3.0,Terrace House,Mudah,Pasir Gudang
Kluang,410000,1765.0,3.0,2.0,Terrace House,Mudah,Kluang
Kulai,299000,1540.0,4.0,2.0,Terrace House,Mudah,Kulai
Kluang,250000,1540.0,3.0,2.0,Terrace House,Mudah,Kluang
Segamat,380000,1660.0,5.0,4.0,Terrace House,Mudah,Segamat
Kluang,290000,2275.0,4.0,2.0,Terrace House,Mudah,Kluang
Gelang Patah,480000,1080.0,3.0,2.0,Terrace House,Mudah,Gelang Patah
Kulai,315000,1001.0,3.0,2.0,Residential,Mudah,Kulai
Pasir Gudang,450000,2620.0,3.0,2.0,Terrace House,Mudah,Pasir Gudang
Kulai,430000,1442.0,3.0,2.0,Terrace House,Mudah,Kulai
Johor Bahru,1580000,1950.0,4.0,4.0,Terrace House,Mudah,Johor Bahru
Gelang Patah,678000,1170.0,4.0,3.0,Terrace House,Mudah,Gelang Patah
Skudai,393000,775.0,3.0,2.0,Terrace House,Mudah,Skudai
Pasir Gudang,370000,1540.0,3.0,2.0,Terrace House,Mudah,Pasir Gudang
Gelang Patah,678000,1400.0,4.0,3.0,Terrace House,Mudah,Gelang Patah
Johor Bahru,438000,5000.0,4.0,3.0,Bungalow,Mudah,Johor Bahru
Kluang,550000,3035.0,4.0,3.0,Terrace House,Mudah,Kluang
Kluang,383000,2145.0,4.0,3.0,Terrace House,Mudah,Kluang
Pasir Gudang,480000,1884.0,3.0,2.0,Terrace House,Mudah,Pasir Gudang
Pasir Gudang,360000,840.0,3.0,3.0,Terrace House,Mudah,Pasir Gudang
Skudai,830000,3200.0,5.0,4.0,Semi-D,Mudah,Skudai
Kulai,400000,1540.0,3.0,2.0,Terrace House,Mudah,Kulai
Kulai,565000,2467.0,4.0,3.0,Terrace House,Mudah,Kulai
Skudai,539000,1170.0,4.0,3.0,Terrace House,Mudah,Skudai
Johor Bahru,480000,1076.0,4.0,2.0,Residential,Mudah,Johor Bahru
Pasir Gudang,288000,852.0,3.0,2.0,Residential,Mudah,Pasir Gudang
Johor Bahru,688000,1400.0,4.0,3.0,Terrace House,Mudah,Johor Bahru
Ulu Tiram,475000,1400.0,3.0,2.0,Terrace House,Mudah,Ulu Tiram
Kulai,390000,1080.0,3.0,2.0,Terrace House,Mudah,Kulai
Skudai,480000,1174.0,4.0,3.0,Terrace House,Mudah,Skudai
Pasir Gudang,370000,960.0,3.0,2.0,Terrace House,Mudah,Pasir Gudang
Kulai,349000,775.0,3.0,2.0,Terrace House,Mudah,Kulai
Pasir Gudang,480000,1540.0,4.0,2.0,Terrace House,Mudah,Pasir Gudang
Pasir Gudang,399000,1400.0,4.0,3.0,Terrace House,Mudah,Pasir Gudang
Johor Bahru,560000,1540.0,4.0,3.0,Terrace House,Mudah,Johor Bahru
Pasir Gudang,358000,1540.0,3.0,2.0,Terrace House,Mudah,Pasir Gudang
Johor Bahru,680000,1170.0,4.0,3.0,Terrace House,Mudah,Johor Bahru
Pasir Gudang,290000,1200.0,3.0,2.0,Terrace House,Mudah,Pasir Gudang
Johor Bahru,598000,1170.0,4.0,3.0,Terrace House,Mudah,Johor Bahru
Pasir Gudang,530000,3660.0,3.0,2.0,Terrace House,Mudah,Pasir Gudang
Johor Bahru,678000,1560.0,4.0,4.0,Terrace House,Mudah,Johor Bahru
Pasir Gudang,499000,2828.0,4.0,3.0,Terrace House,Mudah,Pasir Gudang
Kluang,273000,1540.0,3.0,2.0,Terrace House,Mudah,Kluang
Johor Bahru,599000,1540.0,3.0,2.0,Terrace House,Mudah,Johor Bahru
Batu Pahat,354000,1540.0,4.0,3.0,Terrace House,Mudah,Batu Pahat
Skudai,530000,1170.0,4.0,3.0,Terrace House,Mudah,Skudai
Kulai,515000,1080.0,4.0,3.0,Terrace House,Mudah,Kulai
Johor Bahru,708000,1170.0,4.0,3.0,Terrace House,Mudah,Johor Bahru
Pasir Gudang,430000,1622.0,4.0,3.0,Terrace House,Mudah,Pasir Gudang
Pasir Gudang,370000,775.0,3.0,2.0,Terrace House,Mudah,Pasir Gudang
Johor Bahru,780000,1540.0,4.0,3.0,Terrace House,Mudah,Johor Bahru
Johor Bahru,930000,3150.0,6.0,5.0,Terrace House,Mudah,Johor Bahru
Skudai,738000,2870.0,3.0,2.0,Terrace House,Mudah,Skudai
Muar,450000,2506.0,3.0,2.0,Semi-D,Mudah,Muar
Skudai,600000,1500.0,3.0,3.0,Semi-D,Mudah,Skudai
Johor Bahru,630000,2665.0,4.0,3.0,Semi-D,Mudah,Johor Bahru
Johor Bahru,2350000,5040.0,5.0,5.0,Semi-D,Mudah,Johor Bahru
Skudai,418000,770.0,3.0,2.0,Terrace House,Mudah,Skudai
Johor Bahru,588000,1540.0,3.0,2.0,Terrace House,Mudah,Johor Bahru
Johor Bahru,750000,2009.0,4.0,3.0,Terrace House,Mudah,Johor Bahru
Iskandar Puteri,1180000,2800.0,3.0,3.0,Terrace House,Mudah,Iskandar Puteri
Skudai,435000,1210.0,3.0,2.0,Terrace House,Mudah,Skudai
Skudai,988000,3250.0,4.0,3.0,Terrace House,Mudah,Skudai
Skudai,548000,1540.0,3.0,2.0,Terrace House,Mudah,Skudai
Johor Bahru,718000,2615.0,4.0,3.0,Terrace House,Mudah,Johor Bahru
Kluang,439000,2600.0,5.0,3.0,Terrace House,Mudah,Kluang
Kluang,180000,770.0,3.0,2.0,Terrace House,Mudah,Kluang
Skudai,418000,770.0,3.0,3.0,Terrace House,Mudah,Skudai
Johor Bahru,3000000,3200.0,4.0,3.0,Semi-D,Mudah,Johor Bahru
Skudai,690000,1540.0,4.0,3.0,Terrace House,Mudah,Skudai
Johor Bahru,430000,1400.0,3.0,2.0,Terrace House,Mudah,Johor Bahru
Johor Bahru,488000,1300.0,3.0,2.0,Terrace House,Mudah,Johor Bahru
Pasir Gudang,365000,780.0,3.0,2.0,Terrace House,Mudah,Pasir Gudang
Johor Bahru,635000,1650.0,4.0,3.0,Terrace House,Mudah,Johor Bahru
Ulu Tiram,588000,2980.0,4.0,3.0,Semi-D,Mudah,Ulu Tiram
Kluang,190000,840.0,3.0,2.0,Terrace House,Mudah,Kluang
Skudai,580000,1540.0,4.0,3.0,Terrace House,Mudah,Skudai
Gelang Patah,1080000,2800.0,5.0,5.0,Terrace House,Mudah,Gelang Patah
Kluang,228000,1646.0,3.0,2.0,Terrace House,Mudah,Kluang
Gelang Patah,490000,1079.0,4.0,3.0,Terrace House,Mudah,Gelang Patah
Ulu Tiram,650000,3121.0,5.0,2.0,Terrace House,Mudah,Ulu Tiram
Kulai,430000,1540.0,3.0,2.0,Terrace House,Mudah,Kulai
Johor Bahru,750000,1300.0,4.0,3.0,Terrace House,Mudah,Johor Bahru
Kluang,488000,3200.0,5.0,4.0,Terrace House,Mudah,Kluang
Pasir Gudang,660000,1766.0,4.0,3.0,Terrace House,Mudah,Pasir Gudang
Johor Bahru,580000,1400.0,3.0,2.0,Terrace House,Mudah,Johor Bahru
Skudai,399000,1100.0,3.0,2.0,Terrace House,Mudah,Skudai
Johor Bahru,798000,2600.0,4.0,3.0,Terrace House,Mudah,Johor Bahru
Johor Bahru,1299000,2800.0,5.0,5.0,Residential,Mudah,Johor Bahru
Ulu Tiram,500000,1540.0,3.0,2.0,Terrace House,Mudah,Ulu Tiram
Muar,388000,1540.0,4.0,3.0,Terrace House,Mudah,Muar
Johor Bahru,398000,990.0,3.0,2.0,Terrace House,Mudah,Johor Bahru
Skudai,645000,1400.0,4.0,3.0,Terrace House,Mudah,Skudai
Ulu Tiram,370000,814.0,3.0,2.0,Terrace House,Mudah,Ulu Tiram
Johor Bahru,920000,1770.0,4.0,3.0,Terrace House,Mudah,Johor Bahru
Johor Bahru,585000,1400.0,5.0,2.0,Terrace House,Mudah,Johor Bahru
Kluang,330000,2150.0,4.0,3.0,Terrace House,Mudah,Kluang
Pasir Gudang,430000,1400.0,4.0,3.0,Terrace House,Mudah,Pasir Gudang
Johor Bahru,775000,1400.0,4.0,3.0,Terrace House,Mudah,Johor Bahru
Kulai,330000,1011.0,3.0,2.0,Residential,Mudah,Kulai
Pasir Gudang,365000,775.0,3.0,2.0,Terrace House,Mudah,Pasir Gudang
Pasir Gudang,358000,770.0,4.0,3.0,Terrace House,Mudah,Pasir Gudang
Kulai,205000,594.0,3.0,1.0,Terrace House,Mudah,Kulai
Kluang,420000,3003.0,3.0,2.0,Terrace House,Mudah,Kluang
Johor Bahru,550000,1500.0,3.0,2.0,Terrace House,Mudah,Johor Bahru
Johor Bahru,360000,1040.0,2.0,1.0,Terrace House,Mudah,Johor Bahru
Kluang,428000,1540.0,4.0,3.0,Terrace House,Mudah,Kluang
Ulu Tiram,350000,753.0,3.0,2.0,Terrace House,Mudah,Ulu Tiram
Johor Bahru,598000,4000.0,6.0,5.0,Terrace House,Mudah,Johor Bahru
Skudai,599000,1300.0,4.0,3.0,Terrace House,Mudah,Skudai
Iskandar Puteri,588000,1400.0,3.0,2.0,Terrace House,Mudah,Iskandar Puteri
Johor Bahru,700000,1650.0,4.0,3.0,Terrace House,Mudah,Johor Bahru
Ulu Tiram,360000,1040.0,2.0,1.0,Terrace House,Mudah,Ulu Tiram
Pasir Gudang,408000,770.0,2.0,1.0,Terrace House,Mudah,Pasir Gudang
Kluang,550000,4387.0,4.0,3.0,Semi-D,Mudah,Kluang
Pontian,460000,1400.0,4.0,2.0,Terrace House,Mudah,Pontian
Kulai,738000,1560.0,5.0,4.0,Terrace House,Mudah,Kulai
Pasir Gudang,399000,1400.0,3.0,2.0,Terrace House,Mudah,Pasir Gudang
Pasir Gudang,399000,1540.0,3.0,2.0,Terrace House,Mudah,Pasir Gudang
Kluang,570000,1540.0,6.0,4.0,Bungalow,Mudah,Kluang
Johor Bahru,830000,3200.0,5.0,4.0,Semi-D,Mudah,Johor Bahru
Skudai,498000,1170.0,4.0,3.0,Terrace House,Mudah,Skudai
Johor Bahru,718000,1800.0,4.0,3.0,Terrace House,Mudah,Johor Bahru
Muar,820000,2924.0,4.0,3.0,Semi-D,Mudah,Muar
Pasir Gudang,395000,770.0,3.0,2.0,Terrace House,Mudah,Pasir Gudang
Iskandar Puteri,720000,1540.0,4.0,3.0,Terrace House,Mudah,Iskandar Puteri
Muar,950000,3360.0,5.0,3.0,Terrace House,Mudah,Muar
Skudai,214000,650.0,3.0,2.0,Residential,Mudah,Skudai
Batu Pahat,430000,1540.0,4.0,3.0,Terrace House,Mudah,Batu Pahat
Kulai,385000,1079.0,3.0,2.0,Terrace House,Mudah,Kulai
Skudai,388000,770.0,2.0,1.0,Terrace House,Mudah,Skudai
Skudai,370000,770.0,2.0,1.0,Terrace House,Mudah,Skudai
Johor Bahru,698000,1400.0,4.0,3.0,Terrace House,Mudah,Johor Bahru
Johor Bahru,678000,1400.0,4.0,3.0,Terrace House,Mudah,Johor Bahru
Johor Bahru,1680000,2560.0,4.0,5.0,Residential,Mudah,Johor Bahru
Johor Bahru,498000,1584.0,3.0,2.0,Terrace House,Mudah,Johor Bahru
Kulai,495000,1076.0,4.0,3.0,Terrace House,Mudah,Kulai
Skudai,498000,1540.0,3.0,2.0,Terrace House,Mudah,Skudai
Johor Bahru,650000,1672.0,4.0,3.0,Residential,Mudah,Johor Bahru
Skudai,390000,1040.0,2.0,2.0,Terrace House,Mudah,Skudai
Johor Bahru,1580000,2671.0,4.0,4.0,Terrace House,Mudah,Johor Bahru
Pasir Gudang,360000,960.0,3.0,3.0,Terrace House,Mudah,Pasir Gudang
Skudai,480000,1260.0,4.0,3.0,Terrace House,Mudah,Skudai
Skudai,580000,1540.0,3.0,2.0,Terrace House,Mudah,Skudai
Skudai,1100000,2500.0,5.0,4.0,Residential,Mudah,Skudai
Skudai,1180000,3958.0,5.0,4.0,Residential,Mudah,Skudai
Ulu Tiram,618000,1540.0,4.0,3.0,Terrace House,Mudah,Ulu Tiram
Ulu Tiram,770000,4047.0,5.0,5.0,Terrace House,Mudah,Ulu Tiram
Pasir Gudang,548000,2500.0,4.0,3.0,Terrace House,Mudah,Pasir Gudang
Pasir Gudang,600000,1200.0,4.0,3.0,Terrace House,Mudah,Pasir Gudang
Kulai,612000,2000.0,5.0,4.0,Terrace House,Mudah,Kulai
Iskandar Puteri,475000,1080.0,3.0,2.0,Terrace House,Mudah,Iskandar Puteri
Johor Bahru,636000,1680.0,4.0,4.0,Terrace House,Mudah,Johor Bahru
Skudai,780000,5629.0,3.0,2.0,Terrace House,Mudah,Skudai
Pasir Gudang,490000,1540.0,3.0,3.0,Terrace House,Mudah,Pasir Gudang
Pasir Gudang,443000,1560.0,4.0,3.0,Terrace House,Mudah,Pasir Gudang
Kulai,370000,1400.0,4.0,3.0,Terrace House,Mudah,Kulai
Ulu Tiram,348000,1040.0,3.0,2.0,Terrace House,Mudah,Ulu Tiram
Johor Bahru,800000,4288.0,4.0,4.0,Semi-D,Mudah,Johor Bahru
Pasir Gudang,590000,1300.0,4.0,3.0,Terrace House,Mudah,Pasir Gudang
Kulai,500000,1672.0,5.0,3.0,Terrace House,Mudah,Kulai
Skudai,340000,1100.0,2.0,1.0,Terrace House,Mudah,Skudai
Kulai,330000,775.0,3.0,2.0,Terrace House,Mudah,Kulai
Kulai,468000,3822.0,3.0,1.0,Terrace House,Mudah,Kulai
Kulai,510000,2470.0,3.0,2.0,Terrace House,Mudah,Kulai
Skudai,520000,1170.0,4.0,3.0,Terrace House,Mudah,Skudai
Johor Bahru,628000,1170.0,4.0,3.0,Terrace House,Mudah,Johor Bahru
Pasir Gudang,355000,960.0,3.0,4.0,Terrace House,Mudah,Pasir Gudang
Skudai,775000,2898.0,4.0,3.0,Terrace House,Mudah,Skudai
Pasir Gudang,500000,1400.0,4.0,3.0,Terrace House,Mudah,Pasir Gudang
Gelang Patah,499000,1400.0,4.0,3.0,Terrace House,Mudah,Gelang Patah
Kluang,338000,1650.0,3.0,2.0,Terrace House,Mudah,Kluang
Batu Pahat,225000,1192.0,3.0,2.0,Terrace House,Mudah,Batu Pahat
Pasir Gudang,499000,1400.0,3.0,3.0,Terrace House,Mudah,Pasir Gudang
Johor Bahru,360000,1100.0,4.0,2.0,Residential,Mudah,Johor Bahru
Pasir Gudang,590000,1726.0,4.0,3.0,Terrace House,Mudah,Pasir Gudang
Skudai,1280000,5740.0,5.0,5.0,Semi-D,Mudah,Skudai
Kulai,320000,3316.0,3.0,1.0,Terrace House,Mudah,Kulai
Kluang,420000,1496.0,4.0,3.0,Terrace House,Mudah,Kluang
Kulai,510000,1080.0,4.0,3.0,Terrace House,Mudah,Kulai
Johor Bahru,589000,1540.0,3.0,2.0,Terrace House,Mudah,Johor Bahru
Johor Bahru,870000,1800.0,4.0,5.0,Terrace House,Mudah,Johor Bahru
Kulai,480000,1170.0,4.0,3.0,Terrace House,Mudah,Kulai
Johor Bahru,780000,1680.0,4.0,3.0,Terrace House,Mudah,Johor Bahru
Kulai,500000,1540.0,4.0,2.0,Terrace House,Mudah,Kulai
Gelang Patah,565000,1650.0,4.0,3.0,Terrace House,Mudah,Gelang Patah
Gelang Patah,510000,1430.0,4.0,3.0,Terrace House,Mudah,Gelang Patah
Pasir Gudang,468000,1400.0,4.0,3.0,Terrace House,Mudah,Pasir Gudang
Johor Bahru,688000,1170.0,4.0,3.0,Terrace House,Mudah,Johor Bahru
Kulai,465000,1540.0,3.0,2.0,Terrace House,Mudah,Kulai
Kluang,320000,1302.0,4.0,3.0,Terrace House,Mudah,Kluang
Ulu Tiram,495000,1540.0,3.0,3.0,Terrace House,Mudah,Ulu Tiram
Pasir Gudang,450000,3242.0,4.0,3.0,Terrace House,Mudah,Pasir Gudang
Kulai,260000,1540.0,3.0,2.0,Terrace House,Mudah,Kulai
Kluang,440000,1657.0,4.0,4.0,Terrace House,Mudah,Kluang
Johor Bahru,580000,1170.0,4.0,3.0,Terrace House,Mudah,Johor Bahru
Johor Bahru,495000,1560.0,3.0,2.0,Terrace House,Mudah,Johor Bahru
Johor Bahru,830000,2310.0,4.0,3.0,Terrace House,Mudah,Johor Bahru
Pasir Gudang,560000,1726.0,4.0,3.0,Terrace House,Mudah,Pasir Gudang
Johor Bahru,630000,1540.0,3.0,2.0,Terrace House,Mudah,Johor Bahru
Johor Bahru,2500000,7895.0,10.0,3.0,Bungalow,Mudah,Johor Bahru
Kluang,568000,1360.0,4.0,3.0,Terrace House,Mudah,Kluang
Iskandar Puteri,2120000,3788.0,6.0,5.0,Terrace House,Mudah,Iskandar Puteri
Pasir Gudang,338000,770.0,2.0,1.0,Terrace House,Mudah,Pasir Gudang
Kulai,698000,1500.0,4.0,3.0,Terrace House,Mudah,Kulai
Gelang Patah,980000,2215.0,4.0,4.0,Terrace House,Mudah,Gelang Patah
Kulai,295000,1300.0,3.0,2.0,Terrace House,Mudah,Kulai
Johor Bahru,398000,700.0,3.0,2.0,Terrace House,Mudah,Johor Bahru
Kulai,540000,3618.0,3.0,3.0,Terrace House,Mudah,Kulai
Pasir Gudang,500000,1300.0,4.0,3.0,Terrace House,Mudah,Pasir Gudang
Permas Jaya,608000,1300.0,4.0,3.0,Terrace House,Mudah,Permas Jaya
Iskandar Puteri,800000,1400.0,4.0,3.0,Terrace House,Mudah,Iskandar Puteri
Pasir Gudang,388000,1400.0,3.0,2.0,Terrace House,Mudah,Pasir Gudang
Skudai,850000,1540.0,4.0,3.0,Terrace House,Mudah,Skudai
Skudai,1100000,2750.0,4.0,4.0,Terrace House,Mudah,Skudai
Pasir Gudang,165000,689.0,3.0,2.0,Residential,Mudah,Pasir Gudang
Pasir Gudang,698000,2800.0,3.0,2.0,Terrace House,Mudah,Pasir Gudang
Kulai,428000,1400.0,3.0,2.0,Terrace House,Mudah,Kulai
Skudai,598000,1170.0,5.0,3.0,Terrace House,Mudah,Skudai
Johor Bahru,565000,1679.0,3.0,2.0,Terrace House,Mudah,Johor Bahru
Iskandar Puteri,2000000,3568.0,5.0,6.0,Terrace House,Mudah,Iskandar Puteri
Skudai,478000,1540.0,3.0,2.0,Terrace House,Mudah,Skudai
Batu Pahat,345000,1540.0,4.0,3.0,Terrace House,Mudah,Batu Pahat
Pasir Gudang,285000,770.0,3.0,2.0,Terrace House,Mudah,Pasir Gudang
Kluang,468000,1540.0,4.0,3.0,Terrace House,Mudah,Kluang
Kulai,250000,1670.0,3.0,2.0,Terrace House,Mudah,Kulai
Johor Bahru,880000,2210.0,5.0,3.0,Terrace House,Mudah,Johor Bahru
Pasir Gudang,320000,1300.0,3.0,2.0,Terrace House,Mudah,Pasir Gudang
Johor Bahru,900000,1674.0,4.0,3.0,Terrace House,Mudah,Johor Bahru
Johor Bahru,360000,775.0,2.0,2.0,Terrace House,Mudah,Johor Bahru
Kulai,320000,732.0,2.0,1.0,Terrace House,Mudah,Kulai
Pasir Gudang,460000,1980.0,3.0,2.0,Terrace House,Mudah,Pasir Gudang
Johor Bahru,895000,1680.0,4.0,4.0,Terrace House,Mudah,Johor Bahru
Kulai,650000,2940.0,4.0,2.0,Terrace House,Mudah,Kulai
Johor Bahru,880000,1400.0,4.0,4.0,Terrace House,Mudah,Johor Bahru
Johor Bahru,393000,770.0,3.0,2.0,Terrace House,Mudah,Johor Bahru
Johor Bahru,370000,814.0,3.0,2.0,Terrace House,Mudah,Johor Bahru
Kulai,550000,1408.0,4.0,3.0,Terrace House,Mudah,Kulai
Kluang,430000,2100.0,3.0,2.0,Terrace House,Mudah,Kluang
Kluang,198000,775.0,3.0,2.0,Terrace House,Mudah,Kluang
Muar,364000,2917.0,3.0,2.0,Semi-D,Mudah,Muar
Johor Bahru,1800000,3200.0,5.0,7.0,Semi-D,Mudah,Johor Bahru
Kluang,390000,1400.0,4.0,3.0,Terrace House,Mudah,Kluang
Johor Bahru,399000,1400.0,3.0,2.0,Terrace House,Mudah,Johor Bahru
Skudai,1350000,3000.0,5.0,4.0,Terrace House,Mudah,Skudai
Kluang,230000,1500.0,3.0,1.0,Terrace House,Mudah,Kluang
Kulai,165000,770.0,2.0,1.0,Terrace House,Mudah,Kulai
Kluang,235000,1120.0,3.0,2.0,Terrace House,Mudah,Kluang
Skudai,618000,1650.0,5.0,4.0,Terrace House,Mudah,Skudai
Pasir Gudang,630000,1400.0,4.0,3.0,Terrace House,Mudah,Pasir Gudang
Kulai,588000,1800.0,4.0,2.0,Terrace House,Mudah,Kulai
Pasir Gudang,638000,1200.0,4.0,3.0,Terrace House,Mudah,Pasir Gudang
Johor Bahru,920000,2600.0,4.0,3.0,Terrace House,Mudah,Johor Bahru
Pasir Gudang,358000,723.0,4.0,3.0,Terrace House,Mudah,Pasir Gudang
Iskandar Puteri,1800000,3400.0,5.0,5.0,Residential,Mudah,Iskandar Puteri
Johor Bahru,675000,1400.0,4.0,3.0,Terrace House,Mudah,Johor Bahru
Kluang,308800,1314.0,3.0,2.0,Terrace House,Mudah,Kluang
Ulu Tiram,560000,1540.0,4.0,3.0,Terrace House,Mudah,Ulu Tiram
Pasir Gudang,570000,2370.0,4.0,2.0,Terrace House,Mudah,Pasir Gudang
Batu Pahat,428000,1540.0,4.0,3.0,Terrace House,Mudah,Batu Pahat
Muar,175000,1084.0,2.0,1.0,Terrace House,Mudah,Muar
Pasir Gudang,578000,1540.0,4.0,3.0,Terrace House,Mudah,Pasir Gudang
Kulai,400000,1798.0,3.0,2.0,Terrace House,Mudah,Kulai
Gelang Patah,830000,3200.0,5.0,4.0,Semi-D,Mudah,Gelang Patah
Kulai,650000,3150.0,4.0,2.0,Terrace House,Mudah,Kulai
Johor Bahru,1450000,6877.0,5.0,3.0,Terrace House,Mudah,Johor Bahru
Iskandar Puteri,598000,1540.0,3.0,2.0,Terrace House,Mudah,Iskandar Puteri
Kulai,598000,1800.0,4.0,2.0,Terrace House,Mudah,Kulai
Johor Bahru,750000,1760.0,4.0,3.0,Terrace House,Mudah,Johor Bahru
Iskandar Puteri,1850000,2400.0,3.0,3.0,Residential,Mudah,Iskandar Puteri
Johor Bahru,578000,1400.0,3.0,2.0,Terrace House,Mudah,Johor Bahru
Ulu Tiram,498000,1540.0,3.0,2.0,Terrace House,Mudah,Ulu Tiram
Skudai,413000,1100.0,3.0,2.0,Terrace House,Mudah,Skudai
Johor Bahru,370000,775.0,2.0,1.0,Terrace House,Mudah,Johor Bahru
Skudai,408000,1098.0,3.0,2.0,Terrace House,Mudah,Skudai
Pasir Gudang,465000,1300.0,4.0,3.0,Terrace House,Mudah,Pasir Gudang
Skudai,438000,1350.0,3.0,2.0,Terrace House,Mudah,Skudai
Iskandar Puteri,1680000,2240.0,4.0,4.0,Terrace House,Mudah,Iskandar Puteri
Iskandar Puteri,1650000,3882.0,6.0,6.0,Terrace House,Mudah,Iskandar Puteri
Johor Bahru,1600000,8137.0,6.0,4.0,Semi-D,Mudah,Johor Bahru
Johor Bahru,1350000,6400.0,7.0,4.0,Bungalow,Mudah,Johor Bahru
Pasir Gudang,358000,1540.0,4.0,3.0,Terrace House,Mudah,Pasir Gudang
Skudai,450000,1500.0,3.0,2.0,Terrace House,Mudah,Skudai
Muar,350000,1300.0,3.0,2.0,Terrace House,Mudah,Muar
Johor Bahru,386000,775.0,2.0,2.0,Terrace House,Mudah,Johor Bahru
Pasir Gudang,470000,1300.0,4.0,3.0,Terrace House,Mudah,Pasir Gudang
Batu Pahat,230000,776.0,3.0,2.0,Terrace House,Mudah,Batu Pahat
Kluang,380000,1647.0,4.0,3.0,Terrace House,Mudah,Kluang
Pasir Gudang,450000,1300.0,3.0,2.0,Terrace House,Mudah,Pasir Gudang
Kulai,330000,979.0,3.0,2.0,Terrace House,Mudah,Kulai
Kluang,418000,1650.0,4.0,3.0,Terrace House,Mudah,Kluang
Johor Bahru,460000,960.0,3.0,2.0,Terrace House,Mudah,Johor Bahru
Kluang,530000,1260.0,4.0,3.0,Terrace House,Mudah,Kluang
Skudai,480000,1170.0,4.0,3.0,Terrace House,Mudah,Skudai
Kluang,383000,1813.0,4.0,3.0,Terrace House,Mudah,Kluang
Pasir Gudang,465000,1080.0,4.0,3.0,Terrace House,Mudah,Pasir Gudang
Pasir Gudang,478000,2282.0,3.0,2.0,Terrace House,Mudah,Pasir Gudang
Gelang Patah,660000,2400.0,3.0,2.0,Terrace House,Mudah,Gelang Patah
Johor Bahru,528000,1540.0,3.0,2.0,Terrace House,Mudah,Johor Bahru
Pasir Gudang,370000,1400.0,3.0,2.0,Terrace House,Mudah,Pasir Gudang
Pasir Gudang,670000,1400.0,5.0,3.0,Terrace House,Mudah,Pasir Gudang
Pasir Gudang,358000,750.0,3.0,2.0,Terrace House,Mudah,Pasir Gudang
Johor Bahru,750000,2852.0,4.0,3.0,Terrace House,Mudah,Johor Bahru
Kluang,260000,1400.0,4.0,2.0,Terrace House,Mudah,Kluang
Johor Bahru,450000,1400.0,3.0,2.0,Terrace House,Mudah,Johor Bahru
Johor Bahru,850000,2800.0,4.0,3.0,Semi-D,Mudah,Johor Bahru
Kulai,608000,1910.0,4.0,2.0,Terrace House,Mudah,Kulai
Pasir Gudang,398000,700.0,3.0,2.0,Terrace House,Mudah,Pasir Gudang
Johor Bahru,888000,1680.0,2.0,2.0,Terrace House,Mudah,Johor Bahru
Johor Bahru,1500000,2706.0,7.0,4.0,Terrace House,Mudah,Johor Bahru
Johor Bahru,570000,1540.0,6.0,2.0,Terrace House,Mudah,Johor Bahru
Pasir Gudang,598000,1300.0,4.0,3.0,Terrace House,Mudah,Pasir Gudang
Johor Bahru,998000,3305.0,4.0,3.0,Semi-D,Mudah,Johor Bahru
Skudai,450000,1496.0,3.0,2.0,Terrace House,Mudah,Skudai
Pasir Gudang,760000,1540.0,4.0,5.0,Terrace House,Mudah,Pasir Gudang
Kulai,1320000,4000.0,6.0,4.0,Semi-D,Mudah,Kulai
Skudai,1350000,4506.0,6.0,6.0,Semi-D,Mudah,Skudai
Iskandar Puteri,1580000,2671.0,4.0,4.0,Terrace House,Mudah,Iskandar Puteri
Pasir Gudang,520000,1754.0,4.0,2.0,Terrace House,Mudah,Pasir Gudang
Kluang,370000,1400.0,3.0,2.0,Terrace House,Mudah,Kluang
Kulai,295600,1300.0,3.0,2.0,Terrace House,Mudah,Kulai
Gelang Patah,438000,1300.0,3.0,2.0,Terrace House,Mudah,Gelang Patah
Johor Bahru,810000,1672.0,4.0,3.0,Terrace House,Mudah,Johor Bahru
Pasir Gudang,450000,1300.0,4.0,3.0,Terrace House,Mudah,Pasir Gudang
Pasir Gudang,425000,1650.0,3.0,2.0,Terrace House,Mudah,Pasir Gudang
Kulai,298000,1000.0,3.0,2.0,Residential,Mudah,Kulai
Gelang Patah,430000,1080.0,3.0,2.0,Terrace House,Mudah,Gelang Patah
Johor Bahru,899000,2200.0,5.0,4.0,Terrace House,Mudah,Johor Bahru
Iskandar Puteri,1700000,2800.0,4.0,4.0,Terrace House,Mudah,Iskandar Puteri
Skudai,538000,3000.0,4.0,3.0,Terrace House,Mudah,Skudai
Johor Bahru,450000,963.0,3.0,2.0,Residential,Mudah,Johor Bahru
Johor Bahru,680000,1400.0,4.0,3.0,Terrace House,Mudah,Johor Bahru
Ulu Tiram,585000,1540.0,4.0,3.0,Terrace House,Mudah,Ulu Tiram
Pasir Gudang,450000,1540.0,4.0,3.0,Terrace House,Mudah,Pasir Gudang
Pasir Gudang,1000000,3149.0,4.0,4.0,Terrace House,Mudah,Pasir Gudang
Gelang Patah,495000,880.0,3.0,2.0,Terrace House,Mudah,Gelang Patah
Kulai,390000,3197.0,4.0,3.0,Semi-D,Mudah,Kulai
Johor Bahru,1850000,2400.0,5.0,4.0,Residential,Mudah,Johor Bahru
Kulai,388000,1300.0,2.0,1.0,Terrace House,Mudah,Kulai
Johor Bahru,579999,1540.0,3.0,2.0,Terrace House,Mudah,Johor Bahru
Skudai,950000,2944.0,4.0,3.0,Semi-D,Mudah,Skudai
Gelang Patah,530000,1170.0,4.0,3.0,Terrace House,Mudah,Gelang Patah
Permas Jaya,540000,1400.0,4.0,3.0,Terrace House,Mudah,Permas Jaya
Ulu Tiram,1280000,3200.0,4.0,3.0,Semi-D,Mudah,Ulu Tiram
Ulu Tiram,628000,1920.0,4.0,2.0,Terrace House,Mudah,Ulu Tiram
Iskandar Puteri,1800000,2800.0,5.0,5.0,Residential,Mudah,Iskandar Puteri
Kluang,380000,1400.0,3.0,2.0,Terrace House,Mudah,Kluang
Kulai,587000,1540.0,4.0,3.0,Terrace House,Mudah,Kulai
Gelang Patah,1200000,2454.0,5.0,5.0,Residential,Mudah,Gelang Patah
Kluang,379000,2884.0,3.0,2.0,Terrace House,Mudah,Kluang
Ulu Tiram,469000,1540.0,3.0,2.0,Terrace House,Mudah,Ulu Tiram
Gelang Patah,379000,883.0,3.0,2.0,Terrace House,Mudah,Gelang Patah
Kluang,380000,1540.0,4.0,3.0,Terrace House,Mudah,Kluang
Permas Jaya,385000,1400.0,3.0,2.0,Terrace House,Mudah,Permas Jaya
Johor Bahru,950000,2800.0,6.0,5.0,Residential,Mudah,Johor Bahru
Gelang Patah,565000,1170.0,3.0,3.0,Terrace House,Mudah,Gelang Patah
Iskandar Puteri,1520000,2044.0,4.0,3.0,Residential,Mudah,Iskandar Puteri
Johor Bahru,768000,1760.0,3.0,2.0,Terrace House,Mudah,Johor Bahru
Kluang,175000,770.0,2.0,1.0,Terrace House,Mudah,Kluang
Kulai,250000,1668.0,3.0,2.0,Terrace House,Mudah,Kulai
Kluang,450000,1766.0,4.0,3.0,Terrace House,Mudah,Kluang
Skudai,529000,1800.0,4.0,3.0,Terrace House,Mudah,Skudai
Pasir Gudang,478000,1650.0,3.0,2.0,Terrace House,Mudah,Pasir Gudang
Pasir Gudang,529000,1400.0,3.0,2.0,Terrace House,Mudah,Pasir Gudang
Gelang Patah,519000,1170.0,4.0,3.0,Terrace House,Mudah,Gelang Patah
Iskandar Puteri,1650000,2629.0,4.0,4.0,Residential,Mudah,Iskandar Puteri
Johor Bahru,2050000,3200.0,6.0,7.0,Semi-D,Mudah,Johor Bahru
Skudai,1280000,5740.0,5.0,4.0,Semi-D,Mudah,Skudai
Iskandar Puteri,1350000,2236.0,5.0,5.0,Terrace House,Mudah,Iskandar Puteri
Gelang Patah,558000,1170.0,4.0,3.0,Terrace House,Mudah,Gelang Patah
Kulai,329000,1540.0,3.0,2.0,Terrace House,Mudah,Kulai
Muar,183708,1410.0,3.0,2.0,Terrace House,Mudah,Muar
Skudai,695000,1400.0,4.0,3.0,Terrace House,Mudah,Skudai
Gelang Patah,485000,1076.0,4.0,2.0,Terrace House,Mudah,Gelang Patah
Skudai,600000,2680.0,3.0,2.0,Terrace House,Mudah,Skudai
Batu Pahat,440000,2971.0,4.0,3.0,Semi-D,Mudah,Batu Pahat
Iskandar Puteri,660000,1760.0,3.0,2.0,Terrace House,Mudah,Iskandar Puteri
Pasir Gudang,530000,1868.0,4.0,3.0,Terrace House,Mudah,Pasir Gudang
Pasir Gudang,600000,1400.0,3.0,2.0,Terrace House,Mudah,Pasir Gudang
Ulu Tiram,699000,1398.0,4.0,4.0,Terrace House,Mudah,Ulu Tiram
Johor Bahru,688000,3745.0,4.0,2.0,Terrace House,Mudah,Johor Bahru
Kulai,338000,1044.0,3.0,1.0,Terrace House,Mudah,Kulai
Kulai,425000,1829.0,3.0,2.0,Terrace House,Mudah,Kulai
Skudai,500000,1300.0,3.0,2.0,Terrace House,Mudah,Skudai
Johor Bahru,950000,3444.0,5.0,4.0,Terrace House,Mudah,Johor Bahru
Skudai,435000,1100.0,3.0,2.0,Terrace House,Mudah,Skudai
Pasir Gudang,500000,2830.0,3.0,4.0,Terrace House,Mudah,Pasir Gudang
Pasir Gudang,1300000,1800.0,5.0,6.0,Terrace House,Mudah,Pasir Gudang
Johor Bahru,530000,1650.0,3.0,2.0,Terrace House,Mudah,Johor Bahru
Batu Pahat,493000,1400.0,4.0,3.0,Terrace House,Mudah,Batu Pahat
Pasir Gudang,570000,2370.0,4.0,3.0,Semi-D,Mudah,Pasir Gudang
Iskandar Puteri,748000,1300.0,4.0,3.0,Terrace House,Mudah,Iskandar Puteri
Skudai,738000,1600.0,5.0,3.0,Terrace House,Mudah,Skudai
Pasir Gudang,550000,1400.0,4.0,3.0,Terrace House,Mudah,Pasir Gudang
Johor Bahru,1080000,3080.0,5.0,4.0,Semi-D,Mudah,Johor Bahru
Pasir Gudang,518000,1640.0,4.0,3.0,Terrace House,Mudah,Pasir Gudang
Skudai,620000,1400.0,4.0,3.0,Terrace House,Mudah,Skudai
Johor Bahru,810000,1650.0,4.0,3.0,Terrace House,Mudah,Johor Bahru
Ulu Tiram,460000,1540.0,3.0,2.0,Terrace House,Mudah,Ulu Tiram
Kluang,480000,3121.0,3.0,2.0,Terrace House,Mudah,Kluang
Kulai,598000,1680.0,4.0,2.0,Terrace House,Mudah,Kulai
Johor Bahru,860000,1650.0,4.0,2.0,Semi-D,Mudah,Johor Bahru
Iskandar Puteri,680000,1600.0,3.0,2.0,Terrace House,Mudah,Iskandar Puteri
Johor Bahru,628000,1920.0,4.0,2.0,Terrace House,Mudah,Johor Bahru
Pasir Gudang,290000,775.0,3.0,2.0,Terrace House,Mudah,Pasir Gudang
Johor Bahru,1278000,1804.0,0.0,0.0,Terrace House,Mudah,Johor Bahru
Johor Bahru,1178000,1650.0,0.0,0.0,Terrace House,Mudah,Johor Bahru
Johor Bahru,808000,1680.0,4.0,4.0,Terrace House,Mudah,Johor Bahru
Iskandar Puteri,795000,1400.0,4.0,3.0,Terrace House,Mudah,Iskandar Puteri
Skudai,558000,1540.0,4.0,3.0,Terrace House,Mudah,Skudai
Kulai,630000,1650.0,4.0,3.0,Terrace House,Mudah,Kulai
Skudai,480000,1173.0,4.0,3.0,Terrace House,Mudah,Skudai
Pasir Gudang,410000,1400.0,3.0,2.0,Terrace House,Mudah,Pasir Gudang
Johor Bahru,585000,2864.0,3.0,2.0,Terrace House,Mudah,Johor Bahru
Johor Bahru,548000,5400.0,4.0,2.0,Bungalow,Mudah,Johor Bahru
Kulai,410000,1540.0,3.0,2.0,Terrace House,Mudah,Kulai
Kluang,420000,1400.0,4.0,3.0,Terrace House,Mudah,Kluang
Iskandar Puteri,1300000,1800.0,5.0,4.0,Terrace House,Mudah,Iskandar Puteri
Johor Bahru,688000,1650.0,4.0,3.0,Terrace House,Mudah,Johor Bahru
Pasir Gudang,450000,2615.0,3.0,2.0,Terrace House,Mudah,Pasir Gudang
Kulai,295000,1000.0,3.0,2.0,Residential,Mudah,Kulai
Iskandar Puteri,660000,1400.0,4.0,3.0,Terrace House,Mudah,Iskandar Puteri
Iskandar Puteri,708000,1400.0,4.0,3.0,Terrace House,Mudah,Iskandar Puteri
Ulu Tiram,328000,1400.0,3.0,2.0,Residential,Mudah,Ulu Tiram
Iskandar Puteri,1980000,2681.0,5.0,5.0,Semi-D,Mudah,Iskandar Puteri
Kulai,900000,3842.0,4.0,3.0,Semi-D,Mudah,Kulai
Johor Bahru,650000,1540.0,4.0,3.0,Terrace House,Mudah,Johor Bahru
Iskandar Puteri,2000000,3120.0,4.0,4.0,Terrace House,Mudah,Iskandar Puteri
Johor Bahru,660000,1300.0,4.0,3.0,Terrace House,Mudah,Johor Bahru
Johor Bahru,728000,1960.0,4.0,2.0,Terrace House,Mudah,Johor Bahru
Iskandar Puteri,738000,2106.0,4.0,3.0,Terrace House,Mudah,Iskandar Puteri
Ulu Tiram,435000,1400.0,3.0,2.0,Terrace House,Mudah,Ulu Tiram
Gelang Patah,750000,1400.0,4.0,3.0,Terrace House,Mudah,Gelang Patah
Gelang Patah,858000,1800.0,4.0,4.0,Terrace House,Mudah,Gelang Patah
Kulai,750000,3875.0,4.0,3.0,Terrace House,Mudah,Kulai
Ulu Tiram,1500000,2880.0,5.0,5.0,Residential,Mudah,Ulu Tiram
Iskandar Puteri,588000,1080.0,3.0,2.0,Terrace House,Mudah,Iskandar Puteri
Skudai,320000,1000.0,2.0,2.0,Terrace House,Mudah,Skudai
Iskandar Puteri,1500000,2080.0,5.0,5.0,Terrace House,Mudah,Iskandar Puteri
Kluang,440000,1540.0,4.0,4.0,Terrace House,Mudah,Kluang
Johor Bahru,680000,1540.0,4.0,4.0,Terrace House,Mudah,Johor Bahru
Johor Bahru,480000,950.0,3.0,2.0,Residential,Mudah,Johor Bahru
Johor Bahru,780000,1540.0,4.0,4.0,Terrace House,Mudah,Johor Bahru
Pasir Gudang,340000,770.0,3.0,2.0,Terrace House,Mudah,Pasir Gudang
Johor Bahru,1280000,3876.0,5.0,5.0,Semi-D,Mudah,Johor Bahru
Johor Bahru,428000,1400.0,3.0,2.0,Terrace House,Mudah,Johor Bahru
Kulai,388000,1300.0,3.0,2.0,Terrace House,Mudah,Kulai
Segamat,330000,1400.0,3.0,2.0,Terrace House,Mudah,Segamat
Pasir Gudang,315000,1300.0,3.0,1.0,Terrace House,Mudah,Pasir Gudang
Johor Bahru,665000,1400.0,4.0,3.0,Terrace House,Mudah,Johor Bahru
Gelang Patah,488000,1080.0,4.0,2.0,Terrace House,Mudah,Gelang Patah
Muar,450000,1540.0,3.0,2.0,Terrace House,Mudah,Muar
Johor Bahru,750000,2027.0,4.0,3.0,Terrace House,Mudah,Johor Bahru
Kulai,318000,990.0,3.0,2.0,Residential,Mudah,Kulai
Johor Bahru,400000,1080.0,4.0,2.0,Terrace House,Mudah,Johor Bahru
Pasir Gudang,468000,1500.0,4.0,3.0,Terrace House,Mudah,Pasir Gudang
Pasir Gudang,1380000,3669.0,5.0,5.0,Semi-D,Mudah,Pasir Gudang
Iskandar Puteri,1130000,1800.0,5.0,4.0,Terrace House,Mudah,Iskandar Puteri
Johor Bahru,790000,1400.0,4.0,3.0,Terrace House,Mudah,Johor Bahru
Kulai,305000,770.0,2.0,1.0,Terrace House,Mudah,Kulai
Johor Bahru,678000,1760.0,3.0,2.0,Terrace House,Mudah,Johor Bahru
Johor Bahru,858000,1300.0,4.0,4.0,Terrace House,Mudah,Johor Bahru
Johor Bahru,928000,1600.0,4.0,4.0,Terrace House,Mudah,Johor Bahru
Kluang,868000,2550.0,4.0,3.0,Residential,Mudah,Kluang
Ulu Tiram,620000,1540.0,4.0,3.0,Terrace House,Mudah,Ulu Tiram
Johor Bahru,2400000,1540.0,1.0,1.0,Bungalow,Mudah,Johor Bahru
Ulu Tiram,1380000,3200.0,5.0,4.0,Semi-D,Mudah,Ulu Tiram
Johor Bahru,760000,1650.0,4.0,3.0,Terrace House,Mudah,Johor Bahru
Johor Bahru,838000,1540.0,4.0,4.0,Terrace House,Mudah,Johor Bahru
Johor Bahru,730000,1368.0,4.0,3.0,Terrace House,Mudah,Johor Bahru
Johor Bahru,2700000,3330.0,6.0,7.0,Bungalow,Mudah,Johor Bahru
Johor Bahru,820000,1540.0,4.0,3.0,Terrace House,Mudah,Johor Bahru
Johor Bahru,690000,1400.0,4.0,3.0,Terrace House,Mudah,Johor Bahru
Johor Bahru,440000,1300.0,3.0,2.0,Terrace House,Mudah,Johor Bahru
Pasir Gudang,530000,1400.0,3.0,3.0,Terrace House,Mudah,Pasir Gudang
Ulu Tiram,680000,1920.0,4.0,3.0,Terrace House,Mudah,Ulu Tiram
Gelang Patah,538000,1170.0,4.0,3.0,Terrace House,Mudah,Gelang Patah
Johor Bahru,1080000,1800.0,4.0,3.0,Terrace House,Mudah,Johor Bahru
Ulu Tiram,398000,770.0,3.0,3.0,Terrace House,Mudah,Ulu Tiram
Ulu Tiram,4500000,1540.0,5.0,4.0,Bungalow,Mudah,Ulu Tiram
Ulu Tiram,688000,1760.0,5.0,4.0,Terrace House,Mudah,Ulu Tiram
Ulu Tiram,1230000,2720.0,6.0,5.0,Residential,Mudah,Ulu Tiram
Johor Bahru,678000,1540.0,4.0,3.0,Terrace House,Mudah,Johor Bahru
Johor Bahru,508000,1400.0,3.0,2.0,Terrace House,Mudah,Johor Bahru
Johor Bahru,718000,1540.0,4.0,3.0,Terrace House,Mudah,Johor Bahru
Pasir Gudang,358000,775.0,4.0,3.0,Terrace House,Mudah,Pasir Gudang
Ulu Tiram,488000,1080.0,4.0,3.0,Terrace House,Mudah,Ulu Tiram
Johor Bahru,578000,1540.0,4.0,3.0,Terrace House,Mudah,Johor Bahru
Johor Bahru,650000,1400.0,4.0,4.0,Terrace House,Mudah,Johor Bahru
Pasir Gudang,468000,1540.0,4.0,3.0,Terrace House,Mudah,Pasir Gudang
Johor Bahru,720000,1540.0,4.0,3.0,Terrace House,Mudah,Johor Bahru
Johor Bahru,2380000,1540.0,7.0,6.0,Bungalow,Mudah,Johor Bahru
Pasir Gudang,425000,2378.0,3.0,2.0,Terrace House,Mudah,Pasir Gudang
Ulu Tiram,988000,3200.0,4.0,3.0,Terrace House,Mudah,Ulu Tiram
Johor Bahru,650000,1400.0,4.0,3.0,Terrace House,Mudah,Johor Bahru
Johor Bahru,838000,1760.0,3.0,2.0,Terrace House,Mudah,Johor Bahru
Iskandar Puteri,1180000,1540.0,4.0,4.0,Terrace House,Mudah,Iskandar Puteri
Skudai,676000,1540.0,4.0,3.0,Terrace House,Mudah,Skudai
Pasir Gudang,290000,1800.0,3.0,2.0,Terrace House,Mudah,Pasir Gudang
Batu Pahat,188000,829.0,2.0,2.0,Terrace House,Mudah,Batu Pahat
Kulai,580000,1540.0,4.0,3.0,Terrace House,Mudah,Kulai
Johor Bahru,348000,1040.0,3.0,2.0,Terrace House,Mudah,Johor Bahru
Johor Bahru,798000,3345.0,4.0,3.0,Semi-D,Mudah,Johor Bahru
Johor Bahru,638000,1170.0,3.0,3.0,Terrace House,Mudah,Johor Bahru
Johor Bahru,1250000,3200.0,4.0,3.0,Semi-D,Mudah,Johor Bahru
Johor Bahru,1020000,1800.0,5.0,4.0,Terrace House,Mudah,Johor Bahru
Pontian,299000,770.0,3.0,1.0,Terrace House,Mudah,Pontian
Pasir Gudang,399000,880.0,3.0,3.0,Terrace House,Mudah,Pasir Gudang
Kulai,460000,1400.0,3.0,2.0,Terrace House,Mudah,Kulai
Johor Bahru,650000,1650.0,4.0,3.0,Terrace House,Mudah,Johor Bahru
Johor Bahru,798000,2380.0,5.0,4.0,Terrace House,Mudah,Johor Bahru
Kluang,450000,1400.0,4.0,3.0,Terrace House,Mudah,Kluang
Skudai,815000,1300.0,4.0,3.0,Terrace House,Mudah,Skudai
Pasir Gudang,538000,1300.0,4.0,3.0,Terrace House,Mudah,Pasir Gudang
Pasir Gudang,658000,1680.0,4.0,3.0,Terrace House,Mudah,Pasir Gudang
Kluang,380000,2940.0,3.0,2.0,Terrace House,Mudah,Kluang
Gelang Patah,638000,1200.0,4.0,3.0,Terrace House,Mudah,Gelang Patah
Johor Bahru,778000,1650.0,4.0,3.0,Terrace House,Mudah,Johor Bahru
Skudai,423000,1300.0,3.0,2.0,Terrace House,Mudah,Skudai
Ulu Tiram,358000,770.0,2.0,2.0,Terrace House,Mudah,Ulu Tiram
Ulu Tiram,999000,2940.0,5.0,4.0,Semi-D,Mudah,Ulu Tiram
Johor Bahru,620000,1170.0,4.0,3.0,Terrace House,Mudah,Johor Bahru
Ulu Tiram,405000,2040.0,4.0,3.0,Terrace House,Mudah,Ulu Tiram
Skudai,480000,1540.0,3.0,2.0,Terrace House,Mudah,Skudai
Johor Bahru,698000,1170.0,4.0,3.0,Terrace House,Mudah,Johor Bahru
Kulai,950000,3040.0,5.0,4.0,Semi-D,Mudah,Kulai
Pasir Gudang,414000,1668.0,4.0,3.0,Terrace House,Mudah,Pasir Gudang
Johor Bahru,890000,1600.0,4.0,3.0,Terrace House,Mudah,Johor Bahru
Skudai,400000,1253.0,3.0,2.0,Terrace House,Mudah,Skudai
Iskandar Puteri,775000,1400.0,4.0,3.0,Terrace House,Mudah,Iskandar Puteri
Kulai,490000,1400.0,3.0,2.0,Terrace House,Mudah,Kulai
Johor Bahru,1950000,3579.0,5.0,5.0,Residential,Mudah,Johor Bahru
Muar,395000,3053.0,4.0,2.0,Semi-D,Mudah,Muar
Johor Bahru,2100000,5095.0,6.0,7.0,Semi-D,Mudah,Johor Bahru
Kulai,460000,1076.0,3.0,3.0,Terrace House,Mudah,Kulai
Johor Bahru,1400000,5231.0,4.0,4.0,Semi-D,Mudah,Johor Bahru
Skudai,1100000,2750.0,4.0,4.0,Residential,Mudah,Skudai
Iskandar Puteri,1450000,4671.0,4.0,4.0,Terrace House,Mudah,Iskandar Puteri
Skudai,628000,1920.0,4.0,2.0,Terrace House,Mudah,Skudai
Ulu Tiram,393000,3200.0,3.0,2.0,Semi-D,Mudah,Ulu Tiram
Batu Pahat,460000,1540.0,4.0,4.0,Terrace House,Mudah,Batu Pahat
Skudai,158000,635.0,3.0,2.0,Residential,Mudah,Skudai
Pasir Gudang,358000,1300.0,2.0,2.0,Terrace House,Mudah,Pasir Gudang
Pasir Gudang,360000,960.0,4.0,3.0,Terrace House,Mudah,Pasir Gudang
Skudai,938000,1920.0,4.0,3.0,Terrace House,Mudah,Skudai
Gelang Patah,740000,2552.0,4.0,3.0,Terrace House,Mudah,Gelang Patah
Johor Bahru,1000000,6000.0,3.0,4.0,Bungalow,Mudah,Johor Bahru
Johor Bahru,398000,1300.0,3.0,2.0,Terrace House,Mudah,Johor Bahru
Muar,638000,1562.0,4.0,3.0,Terrace House,Mudah,Muar
Kluang,585000,3062.0,4.0,3.0,Terrace House,Mudah,Kluang
Batu Pahat,750000,3200.0,4.0,3.0,Semi-D,Mudah,Batu Pahat
Batu Pahat,496400,2934.0,3.0,2.0,Semi-D,Mudah,Batu Pahat
Iskandar Puteri,590000,1170.0,4.0,3.0,Terrace House,Mudah,Iskandar Puteri
Ulu Tiram,768000,1760.0,5.0,3.0,Terrace House,Mudah,Ulu Tiram
Pasir Gudang,300000,839.0,3.0,2.0,Terrace House,Mudah,Pasir Gudang
Pasir Gudang,345000,770.0,3.0,2.0,Terrace House,Mudah,Pasir Gudang
Skudai,526000,1500.0,4.0,3.0,Terrace House,Mudah,Skudai
Muar,390000,2518.0,3.0,2.0,Semi-D,Mudah,Muar
Kulai,468000,1540.0,3.0,2.0,Terrace House,Mudah,Kulai
Iskandar Puteri,1720000,2580.0,4.0,5.0,Residential,Mudah,Iskandar Puteri
Johor Bahru,418000,825.0,3.0,2.0,Terrace House,Mudah,Johor Bahru
Kluang,280000,1600.0,3.0,2.0,Terrace House,Mudah,Kluang
Kluang,160000,956.0,3.0,1.0,Terrace House,Mudah,Kluang
Batu Pahat,465800,3279.0,4.0,2.0,Semi-D,Mudah,Batu Pahat
Batu Pahat,587432,3600.0,4.0,3.0,Semi-D,Mudah,Batu Pahat
Ulu Tiram,378000,770.0,3.0,2.0,Terrace House,Mudah,Ulu Tiram
Skudai,1700000,4050.0,4.0,5.0,Semi-D,Mudah,Skudai
Kulai,430000,1300.0,3.0,2.0,Terrace House,Mudah,Kulai
Johor Bahru,1550000,3222.0,4.0,3.0,Semi-D,Mudah,Johor Bahru
Skudai,380000,1254.0,2.0,2.0,Terrace House,Mudah,Skudai
Skudai,550000,1650.0,3.0,2.0,Terrace House,Mudah,Skudai
Skudai,828000,1870.0,5.0,4.0,Terrace House,Mudah,Skudai
Batu Pahat,390000,3444.0,3.0,2.0,Semi-D,Mudah,Batu Pahat
Johor Bahru,520000,1500.0,4.0,2.0,Terrace House,Mudah,Johor Bahru
Pasir Gudang,299000,775.0,3.0,2.0,Terrace House,Mudah,Pasir Gudang
Pasir Gudang,339000,1400.0,3.0,2.0,Terrace House,Mudah,Pasir Gudang
Kluang,220000,1700.0,4.0,2.0,Terrace House,Mudah,Kluang
Pasir Gudang,400000,960.0,3.0,2.0,Terrace House,Mudah,Pasir Gudang
Johor Bahru,508000,1400.0,3.0,5.0,Terrace House,Mudah,Johor Bahru
Ulu Tiram,340000,700.0,3.0,2.0,Terrace House,Mudah,Ulu Tiram
Gelang Patah,428000,1400.0,3.0,2.0,Terrace House,Mudah,Gelang Patah
Pasir Gudang,350000,1400.0,3.0,2.0,Terrace House,Mudah,Pasir Gudang
Pasir Gudang,295000,770.0,3.0,2.0,Terrace House,Mudah,Pasir Gudang
Skudai,490000,1400.0,4.0,2.0,Terrace House,Mudah,Skudai
Skudai,370000,775.0,2.0,1.0,Terrace House,Mudah,Skudai
Kluang,598000,3047.0,4.0,3.0,Terrace House,Mudah,Kluang
Johor Bahru,630000,1300.0,3.0,2.0,Terrace House,Mudah,Johor Bahru
Johor Bahru,430000,1300.0,3.0,2.0,Terrace House,Mudah,Johor Bahru
Muar,1000000,2950.0,4.0,3.0,Terrace House,Mudah,Muar
Johor Bahru,900000,1600.0,4.0,3.0,Terrace House,Mudah,Johor Bahru
Johor Bahru,630000,1798.0,4.0,3.0,Terrace House,Mudah,Johor Bahru
Ulu Tiram,650000,1800.0,4.0,3.0,Terrace House,Mudah,Ulu Tiram
Muar,230000,1540.0,3.0,2.0,Terrace House,Mudah,Muar
Ulu Tiram,346000,1040.0,3.0,2.0,Terrace House,Mudah,Ulu Tiram
Skudai,878000,2600.0,4.0,3.0,Terrace House,Mudah,Skudai
Iskandar Puteri,2880000,3600.0,4.0,4.0,Residential,Mudah,Iskandar Puteri
Johor Bahru,695000,1575.0,4.0,3.0,Terrace House,Mudah,Johor Bahru
Kluang,215000,1076.0,3.0,1.0,Terrace House,Mudah,Kluang
Kulai,499000,1540.0,4.0,2.0,Terrace House,Mudah,Kulai
Kulai,390000,1540.0,3.0,2.0,Terrace House,Mudah,Kulai
Iskandar Puteri,850000,1400.0,4.0,3.0,Terrace House,Mudah,Iskandar Puteri
Johor Bahru,1980000,4500.0,6.0,5.0,Terrace House,Mudah,Johor Bahru
Skudai,768000,1540.0,4.0,3.0,Terrace House,Mudah,Skudai
Johor Bahru,700000,1300.0,4.0,3.0,Terrace House,Mudah,Johor Bahru
Kluang,518000,1540.0,4.0,3.0,Terrace House,Mudah,Kluang
Skudai,858000,3143.0,4.0,3.0,Terrace House,Mudah,Skudai
Skudai,818000,1800.0,4.0,3.0,Terrace House,Mudah,Skudai
Johor Bahru,688000,1800.0,3.0,2.0,Terrace House,Mudah,Johor Bahru
Kulai,418000,1080.0,3.0,2.0,Terrace House,Mudah,Kulai
Batu Pahat,1150000,2600.0,4.0,3.0,Terrace House,Mudah,Batu Pahat
Kulai,478000,1088.0,4.0,3.0,Terrace House,Mudah,Kulai
Kluang,444690,5834.0,4.0,3.0,Terrace House,Mudah,Kluang
Skudai,598000,1540.0,4.0,3.0,Terrace House,Mudah,Skudai
Pasir Gudang,538000,2200.0,5.0,3.0,Terrace House,Mudah,Pasir Gudang
Kulai,298000,900.0,3.0,2.0,Terrace House,Mudah,Kulai
Skudai,1350000,3080.0,5.0,4.0,Terrace House,Mudah,Skudai
Iskandar Puteri,1450000,2240.0,4.0,3.0,Residential,Mudah,Iskandar Puteri
Iskandar Puteri,888000,2940.0,4.0,3.0,Terrace House,Mudah,Iskandar Puteri
Kulai,360000,770.0,3.0,2.0,Terrace House,Mudah,Kulai
Johor Bahru,530000,1400.0,3.0,3.0,Terrace House,Mudah,Johor Bahru
Pasir Gudang,388000,1540.0,3.0,2.0,Terrace House,Mudah,Pasir Gudang
Kluang,425000,7615.0,3.0,2.0,Bungalow,Mudah,Kluang
Kulai,548000,1170.0,4.0,3.0,Terrace House,Mudah,Kulai
Pasir Gudang,388000,770.0,3.0,2.0,Terrace House,Mudah,Pasir Gudang
Muar,438000,1300.0,3.0,2.0,Terrace House,Mudah,Muar
Johor Bahru,388000,750.0,3.0,2.0,Terrace House,Mudah,Johor Bahru
Skudai,465000,1080.0,3.0,2.0,Terrace House,Mudah,Skudai
Gelang Patah,295000,574.0,1.0,1.0,Residential,Mudah,Gelang Patah
Pasir Gudang,448000,1080.0,3.0,4.0,Terrace House,Mudah,Pasir Gudang
Pasir Gudang,675000,1359.0,5.0,2.0,Terrace House,Mudah,Pasir Gudang
Pasir Gudang,465000,1170.0,4.0,3.0,Terrace House,Mudah,Pasir Gudang
Johor Bahru,890000,5263.0,4.0,3.0,Terrace House,Mudah,Johor Bahru
Johor Bahru,3250000,6690.0,6.0,7.0,Bungalow,Mudah,Johor Bahru
Johor Bahru,980000,1920.0,4.0,4.0,Terrace House,Mudah,Johor Bahru
Pasir Gudang,560000,1170.0,4.0,3.0,Terrace House,Mudah,Pasir Gudang
Pasir Gudang,500000,1500.0,4.0,3.0,Terrace House,Mudah,Pasir Gudang
Johor Bahru,695000,1170.0,4.0,3.0,Terrace House,Mudah,Johor Bahru
Johor Bahru,650000,1800.0,4.0,3.0,Terrace House,Mudah,Johor Bahru
Johor Bahru,698000,1173.0,4.0,3.0,Terrace House,Mudah,Johor Bahru
Johor Bahru,758000,1400.0,4.0,3.0,Terrace House,Mudah,Johor Bahru
Johor Bahru,355000,876.0,2.0,1.0,Terrace House,Mudah,Johor Bahru
Pasir Gudang,478000,2292.0,3.0,2.0,Terrace House,Mudah,Pasir Gudang
Pasir Gudang,159000,689.0,3.0,2.0,Residential,Mudah,Pasir Gudang
Pasir Gudang,459000,1194.0,4.0,3.0,Terrace House,Mudah,Pasir Gudang
Johor Bahru,1900000,2975.0,4.0,3.0,Semi-D,Mudah,Johor Bahru
Johor Bahru,670000,1945.0,3.0,2.0,Terrace House,Mudah,Johor Bahru
Johor Bahru,880000,1920.0,4.0,3.0,Terrace House,Mudah,Johor Bahru
Skudai,320000,1253.0,3.0,2.0,Terrace House,Mudah,Skudai
Johor Bahru,668000,1170.0,4.0,3.0,Terrace House,Mudah,Johor Bahru
Kulai,380000,1540.0,4.0,2.0,Terrace House,Mudah,Kulai
Kulai,560000,1540.0,4.0,3.0,Terrace House,Mudah,Kulai
Ulu Tiram,598000,1080.0,4.0,3.0,Terrace House,Mudah,Ulu Tiram
Ulu Tiram,395000,1540.0,3.0,2.0,Terrace House,Mudah,Ulu Tiram
Kulai,650000,4114.0,3.0,2.0,Terrace House,Mudah,Kulai
Pasir Gudang,575000,1300.0,4.0,3.0,Terrace House,Mudah,Pasir Gudang
Pasir Gudang,863000,3197.0,4.0,4.0,Semi-D,Mudah,Pasir Gudang
Kluang,618000,1800.0,4.0,3.0,Terrace House,Mudah,Kluang
Kulai,335000,1300.0,3.0,2.0,Terrace House,Mudah,Kulai
Pasir Gudang,388000,1000.0,3.0,2.0,Terrace House,Mudah,Pasir Gudang
Johor Bahru,950000,2077.0,4.0,3.0,Terrace House,Mudah,Johor Bahru
Kluang,336000,1646.0,4.0,3.0,Terrace House,Mudah,Kluang
Skudai,838000,1300.0,4.0,4.0,Terrace House,Mudah,Skudai
Pasir Gudang,499000,1650.0,3.0,2.0,Terrace House,Mudah,Pasir Gudang
Batu Pahat,430000,2600.0,3.0,3.0,Terrace House,Mudah,Batu Pahat
Skudai,535000,1540.0,3.0,2.0,Terrace House,Mudah,Skudai
Batu Pahat,350000,1540.0,5.0,2.0,Terrace House,Mudah,Batu Pahat
Pasir Gudang,385000,1400.0,3.0,2.0,Terrace House,Mudah,Pasir Gudang
Iskandar Puteri,668000,1400.0,4.0,3.0,Terrace House,Mudah,Iskandar Puteri
Johor Bahru,330000,1100.0,3.0,1.0,Terrace House,Mudah,Johor Bahru
Pasir Gudang,393000,1301.0,3.0,2.0,Terrace House,Mudah,Pasir Gudang
Kulai,418000,1400.0,3.0,2.0,Terrace House,Mudah,Kulai
Pasir Gudang,355000,770.0,3.0,2.0,Terrace House,Mudah,Pasir Gudang
Pasir Gudang,450000,1175.0,4.0,3.0,Terrace House,Mudah,Pasir Gudang
Gelang Patah,565000,1676.0,4.0,2.0,Terrace House,Mudah,Gelang Patah
Kluang,460000,2600.0,4.0,2.0,Terrace House,Mudah,Kluang
Kulai,170000,1300.0,3.0,2.0,Terrace House,Mudah,Kulai
Kulai,530000,1400.0,4.0,3.0,Terrace House,Mudah,Kulai
Johor Bahru,788000,1400.0,4.0,3.0,Terrace House,Mudah,Johor Bahru
Iskandar Puteri,1380000,1540.0,4.0,3.0,Terrace House,Mudah,Iskandar Puteri
Johor Bahru,1200000,3000.0,4.0,3.0,Terrace House,Mudah,Johor Bahru
Iskandar Puteri,838000,1800.0,4.0,4.0,Terrace House,Mudah,Iskandar Puteri
Batu Pahat,340000,1540.0,3.0,2.0,Terrace House,Mudah,Batu Pahat
Skudai,567000,1400.0,4.0,3.0,Terrace House,Mudah,Skudai
Pasir Gudang,520000,1400.0,4.0,3.0,Terrace House,Mudah,Pasir Gudang
Kluang,627000,2895.0,5.0,4.0,Terrace House,Mudah,Kluang
Johor Bahru,510000,1540.0,3.0,2.0,Terrace House,Mudah,Johor Bahru
Johor Bahru,1500000,3080.0,6.0,5.0,Residential,Mudah,Johor Bahru
Johor Bahru,850000,2200.0,4.0,3.0,Terrace House,Mudah,Johor Bahru
Johor Bahru,1800000,4185.0,4.0,3.0,Semi-D,Mudah,Johor Bahru
Johor Bahru,850000,1430.0,6.0,3.0,Terrace House,Mudah,Johor Bahru
Johor Bahru,628000,1760.0,4.0,3.0,Terrace House,Mudah,Johor Bahru
Kulai,400000,1800.0,3.0,2.0,Terrace House,Mudah,Kulai
Pasir Gudang,445000,1400.0,4.0,3.0,Terrace House,Mudah,Pasir Gudang
Ulu Tiram,438000,1540.0,3.0,2.0,Terrace House,Mudah,Ulu Tiram
Johor Bahru,798000,1300.0,4.0,3.0,Terrace House,Mudah,Johor Bahru
Kluang,575000,4337.0,4.0,3.0,Terrace House,Mudah,Kluang
Johor Bahru,565000,1540.0,3.0,2.0,Terrace House,Mudah,Johor Bahru
Gelang Patah,508000,1170.0,4.0,3.0,Terrace House,Mudah,Gelang Patah
Skudai,650000,1540.0,4.0,3.0,Terrace House,Mudah,Skudai
Johor Bahru,540000,1540.0,3.0,3.0,Terrace House,Mudah,Johor Bahru
Ulu Tiram,395000,1540.0,4.0,2.0,Terrace House,Mudah,Ulu Tiram
Johor Bahru,658000,1540.0,4.0,3.0,Terrace House,Mudah,Johor Bahru
Johor Bahru,650000,1300.0,2.0,2.0,Terrace House,Mudah,Johor Bahru
Johor Bahru,638000,1170.0,4.0,3.0,Terrace House,Mudah,Johor Bahru
Johor Bahru,1200000,2400.0,4.0,3.0,Terrace House,Mudah,Johor Bahru
Skudai,630000,1400.0,4.0,3.0,Terrace House,Mudah,Skudai
Skudai,535000,1170.0,4.0,3.0,Terrace House,Mudah,Skudai
Muar,750000,1800.0,4.0,3.0,Semi-D,Mudah,Muar
Skudai,459000,1400.0,3.0,3.0,Terrace House,Mudah,Skudai
Kulai,448000,1180.0,4.0,3.0,Terrace House,Mudah,Kulai
Gelang Patah,720000,2100.0,4.0,4.0,Terrace House,Mudah,Gelang Patah
Skudai,428000,770.0,3.0,2.0,Terrace House,Mudah,Skudai
Iskandar Puteri,740000,2552.0,4.0,3.0,Terrace House,Mudah,Iskandar Puteri
Skudai,770000,1430.0,4.0,4.0,Terrace House,Mudah,Skudai
Kulai,468000,1800.0,4.0,2.0,Terrace House,Mudah,Kulai
Iskandar Puteri,718000,1800.0,4.0,3.0,Terrace House,Mudah,Iskandar Puteri
Ulu Tiram,558000,1650.0,3.0,3.0,Terrace House,Mudah,Ulu Tiram
Skudai,330000,775.0,2.0,2.0,Terrace House,Mudah,Skudai
Pasir Gudang,699000,3200.0,4.0,3.0,Terrace House,Mudah,Pasir Gudang
Kulai,330000,1012.0,3.0,2.0,Residential,Mudah,Kulai
Iskandar Puteri,1550000,2975.0,5.0,4.0,Semi-D,Mudah,Iskandar Puteri
Johor Bahru,520000,1170.0,4.0,3.0,Terrace House,Mudah,Johor Bahru
Kulai,298000,1560.0,3.0,2.0,Terrace House,Mudah,Kulai
Johor Bahru,799000,1300.0,4.0,3.0,Terrace House,Mudah,Johor Bahru
Iskandar Puteri,788000,1400.0,4.0,3.0,Terrace House,Mudah,Iskandar Puteri
Skudai,350000,1000.0,2.0,2.0,Terrace House,Mudah,Skudai
Ulu Tiram,372000,732.0,3.0,2.0,Terrace House,Mudah,Ulu Tiram
Pasir Gudang,382000,1301.0,3.0,2.0,Terrace House,Mudah,Pasir Gudang
Skudai,680000,1540.0,4.0,3.0,Terrace House,Mudah,Skudai
Kluang,475000,1400.0,4.0,3.0,Terrace House,Mudah,Kluang
Skudai,580000,1170.0,4.0,3.0,Terrace House,Mudah,Skudai
Johor Bahru,1080000,3500.0,6.0,5.0,Terrace House,Mudah,Johor Bahru
Skudai,620000,1300.0,4.0,3.0,Terrace House,Mudah,Skudai
Johor Bahru,790000,1540.0,5.0,3.0,Terrace House,Mudah,Johor Bahru
Skudai,1850000,3758.0,6.0,4.0,Terrace House,Mudah,Skudai
Johor Bahru,1250000,2240.0,5.0,4.0,Residential,Mudah,Johor Bahru
Gelang Patah,788000,2450.0,4.0,4.0,Residential,Mudah,Gelang Patah
Kluang,398000,4504.0,3.0,2.0,Semi-D,Mudah,Kluang
Johor Bahru,648000,1540.0,4.0,4.0,Terrace House,Mudah,Johor Bahru
Ulu Tiram,660000,1400.0,4.0,3.0,Terrace House,Mudah,Ulu Tiram
Skudai,649000,1300.0,4.0,3.0,Terrace House,Mudah,Skudai
Kulai,510000,2457.0,3.0,2.0,Terrace House,Mudah,Kulai
Johor Bahru,718000,1920.0,3.0,3.0,Terrace House,Mudah,Johor Bahru
Johor Bahru,799000,1540.0,4.0,3.0,Terrace House,Mudah,Johor Bahru
Skudai,740000,2535.0,4.0,3.0,Terrace House,Mudah,Skudai
Skudai,548000,1400.0,4.0,3.0,Terrace House,Mudah,Skudai
Pasir Gudang,450000,1173.0,4.0,3.0,Terrace House,Mudah,Pasir Gudang
Johor Bahru,930000,1540.0,4.0,4.0,Terrace House,Mudah,Johor Bahru
Johor Bahru,480000,1170.0,4.0,3.0,Terrace House,Mudah,Johor Bahru
Skudai,588000,1540.0,4.0,3.0,Terrace House,Mudah,Skudai
Johor Bahru,1080000,7803.0,8.0,3.0,Bungalow,Mudah,Johor Bahru
Skudai,380000,1600.0,3.0,2.0,Terrace House,Mudah,Skudai
Skudai,500000,1440.0,3.0,2.0,Terrace House,Mudah,Skudai
Johor Bahru,1300000,2532.0,4.0,3.0,Semi-D,Mudah,Johor Bahru
Johor Bahru,575000,1540.0,3.0,2.0,Terrace House,Mudah,Johor Bahru
Johor Bahru,688000,1540.0,4.0,3.0,Terrace House,Mudah,Johor Bahru
Skudai,658000,1560.0,4.0,4.0,Terrace House,Mudah,Skudai
Johor Bahru,768000,1650.0,4.0,3.0,Terrace House,Mudah,Johor Bahru
Skudai,680000,4197.0,6.0,4.0,Terrace House,Mudah,Skudai
Johor Bahru,698000,1920.0,4.0,2.0,Terrace House,Mudah,Johor Bahru
Pasir Gudang,680000,2940.0,4.0,3.0,Terrace House,Mudah,Pasir Gudang
Johor Bahru,968000,2100.0,5.0,4.0,Terrace House,Mudah,Johor Bahru
Johor Bahru,760000,1700.0,4.0,3.0,Terrace House,Mudah,Johor Bahru
Kluang,383000,1650.0,4.0,3.0,Terrace House,Mudah,Kluang
Skudai,468000,1750.0,3.0,2.0,Terrace House,Mudah,Skudai
Johor Bahru,1100000,3057.0,4.0,4.0,Terrace House,Mudah,Johor Bahru
Johor Bahru,780000,1400.0,4.0,4.0,Terrace House,Mudah,Johor Bahru
Skudai,330000,1040.0,2.0,1.0,Terrace House,Mudah,Skudai
Ulu Tiram,470000,1450.0,3.0,2.0,Terrace House,Mudah,Ulu Tiram
Skudai,475000,1540.0,3.0,2.0,Terrace House,Mudah,Skudai
Johor Bahru,598000,1302.0,4.0,3.0,Terrace House,Mudah,Johor Bahru
Kulai,490000,1400.0,2.0,3.0,Terrace House,Mudah,Kulai
Ulu Tiram,358000,1040.0,3.0,2.0,Terrace House,Mudah,Ulu Tiram
Ulu Tiram,515000,1540.0,4.0,3.0,Terrace House,Mudah,Ulu Tiram
Pasir Gudang,315000,775.0,3.0,2.0,Terrace House,Mudah,Pasir Gudang
Gelang Patah,610000,1170.0,4.0,3.0,Terrace House,Mudah,Gelang Patah
Pasir Gudang,490000,2217.0,3.0,2.0,Terrace House,Mudah,Pasir Gudang
Pasir Gudang,375000,960.0,3.0,2.0,Terrace House,Mudah,Pasir Gudang
Skudai,510000,1430.0,3.0,3.0,Terrace House,Mudah,Skudai
Johor Bahru,535000,1540.0,3.0,2.0,Terrace House,Mudah,Johor Bahru
Skudai,315000,1001.0,3.0,2.0,Terrace House,Mudah,Skudai
Johor Bahru,500000,1400.0,3.0,2.0,Terrace House,Mudah,Johor Bahru
Kulai,565000,1080.0,4.0,3.0,Terrace House,Mudah,Kulai
Pasir Gudang,443000,1560.0,3.0,5.0,Terrace House,Mudah,Pasir Gudang
Pasir Gudang,488000,2088.0,3.0,2.0,Terrace House,Mudah,Pasir Gudang
Ulu Tiram,615000,3099.0,3.0,2.0,Terrace House,Mudah,Ulu Tiram
Johor Bahru,599000,1830.0,5.0,2.0,Terrace House,Mudah,Johor Bahru
Johor Bahru,760000,3379.0,4.0,3.0,Residential,Mudah,Johor Bahru
Johor Bahru,500000,1400.0,4.0,3.0,Terrace House,Mudah,Johor Bahru
Gelang Patah,638000,1170.0,4.0,3.0,Terrace House,Mudah,Gelang Patah
Pasir Gudang,3200000,1540.0,8.0,5.0,Bungalow,Mudah,Pasir Gudang
Johor Bahru,1600000,3251.0,5.0,4.0,Terrace House,Mudah,Johor Bahru
Kulai,228000,700.0,3.0,2.0,Terrace House,Mudah,Kulai
Johor Bahru,339000,732.0,3.0,1.0,Terrace House,Mudah,Johor Bahru
Iskandar Puteri,1600000,3760.0,5.0,4.0,Terrace House,Mudah,Iskandar Puteri
Segamat,828000,3200.0,4.0,3.0,Semi-D,Mudah,Segamat
Pasir Gudang,379000,1400.0,3.0,2.0,Terrace House,Mudah,Pasir Gudang
Ulu Tiram,468000,1400.0,3.0,2.0,Terrace House,Mudah,Ulu Tiram
Kulai,560000,1400.0,4.0,3.0,Terrace House,Mudah,Kulai
Kulai,838000,2210.0,4.0,4.0,Residential,Mudah,Kulai
Johor Bahru,950000,7422.0,4.0,3.0,Bungalow,Mudah,Johor Bahru
Kulai,290000,770.0,2.0,2.0,Terrace House,Mudah,Kulai
Johor Bahru,750000,1540.0,4.0,4.0,Terrace House,Mudah,Johor Bahru
Kulai,1300000,3605.0,4.0,4.0,Terrace House,Mudah,Kulai
Johor Bahru,530000,1400.0,4.0,3.0,Terrace House,Mudah,Johor Bahru
Kulai,428000,1400.0,4.0,2.0,Terrace House,Mudah,Kulai
Ulu Tiram,298000,770.0,3.0,2.0,Terrace House,Mudah,Ulu Tiram
Ulu Tiram,298000,775.0,3.0,2.0,Terrace House,Mudah,Ulu Tiram
Pontian,950000,4000.0,4.0,3.0,Bungalow,Mudah,Pontian
Skudai,1008000,2680.0,5.0,5.0,Terrace House,Mudah,Skudai
Pontian,498000,1540.0,3.0,2.0,Terrace House,Mudah,Pontian
Johor Bahru,660000,1200.0,4.0,3.0,Terrace House,Mudah,Johor Bahru
Segamat,299000,1460.0,3.0,2.0,Terrace House,Mudah,Segamat
Kulai,298000,1040.0,2.0,1.0,Terrace House,Mudah,Kulai
Johor Bahru,259000,680.0,1.0,1.0,Residential,Mudah,Johor Bahru
Gelang Patah,1800000,2450.0,4.0,5.0,Residential,Mudah,Gelang Patah
Johor Bahru,668000,1540.0,4.0,3.0,Terrace House,Mudah,Johor Bahru
Iskandar Puteri,1600000,3760.0,4.0,4.0,Terrace House,Mudah,Iskandar Puteri
Iskandar Puteri,695000,2240.0,4.0,3.0,Residential,Mudah,Iskandar Puteri
Skudai,620000,1540.0,3.0,2.0,Terrace House,Mudah,Skudai
Kulai,430000,1080.0,4.0,3.0,Terrace House,Mudah,Kulai
Johor Bahru,3300000,5826.0,7.0,6.0,Bungalow,Mudah,Johor Bahru
Gelang Patah,695000,2240.0,4.0,3.0,Residential,Mudah,Gelang Patah
Pasir Gudang,458000,960.0,4.0,3.0,Terrace House,Mudah,Pasir Gudang
Skudai,540000,1162.0,3.0,3.0,Terrace House,Mudah,Skudai
Kulai,480000,1498.0,4.0,3.0,Terrace House,Mudah,Kulai
Kulai,380000,1080.0,3.0,2.0,Terrace House,Mudah,Kulai
Kulai,365000,775.0,3.0,2.0,Terrace House,Mudah,Kulai
Pasir Gudang,520000,1300.0,3.0,2.0,Terrace House,Mudah,Pasir Gudang
Iskandar Puteri,868000,1540.0,4.0,3.0,Terrace House,Mudah,Iskandar Puteri
Kluang,360000,1540.0,4.0,3.0,Terrace House,Mudah,Kluang
Pasir Gudang,345000,1100.0,4.0,2.0,Terrace House,Mudah,Pasir Gudang
Skudai,820000,1800.0,4.0,3.0,Terrace House,Mudah,Skudai
Batu Pahat,339000,1470.0,4.0,3.0,Terrace House,Mudah,Batu Pahat
Kulai,600000,1400.0,4.0,3.0,Terrace House,Mudah,Kulai
Skudai,660000,1300.0,4.0,3.0,Terrace House,Mudah,Skudai
Johor Bahru,439000,1970.0,2.0,1.0,Terrace House,Mudah,Johor Bahru
Batu Pahat,475000,1540.0,4.0,3.0,Terrace House,Mudah,Batu Pahat
Kulai,750000,1950.0,5.0,5.0,Terrace House,Mudah,Kulai
Skudai,800000,1540.0,4.0,4.0,Terrace House,Mudah,Skudai
Skudai,388000,699.0,2.0,1.0,Terrace House,Mudah,Skudai
Johor Bahru,173000,601.0,2.0,1.0,Residential,Mudah,Johor Bahru
Pasir Gudang,420000,1585.0,4.0,3.0,Terrace House,Mudah,Pasir Gudang
Skudai,280000,818.0,4.0,2.0,Residential,Mudah,Skudai
Pasir Gudang,485000,960.0,4.0,3.0,Terrace House,Mudah,Pasir Gudang
Skudai,498000,1300.0,4.0,1.0,Terrace House,Mudah,Skudai
Skudai,600000,1540.0,4.0,3.0,Terrace House,Mudah,Skudai
Kluang,399000,1200.0,3.0,2.0,Terrace House,Mudah,Kluang
Johor Bahru,880000,4100.0,3.0,2.0,Terrace House,Mudah,Johor Bahru
Kulai,520000,2000.0,3.0,2.0,Terrace House,Mudah,Kulai
Johor Bahru,880000,1560.0,4.0,4.0,Terrace House,Mudah,Johor Bahru
Johor Bahru,630000,1540.0,5.0,3.0,Terrace House,Mudah,Johor Bahru
Johor Bahru,580000,1540.0,3.0,2.0,Terrace House,Mudah,Johor Bahru
Skudai,595000,1400.0,3.0,2.0,Terrace House,Mudah,Skudai
Iskandar Puteri,1300000,4047.0,4.0,3.0,Terrace House,Mudah,Iskandar Puteri
Johor Bahru,545000,1400.0,4.0,3.0,Terrace House,Mudah,Johor Bahru
Johor Bahru,600000,1224.0,3.0,3.0,Residential,Mudah,Johor Bahru
Ulu Tiram,665000,1800.0,4.0,4.0,Terrace House,Mudah,Ulu Tiram
Skudai,390000,840.0,3.0,1.0,Terrace House,Mudah,Skudai
Skudai,750000,2638.0,4.0,4.0,Terrace House,Mudah,Skudai
Pasir Gudang,275000,770.0,2.0,1.0,Terrace House,Mudah,Pasir Gudang
Iskandar Puteri,838000,1540.0,4.0,4.0,Terrace House,Mudah,Iskandar Puteri
Johor Bahru,660000,1400.0,4.0,3.0,Terrace House,Mudah,Johor Bahru
Iskandar Puteri,1280000,1540.0,4.0,5.0,Terrace House,Mudah,Iskandar Puteri
Skudai,390000,1044.0,2.0,2.0,Terrace House,Mudah,Skudai
Iskandar Puteri,838000,1800.0,5.0,3.0,Terrace House,Mudah,Iskandar Puteri
Johor Bahru,388000,1540.0,3.0,2.0,Terrace House,Mudah,Johor Bahru
Johor Bahru,850000,1305.0,3.0,4.0,Terrace House,Mudah,Johor Bahru
Kulai,388000,1300.0,3.0,1.0,Terrace House,Mudah,Kulai
Johor Bahru,1300000,3165.0,4.0,4.0,Terrace House,Mudah,Johor Bahru
Skudai,520000,3250.0,3.0,3.0,Terrace House,Mudah,Skudai
Johor Bahru,1480000,3931.0,7.0,6.0,Terrace House,Mudah,Johor Bahru
Johor Bahru,1500000,3080.0,5.0,5.0,Residential,Mudah,Johor Bahru
Johor Bahru,515000,1540.0,3.0,2.0,Terrace House,Mudah,Johor Bahru
Johor Bahru,595000,2070.0,3.0,2.0,Terrace House,Mudah,Johor Bahru
Johor Bahru,898000,1980.0,4.0,3.0,Terrace House,Mudah,Johor Bahru
Ulu Tiram,685000,1400.0,4.0,4.0,Terrace House,Mudah,Ulu Tiram
Kulai,1000000,9500.0,5.0,3.0,Semi-D,Mudah,Kulai
Johor Bahru,489000,1400.0,4.0,3.0,Terrace House,Mudah,Johor Bahru
Johor Bahru,540000,1540.0,3.0,2.0,Terrace House,Mudah,Johor Bahru
Pasir Gudang,730000,1170.0,4.0,3.0,Terrace House,Mudah,Pasir Gudang
Ulu Tiram,418000,1496.0,3.0,2.0,Terrace House,Mudah,Ulu Tiram
Johor Bahru,670000,1540.0,4.0,3.0,Terrace House,Mudah,Johor Bahru
Johor Bahru,470000,1400.0,4.0,3.0,Residential,Mudah,Johor Bahru
Kulai,550000,1400.0,3.0,2.0,Terrace House,Mudah,Kulai
Johor Bahru,1190000,2240.0,4.0,4.0,Residential,Mudah,Johor Bahru
Kulai,630000,3900.0,4.0,3.0,Bungalow,Mudah,Kulai
Pasir Gudang,430000,1400.0,3.0,2.0,Terrace House,Mudah,Pasir Gudang
Johor Bahru,650000,1400.0,3.0,2.0,Terrace House,Mudah,Johor Bahru
Skudai,1380000,3200.0,5.0,3.0,Semi-D,Mudah,Skudai
Johor Bahru,565000,1650.0,3.0,3.0,Terrace House,Mudah,Johor Bahru
Segamat,250000,1400.0,3.0,2.0,Terrace House,Mudah,Segamat
Skudai,1500000,3500.0,5.0,4.0,Terrace House,Mudah,Skudai
Johor Bahru,900000,1920.0,4.0,3.0,Terrace House,Mudah,Johor Bahru
Skudai,750000,1560.0,4.0,3.0,Terrace House,Mudah,Skudai
Batu Pahat,338000,1540.0,3.0,2.0,Terrace House,Mudah,Batu Pahat
Johor Bahru,2300000,8019.0,6.0,6.0,Bungalow,Mudah,Johor Bahru
Johor Bahru,1850000,3600.0,3.0,3.0,Residential,Mudah,Johor Bahru
Iskandar Puteri,630000,1300.0,3.0,2.0,Terrace House,Mudah,Iskandar Puteri
Skudai,578000,1540.0,3.0,2.0,Terrace House,Mudah,Skudai
Skudai,1090000,2827.0,7.0,5.0,Residential,Mudah,Skudai
Kulai,750000,1950.0,5.0,4.0,Terrace House,Mudah,Kulai
Pasir Gudang,458000,2174.0,3.0,2.0,Terrace House,Mudah,Pasir Gudang
Kluang,266000,1980.0,3.0,2.0,Residential,Mudah,Kluang
Johor Bahru,649000,1170.0,3.0,3.0,Terrace House,Mudah,Johor Bahru
Ulu Tiram,650000,1500.0,4.0,3.0,Terrace House,Mudah,Ulu Tiram
Kulai,600000,2145.0,4.0,3.0,Terrace House,Mudah,Kulai
Johor Bahru,738000,1200.0,4.0,3.0,Terrace House,Mudah,Johor Bahru
Kulai,1350000,2720.0,5.0,4.0,Residential,Mudah,Kulai
Kluang,588000,1980.0,4.0,3.0,Terrace House,Mudah,Kluang
Johor Bahru,1350000,4800.0,4.0,3.0,Semi-D,Mudah,Johor Bahru
Iskandar Puteri,2000000,2557.0,4.0,4.0,Terrace House,Mudah,Iskandar Puteri
Kluang,165000,1040.0,2.0,1.0,Terrace House,Mudah,Kluang
Ulu Tiram,355000,775.0,3.0,2.0,Terrace House,Mudah,Ulu Tiram
Pasir Gudang,540000,1825.0,4.0,3.0,Terrace House,Mudah,Pasir Gudang
Kulai,330000,1155.0,3.0,2.0,Residential,Mudah,Kulai
Johor Bahru,650000,2310.0,4.0,3.0,Terrace House,Mudah,Johor Bahru
Johor Bahru,950000,3560.0,4.0,4.0,Semi-D,Mudah,Johor Bahru
Johor Bahru,768000,4950.0,5.0,5.0,Terrace House,Mudah,Johor Bahru
Pasir Gudang,560000,1950.0,4.0,3.0,Terrace House,Mudah,Pasir Gudang
Johor Bahru,900000,2600.0,4.0,3.0,Terrace House,Mudah,Johor Bahru
Kluang,210000,1076.0,2.0,1.0,Terrace House,Mudah,Kluang
Pasir Gudang,440000,960.0,4.0,3.0,Terrace House,Mudah,Pasir Gudang
Pasir Gudang,425000,1400.0,3.0,2.0,Terrace House,Mudah,Pasir Gudang
Iskandar Puteri,1600000,3089.0,4.0,4.0,Terrace House,Mudah,Iskandar Puteri
Kulai,455000,1080.0,4.0,3.0,Terrace House,Mudah,Kulai
Kulai,438000,1540.0,3.0,2.0,Terrace House,Mudah,Kulai
Johor Bahru,185000,770.0,2.0,1.0,Residential,Mudah,Johor Bahru
Gelang Patah,798000,2380.0,5.0,4.0,Residential,Mudah,Gelang Patah
Johor Bahru,1200000,3412.0,5.0,3.0,Semi-D,Mudah,Johor Bahru
Ulu Tiram,348300,1540.0,3.0,2.0,Terrace House,Mudah,Ulu Tiram
Skudai,740000,2552.0,4.0,3.0,Terrace House,Mudah,Skudai
Johor Bahru,768000,2198.0,3.0,2.0,Terrace House,Mudah,Johor Bahru
Johor Bahru,1880000,3200.0,4.0,6.0,Semi-D,Mudah,Johor Bahru
Kulai,538000,3057.0,4.0,2.0,Terrace House,Mudah,Kulai
Kulai,421200,1076.0,4.0,3.0,Terrace House,Mudah,Kulai
Skudai,460000,753.0,3.0,2.0,Terrace House,Mudah,Skudai
Kulai,348000,730.0,3.0,2.0,Terrace House,Mudah,Kulai
Johor Bahru,880000,3640.0,4.0,3.0,Terrace House,Mudah,Johor Bahru
Batu Pahat,380000,1500.0,3.0,2.0,Terrace House,Mudah,Batu Pahat
Kulai,448000,1400.0,4.0,3.0,Terrace House,Mudah,Kulai
Kulai,420000,1100.0,3.0,4.0,Terrace House,Mudah,Kulai
Kluang,388000,1300.0,3.0,2.0,Terrace House,Mudah,Kluang
Gelang Patah,870000,3010.0,4.0,3.0,Terrace House,Mudah,Gelang Patah
Ulu Tiram,698000,3780.0,6.0,3.0,Terrace House,Mudah,Ulu Tiram
Iskandar Puteri,665000,1400.0,4.0,3.0,Terrace House,Mudah,Iskandar Puteri
Skudai,468000,1750.0,3.0,1.0,Terrace House,Mudah,Skudai
Johor Bahru,655000,1170.0,3.0,3.0,Terrace House,Mudah,Johor Bahru
Kulai,488000,1800.0,4.0,3.0,Terrace House,Mudah,Kulai
Kulai,455000,1170.0,4.0,3.0,Terrace House,Mudah,Kulai
Johor Bahru,760000,1540.0,4.0,4.0,Terrace House,Mudah,Johor Bahru
Johor Bahru,658000,1170.0,3.0,3.0,Terrace House,Mudah,Johor Bahru
Kulai,457000,1560.0,4.0,3.0,Terrace House,Mudah,Kulai
Pasir Gudang,410000,775.0,3.0,2.0,Terrace House,Mudah,Pasir Gudang
Johor Bahru,718000,1650.0,4.0,3.0,Terrace House,Mudah,Johor Bahru
Kulai,360000,1080.0,3.0,2.0,Terrace House,Mudah,Kulai
Kulai,1180000,3710.0,4.0,3.0,Terrace House,Mudah,Kulai
Kulai,338000,2605.0,2.0,1.0,Terrace House,Mudah,Kulai
Johor Bahru,780000,2938.0,4.0,3.0,Terrace House,Mudah,Johor Bahru
Iskandar Puteri,978000,2800.0,4.0,4.0,Terrace House,Mudah,Iskandar Puteri
Gelang Patah,520000,1170.0,4.0,3.0,Terrace House,Mudah,Gelang Patah
Batu Pahat,360000,3429.0,4.0,3.0,Semi-D,Mudah,Batu Pahat
Johor Bahru,598000,1400.0,3.0,2.0,Terrace House,Mudah,Johor Bahru
Skudai,545000,3250.0,3.0,2.0,Terrace House,Mudah,Skudai
Skudai,610000,2600.0,3.0,2.0,Terrace House,Mudah,Skudai
Skudai,790000,3850.0,6.0,3.0,Terrace House,Mudah,Skudai
Skudai,588000,2940.0,3.0,2.0,Terrace House,Mudah,Skudai
Skudai,1080000,1584.0,4.0,4.0,Terrace House,Mudah,Skudai
Kluang,250000,1540.0,4.0,3.0,Terrace House,Mudah,Kluang
Ulu Tiram,378000,770.0,2.0,1.0,Terrace House,Mudah,Ulu Tiram
Kluang,300000,1907.0,4.0,3.0,Terrace House,Mudah,Kluang
Ulu Tiram,560000,1541.0,4.0,3.0,Terrace House,Mudah,Ulu Tiram
Gelang Patah,698000,2240.0,4.0,3.0,Residential,Mudah,Gelang Patah
Kulai,460000,1540.0,3.0,2.0,Terrace House,Mudah,Kulai
Johor Bahru,550000,1350.0,4.0,3.0,Terrace House,Mudah,Johor Bahru
Johor Bahru,529000,1672.0,3.0,2.0,Terrace House,Mudah,Johor Bahru
Johor Bahru,430000,1540.0,3.0,2.0,Terrace House,Mudah,Johor Bahru
Johor Bahru,485000,1400.0,3.0,2.0,Terrace House,Mudah,Johor Bahru
Gelang Patah,498000,2240.0,3.0,2.0,Semi-D,Mudah,Gelang Patah
Skudai,389000,700.0,3.0,2.0,Terrace House,Mudah,Skudai
Skudai,778000,3410.0,3.0,2.0,Terrace House,Mudah,Skudai
Pasir Gudang,378000,775.0,3.0,2.0,Terrace House,Mudah,Pasir Gudang
Kulai,438000,1400.0,3.0,2.0,Terrace House,Mudah,Kulai
Skudai,428000,1067.0,3.0,2.0,Terrace House,Mudah,Skudai
Kulai,588000,1900.0,4.0,2.0,Terrace House,Mudah,Kulai
Johor Bahru,738000,1540.0,4.0,3.0,Terrace House,Mudah,Johor Bahru
Kulai,528000,1540.0,3.0,2.0,Terrace House,Mudah,Kulai
Iskandar Puteri,4500000,5000.0,5.0,6.0,Bungalow,Mudah,Iskandar Puteri
Batu Pahat,318000,1540.0,3.0,1.0,Terrace House,Mudah,Batu Pahat
Permas Jaya,580000,1540.0,4.0,3.0,Terrace House,Mudah,Permas Jaya
Johor Bahru,795000,1600.0,5.0,4.0,Terrace House,Mudah,Johor Bahru
Kulai,285000,2088.0,3.0,2.0,Terrace House,Mudah,Kulai
Pasir Gudang,480000,1400.0,4.0,3.0,Terrace House,Mudah,Pasir Gudang
Johor Bahru,700000,1540.0,4.0,3.0,Terrace House,Mudah,Johor Bahru
Johor Bahru,418000,770.0,3.0,1.0,Terrace House,Mudah,Johor Bahru
Kluang,320000,1540.0,3.0,2.0,Terrace House,Mudah,Kluang
Kluang,145000,770.0,2.0,2.0,Terrace House,Mudah,Kluang
Kluang,388000,2350.0,3.0,2.0,Terrace House,Mudah,Kluang
Kluang,280000,1200.0,3.0,2.0,Terrace House,Mudah,Kluang
Iskandar Puteri,630000,1560.0,3.0,2.0,Terrace House,Mudah,Iskandar Puteri
Iskandar Puteri,589000,1540.0,3.0,2.0,Terrace House,Mudah,Iskandar Puteri
Kulai,450000,1540.0,4.0,3.0,Terrace House,Mudah,Kulai
Johor Bahru,688000,1800.0,4.0,3.0,Terrace House,Mudah,Johor Bahru
Skudai,1001516,2240.0,4.0,4.0,Residential,Mudah,Skudai
Pasir Gudang,299000,1350.0,3.0,1.0,Terrace House,Mudah,Pasir Gudang
Kluang,350000,1400.0,3.0,2.0,Terrace House,Mudah,Kluang
Kluang,268000,990.0,2.0,2.0,Terrace House,Mudah,Kluang
Kulai,288000,770.0,4.0,2.0,Terrace House,Mudah,Kulai
Johor Bahru,393000,770.0,3.0,1.0,Terrace House,Mudah,Johor Bahru
Iskandar Puteri,1850000,2400.0,5.0,4.0,Residential,Mudah,Iskandar Puteri
Johor Bahru,588000,1400.0,3.0,2.0,Terrace House,Mudah,Johor Bahru
Ulu Tiram,365000,840.0,3.0,2.0,Terrace House,Mudah,Ulu Tiram
Kulai,368000,775.0,3.0,2.0,Terrace House,Mudah,Kulai
Ulu Tiram,550000,1980.0,4.0,3.0,Terrace House,Mudah,Ulu Tiram
Kluang,188000,775.0,3.0,2.0,Terrace House,Mudah,Kluang
Johor Bahru,750000,1540.0,5.0,4.0,Terrace House,Mudah,Johor Bahru
Iskandar Puteri,598000,1941.0,4.0,3.0,Terrace House,Mudah,Iskandar Puteri
Skudai,795000,1600.0,5.0,4.0,Terrace House,Mudah,Skudai
Kulai,368000,775.0,3.0,2.0,Residential,Mudah,Kulai
Johor Bahru,680000,1540.0,4.0,3.0,Terrace House,Mudah,Johor Bahru
Skudai,638000,2318.0,4.0,3.0,Residential,Mudah,Skudai
Johor Bahru,750000,1400.0,4.0,3.0,Terrace House,Mudah,Johor Bahru
Kulai,468000,1800.0,3.0,2.0,Terrace House,Mudah,Kulai
Johor Bahru,800000,2230.0,6.0,3.0,Terrace House,Mudah,Johor Bahru
Skudai,650000,2100.0,5.0,3.0,Residential,Mudah,Skudai
Kulai,675000,4176.0,3.0,2.0,Terrace House,Mudah,Kulai
Skudai,513000,2571.0,3.0,2.0,Terrace House,Mudah,Skudai
Johor Bahru,680000,1170.0,3.0,3.0,Terrace House,Mudah,Johor Bahru
Ulu Tiram,650000,2640.0,4.0,3.0,Terrace House,Mudah,Ulu Tiram
Ulu Tiram,405000,1302.0,4.0,3.0,Terrace House,Mudah,Ulu Tiram
Kulai,423000,1060.0,3.0,2.0,Terrace House,Mudah,Kulai
Kluang,216000,1399.0,3.0,2.0,Terrace House,Mudah,Kluang
Johor Bahru,790000,1650.0,5.0,4.0,Terrace House,Mudah,Johor Bahru
Kulai,380000,1540.0,2.0,2.0,Terrace House,Mudah,Kulai
Skudai,428000,1400.0,3.0,2.0,Terrace House,Mudah,Skudai
Pasir Gudang,360000,1280.0,3.0,3.0,Terrace House,Mudah,Pasir Gudang
Johor Bahru,668000,1170.0,3.0,3.0,Terrace House,Mudah,Johor Bahru
Kulai,430000,2022.0,4.0,2.0,Terrace House,Mudah,Kulai
Johor Bahru,428000,770.0,4.0,3.0,Terrace House,Mudah,Johor Bahru
Johor Bahru,388000,770.0,2.0,2.0,Terrace House,Mudah,Johor Bahru
Pontian,393000,770.0,3.0,1.0,Terrace House,Mudah,Pontian
Ulu Tiram,288000,770.0,3.0,2.0,Terrace House,Mudah,Ulu Tiram
Johor Bahru,378000,728.0,3.0,1.0,Terrace House,Mudah,Johor Bahru
Iskandar Puteri,838000,1931.0,4.0,3.0,Terrace House,Mudah,Iskandar Puteri
Segamat,260000,1680.0,3.0,2.0,Terrace House,Mudah,Segamat
Skudai,279000,770.0,3.0,2.0,Terrace House,Mudah,Skudai
Johor Bahru,1380000,3360.0,5.0,6.0,Semi-D,Mudah,Johor Bahru
Pasir Gudang,570000,2450.0,3.0,2.0,Semi-D,Mudah,Pasir Gudang
Skudai,778000,3409.0,3.0,2.0,Terrace House,Mudah,Skudai
Skudai,475000,1760.0,3.0,2.0,Terrace House,Mudah,Skudai
Iskandar Puteri,719000,1430.0,3.0,2.0,Terrace House,Mudah,Iskandar Puteri
Kulai,238000,1324.0,3.0,2.0,Terrace House,Mudah,Kulai
Pasir Gudang,550000,1300.0,4.0,3.0,Terrace House,Mudah,Pasir Gudang
Kulai,275000,1040.0,3.0,1.0,Terrace House,Mudah,Kulai
Skudai,500000,1400.0,3.0,2.0,Terrace House,Mudah,Skudai
Johor Bahru,618000,1540.0,3.0,2.0,Terrace House,Mudah,Johor Bahru
Johor Bahru,490000,1500.0,3.0,1.0,Terrace House,Mudah,Johor Bahru
Kluang,130000,1540.0,3.0,1.0,Terrace House,Mudah,Kluang
Kluang,270000,1400.0,3.0,2.0,Terrace House,Mudah,Kluang
Johor Bahru,1080000,3200.0,4.0,3.0,Semi-D,Mudah,Johor Bahru
Muar,335000,1400.0,3.0,2.0,Terrace House,Mudah,Muar
Pasir Gudang,350000,780.0,3.0,2.0,Terrace House,Mudah,Pasir Gudang
Johor Bahru,300000,1302.0,3.0,2.0,Terrace House,Mudah,Johor Bahru
Johor Bahru,468000,1540.0,4.0,2.0,Terrace House,Mudah,Johor Bahru
Segamat,250000,1600.0,3.0,1.0,Terrace House,Mudah,Segamat
Pasir Gudang,488000,1765.0,4.0,3.0,Terrace House,Mudah,Pasir Gudang
Skudai,430000,1200.0,3.0,2.0,Terrace House,Mudah,Skudai
Kluang,210000,1098.0,3.0,2.0,Terrace House,Mudah,Kluang
Johor Bahru,348000,770.0,3.0,2.0,Terrace House,Mudah,Johor Bahru
Skudai,368000,1098.0,2.0,1.0,Terrace House,Mudah,Skudai
Ulu Tiram,368000,731.0,2.0,1.0,Terrace House,Mudah,Ulu Tiram
Ulu Tiram,388000,775.0,3.0,1.0,Terrace House,Mudah,Ulu Tiram
Kulai,358000,770.0,3.0,1.0,Terrace House,Mudah,Kulai
Pasir Gudang,335000,1000.0,3.0,1.0,Terrace House,Mudah,Pasir Gudang
Pasir Gudang,498000,1540.0,3.0,2.0,Terrace House,Mudah,Pasir Gudang
Kulai,488000,1540.0,3.0,2.0,Terrace House,Mudah,Kulai
Johor Bahru,520000,1400.0,3.0,2.0,Terrace House,Mudah,Johor Bahru
Kluang,228000,880.0,3.0,2.0,Terrace House,Mudah,Kluang
Kulai,358000,1713.0,5.0,3.0,Terrace House,Mudah,Kulai
Johor Bahru,488000,1170.0,4.0,3.0,Terrace House,Mudah,Johor Bahru
Johor Bahru,288000,1040.0,2.0,1.0,Terrace House,Mudah,Johor Bahru
Skudai,1040000,3250.0,4.0,3.0,Terrace House,Mudah,Skudai
Johor Bahru,850000,4021.0,6.0,3.0,Semi-D,Mudah,Johor Bahru
Muar,260000,1540.0,3.0,2.0,Terrace House,Mudah,Muar
Johor Bahru,771970,1730.0,4.0,3.0,Terrace House,Mudah,Johor Bahru
Permas Jaya,398000,800.0,2.0,1.0,Terrace House,Mudah,Permas Jaya
Johor Bahru,628000,1240.0,3.0,3.0,Residential,Mudah,Johor Bahru
Kulai,260000,779.0,2.0,1.0,Terrace House,Mudah,Kulai
Johor Bahru,418000,842.0,3.0,2.0,Terrace House,Mudah,Johor Bahru
Skudai,550000,1540.0,4.0,3.0,Terrace House,Mudah,Skudai
Johor Bahru,780000,4004.0,4.0,3.0,Semi-D,Mudah,Johor Bahru
Pasir Gudang,438000,1200.0,5.0,3.0,Terrace House,Mudah,Pasir Gudang
Ulu Tiram,378000,728.0,3.0,2.0,Terrace House,Mudah,Ulu Tiram
Johor Bahru,568000,1540.0,4.0,2.0,Terrace House,Mudah,Johor Bahru
Ulu Tiram,415000,730.0,4.0,2.0,Terrace House,Mudah,Ulu Tiram
Kulai,1130000,1680.0,4.0,3.0,Terrace House,Mudah,Kulai
Skudai,330000,1040.0,2.0,2.0,Terrace House,Mudah,Skudai
Kluang,380700,1539.0,4.0,3.0,Terrace House,Mudah,Kluang
Skudai,1100000,3229.0,4.0,4.0,Semi-D,Mudah,Skudai
Pasir Gudang,880000,2450.0,4.0,3.0,Semi-D,Mudah,Pasir Gudang
Kulai,750000,2800.0,5.0,3.0,Semi-D,Mudah,Kulai
Pasir Gudang,380000,770.0,3.0,2.0,Terrace House,Mudah,Pasir Gudang
Pasir Gudang,338000,770.0,3.0,2.0,Terrace House,Mudah,Pasir Gudang
Johor Bahru,780000,1760.0,4.0,3.0,Terrace House,Mudah,Johor Bahru
Johor Bahru,3000000,1540.0,10.0,8.0,Bungalow,Mudah,Johor Bahru
Gelang Patah,630000,1300.0,4.0,3.0,Terrace House,Mudah,Gelang Patah
Johor Bahru,1000000,1760.0,4.0,3.0,Terrace House,Mudah,Johor Bahru
Johor Bahru,748000,1400.0,4.0,3.0,Terrace House,Mudah,Johor Bahru
Kluang,335000,1650.0,3.0,2.0,Terrace House,Mudah,Kluang
Johor Bahru,1118000,2904.0,5.0,4.0,Semi-D,Mudah,Johor Bahru
Ulu Tiram,728000,1540.0,4.0,4.0,Terrace House,Mudah,Ulu Tiram
Permas Jaya,438000,770.0,3.0,2.0,Terrace House,Mudah,Permas Jaya
Skudai,428000,1050.0,3.0,2.0,Terrace House,Mudah,Skudai
Pasir Gudang,320000,770.0,3.0,2.0,Terrace House,Mudah,Pasir Gudang
Pasir Gudang,398000,775.0,3.0,2.0,Terrace House,Mudah,Pasir Gudang
Johor Bahru,548000,1400.0,3.0,2.0,Terrace House,Mudah,Johor Bahru
Skudai,1280000,5740.0,4.0,5.0,Terrace House,Mudah,Skudai
Ulu Tiram,750000,1690.0,4.0,3.0,Terrace House,Mudah,Ulu Tiram
Skudai,398000,1040.0,2.0,2.0,Terrace House,Mudah,Skudai
Ulu Tiram,368000,1080.0,3.0,2.0,Terrace House,Mudah,Ulu Tiram
Muar,599000,1650.0,4.0,3.0,Terrace House,Mudah,Muar
Ulu Tiram,380000,770.0,3.0,2.0,Terrace House,Mudah,Ulu Tiram
Pasir Gudang,320000,710.0,2.0,2.0,Terrace House,Mudah,Pasir Gudang
Kulai,335000,770.0,3.0,2.0,Terrace House,Mudah,Kulai
Kulai,468000,1453.0,4.0,2.0,Terrace House,Mudah,Kulai
Iskandar Puteri,855000,1873.0,4.0,3.0,Terrace House,Mudah,Iskandar Puteri
Kluang,255000,1400.0,3.0,2.0,Terrace House,Mudah,Kluang
Kluang,195000,883.0,3.0,2.0,Terrace House,Mudah,Kluang
Pasir Gudang,324000,818.0,3.0,2.0,Terrace House,Mudah,Pasir Gudang
Kulai,345000,775.0,3.0,2.0,Terrace House,Mudah,Kulai
Johor Bahru,638000,2665.0,4.0,3.0,Semi-D,Mudah,Johor Bahru
Permas Jaya,688000,3745.0,4.0,2.0,Terrace House,Mudah,Permas Jaya
Kulai,228000,770.0,3.0,2.0,Terrace House,Mudah,Kulai
Kluang,230000,1760.0,3.0,2.0,Terrace House,Mudah,Kluang
Iskandar Puteri,950000,3500.0,5.0,3.0,Terrace House,Mudah,Iskandar Puteri
Iskandar Puteri,1800000,2608.0,4.0,5.0,Residential,Mudah,Iskandar Puteri
Johor Bahru,1150000,1920.0,4.0,5.0,Terrace House,Mudah,Johor Bahru
Pasir Gudang,568000,1350.0,4.0,3.0,Terrace House,Mudah,Pasir Gudang
Pasir Gudang,1250000,3800.0,5.0,5.0,Semi-D,Mudah,Pasir Gudang
Kulai,330000,770.0,3.0,2.0,Terrace House,Mudah,Kulai
Johor Bahru,300000,1194.0,3.0,2.0,Terrace House,Mudah,Johor Bahru
Skudai,538000,1760.0,3.0,1.0,Terrace House,Mudah,Skudai
Johor Bahru,1400000,6003.0,4.0,3.0,Bungalow,Mudah,Johor Bahru
Johor Bahru,548000,1540.0,3.0,2.0,Terrace House,Mudah,Johor Bahru
Iskandar Puteri,980000,2776.0,5.0,4.0,Terrace House,Mudah,Iskandar Puteri
Kluang,360000,1400.0,3.0,2.0,Terrace House,Mudah,Kluang
Johor Bahru,618000,1600.0,3.0,2.0,Terrace House,Mudah,Johor Bahru
Kluang,1000000,1650.0,1.0,3.0,Terrace House,Mudah,Kluang
Johor Bahru,828000,3337.0,5.0,4.0,Terrace House,Mudah,Johor Bahru
Johor Bahru,2380000,3200.0,5.0,6.0,Semi-D,Mudah,Johor Bahru
Ulu Tiram,577000,1160.0,4.0,3.0,Terrace House,Mudah,Ulu Tiram
Johor Bahru,700000,1920.0,4.0,2.0,Terrace House,Mudah,Johor Bahru
Johor Bahru,750000,1540.0,4.0,3.0,Terrace House,Mudah,Johor Bahru
Skudai,1100000,2750.0,4.0,4.0,Bungalow,Mudah,Skudai
Johor Bahru,325000,770.0,2.0,1.0,Terrace House,Mudah,Johor Bahru
Skudai,650000,1750.0,4.0,3.0,Terrace House,Mudah,Skudai
Skudai,825000,1750.0,5.0,4.0,Terrace House,Mudah,Skudai
Kulai,529000,2240.0,3.0,2.0,Terrace House,Mudah,Kulai
Kulai,445000,1650.0,3.0,2.0,Terrace House,Mudah,Kulai
Ulu Tiram,630000,1540.0,3.0,2.0,Terrace House,Mudah,Ulu Tiram
Iskandar Puteri,778000,3410.0,3.0,2.0,Terrace House,Mudah,Iskandar Puteri
Kulai,325000,960.0,3.0,3.0,Terrace House,Mudah,Kulai
Pasir Gudang,250000,1300.0,3.0,2.0,Terrace House,Mudah,Pasir Gudang
Skudai,620000,2975.0,3.0,2.0,Semi-D,Mudah,Skudai
Kluang,228000,770.0,3.0,2.0,Terrace House,Mudah,Kluang
Johor Bahru,950000,2189.0,4.0,4.0,Terrace House,Mudah,Johor Bahru
Kulai,315000,960.0,3.0,3.0,Terrace House,Mudah,Kulai
Pasir Gudang,480000,2217.0,3.0,2.0,Terrace House,Mudah,Pasir Gudang
Gelang Patah,588000,1780.0,4.0,3.0,Terrace House,Mudah,Gelang Patah
Ulu Tiram,577000,1870.0,4.0,3.0,Terrace House,Mudah,Ulu Tiram
Pasir Gudang,380000,1900.0,4.0,3.0,Terrace House,Mudah,Pasir Gudang
Pasir Gudang,415000,1900.0,4.0,3.0,Terrace House,Mudah,Pasir Gudang
Skudai,370000,1040.0,2.0,2.0,Terrace House,Mudah,Skudai
Skudai,1040000,2450.0,6.0,5.0,Residential,Mudah,Skudai
Permas Jaya,460000,1080.0,3.0,2.0,Terrace House,Mudah,Permas Jaya
Pasir Gudang,419000,1962.0,4.0,3.0,Terrace House,Mudah,Pasir Gudang
Pasir Gudang,700000,2900.0,4.0,4.0,Semi-D,Mudah,Pasir Gudang
Johor Bahru,400000,990.0,3.0,2.0,Terrace House,Mudah,Johor Bahru
Kulai,475000,1800.0,4.0,3.0,Terrace House,Mudah,Kulai
Iskandar Puteri,1150000,2720.0,5.0,5.0,Terrace House,Mudah,Iskandar Puteri
Pasir Gudang,349000,770.0,3.0,2.0,Terrace House,Mudah,Pasir Gudang
Johor Bahru,405000,1985.0,2.0,1.0,Terrace House,Mudah,Johor Bahru
Johor Bahru,560000,1650.0,4.0,3.0,Terrace House,Mudah,Johor Bahru
Pasir Gudang,699000,1760.0,4.0,3.0,Terrace House,Mudah,Pasir Gudang
Pasir Gudang,365000,840.0,3.0,2.0,Terrace House,Mudah,Pasir Gudang
Johor Bahru,1174500,3939.0,4.0,4.0,Residential,Mudah,Johor Bahru
Iskandar Puteri,888000,2940.0,4.0,2.0,Terrace House,Mudah,Iskandar Puteri
Johor Bahru,850000,3400.0,4.0,3.0,Semi-D,Mudah,Johor Bahru
Kluang,444960,5834.0,4.0,3.0,Terrace House,Mudah,Kluang
Gelang Patah,589000,1540.0,3.0,2.0,Terrace House,Mudah,Gelang Patah
Kulai,488000,1080.0,4.0,3.0,Terrace House,Mudah,Kulai
Segamat,320000,2385.0,4.0,3.0,Semi-D,Mudah,Segamat
Skudai,850000,4021.0,6.0,3.0,Semi-D,Mudah,Skudai
Skudai,1420000,4122.0,5.0,6.0,Terrace House,Mudah,Skudai
Skudai,1299000,3200.0,5.0,3.0,Semi-D,Mudah,Skudai
Skudai,565000,1400.0,4.0,3.0,Terrace House,Mudah,Skudai
Kulai,588000,3122.0,5.0,3.0,Terrace House,Mudah,Kulai
Pasir Gudang,700000,3750.0,5.0,3.0,Terrace House,Mudah,Pasir Gudang
Iskandar Puteri,998000,1650.0,4.0,4.0,Terrace House,Mudah,Iskandar Puteri
Gelang Patah,750000,1170.0,4.0,3.0,Terrace House,Mudah,Gelang Patah
Skudai,368000,1040.0,2.0,1.0,Terrace House,Mudah,Skudai
Pasir Gudang,758000,3067.0,4.0,3.0,Terrace House,Mudah,Pasir Gudang
Johor Bahru,353000,870.0,2.0,2.0,Terrace House,Mudah,Johor Bahru
Skudai,750000,1400.0,4.0,3.0,Terrace House,Mudah,Skudai
Kluang,185000,770.0,3.0,2.0,Terrace House,Mudah,Kluang
Johor Bahru,3200000,6930.0,4.0,5.0,Semi-D,Mudah,Johor Bahru
Johor Bahru,635000,1300.0,4.0,3.0,Terrace House,Mudah,Johor Bahru
Muar,209000,700.0,3.0,2.0,Terrace House,Mudah,Muar
Kluang,529000,3500.0,4.0,2.0,Semi-D,Mudah,Kluang
Skudai,699000,1560.0,4.0,4.0,Terrace House,Mudah,Skudai
Iskandar Puteri,550000,1659.0,4.0,3.0,Terrace House,Mudah,Iskandar Puteri
Johor Bahru,638000,1540.0,4.0,3.0,Terrace House,PropertyGuru,Johor Bahru
Johor Bahru,545000,1540.0,4.0,3.0,Terrace House,PropertyGuru,Johor Bahru
Johor Bahru,535000,1540.0,4.0,3.0,Terrace House,PropertyGuru,Johor Bahru
Ulu Tiram,888000,1540.0,4.0,3.0,Terrace House,PropertyGuru,Ulu Tiram
Johor Bahru,850000,1540.0,4.0,3.0,Terrace House,PropertyGuru,Johor Bahru
Johor Bahru,599000,1540.0,4.0,3.0,Terrace House,PropertyGuru,Johor Bahru
Johor Bahru,1250000,1540.0,4.0,3.0,Semi-D,PropertyGuru,Johor Bahru
Johor Bahru,630000,1540.0,4.0,3.0,Terrace House,PropertyGuru,Johor Bahru
Johor Bahru,3500000,1540.0,4.0,3.0,Bungalow,PropertyGuru,Johor Bahru
Johor Bahru,1180000,1540.0,4.0,3.0,Semi-D,PropertyGuru,Johor Bahru
Johor Bahru,530000,1540.0,4.0,3.0,Terrace House,PropertyGuru,Johor Bahru
Johor Bahru,520000,1540.0,4.0,3.0,Terrace House,PropertyGuru,Johor Bahru
Johor Bahru,519900,1540.0,4.0,3.0,Terrace House,PropertyGuru,Johor Bahru
Johor Bahru,505000,1540.0,4.0,3.0,Terrace House,PropertyGuru,Johor Bahru
Johor Bahru,708000,1540.0,4.0,3.0,Terrace House,PropertyGuru,Johor Bahru
Johor Bahru,368000,1540.0,4.0,3.0,Terrace House,PropertyGuru,Johor Bahru
Johor Bahru,498000,1540.0,4.0,3.0,Terrace House,PropertyGuru,Johor Bahru
Johor Bahru,608000,1540.0,4.0,3.0,Terrace House,PropertyGuru,Johor Bahru
Johor Bahru,568000,1540.0,4.0,3.0,Terrace House,PropertyGuru,Johor Bahru
Johor Bahru,635000,1540.0,4.0,3.0,Terrace House,PropertyGuru,Johor Bahru
Johor Bahru,388000,1540.0,4.0,3.0,Terrace House,PropertyGuru,Johor Bahru
Johor Bahru,628000,1540.0,4.0,3.0,Terrace House,PropertyGuru,Johor Bahru
Johor Bahru,1280000,1540.0,4.0,3.0,Semi-D,PropertyGuru,Johor Bahru
Johor Bahru,558000,1540.0,4.0,3.0,Terrace House,PropertyGuru,Johor Bahru
Johor Bahru,1400000,1540.0,4.0,3.0,Semi-D,PropertyGuru,Johor Bahru
Johor Bahru,490000,1540.0,4.0,3.0,Terrace House,PropertyGuru,Johor Bahru
Johor Bahru,510000,1540.0,4.0,3.0,Terrace House,PropertyGuru,Johor Bahru
Johor Bahru,598000,1540.0,4.0,3.0,Terrace House,PropertyGuru,Johor Bahru
Johor Bahru,430000,1540.0,4.0,3.0,Terrace House,PropertyGuru,Johor Bahru
Johor Bahru,1100000,1540.0,4.0,3.0,Semi-D,PropertyGuru,Johor Bahru
Johor Bahru,850000,1540.0,4.0,3.0,Bungalow,PropertyGuru,Johor Bahru
Johor Bahru,575000,1540.0,4.0,3.0,Terrace House,PropertyGuru,Johor Bahru
Johor Bahru,1500000,1540.0,4.0,3.0,Terrace House,PropertyGuru,Johor Bahru
Johor Bahru,488000,1540.0,4.0,3.0,Terrace House,PropertyGuru,Johor Bahru
Johor Bahru,360000,1540.0,4.0,3.0,Terrace House,PropertyGuru,Johor Bahru
Johor Bahru,540000,1540.0,4.0,3.0,Terrace House,PropertyGuru,Johor Bahru
Johor Bahru,800000,1540.0,4.0,3.0,Terrace House,PropertyGuru,Johor Bahru
Johor Bahru,538000,1540.0,4.0,3.0,Terrace House,PropertyGuru,Johor Bahru
Johor Bahru,518000,1540.0,4.0,3.0,Terrace House,PropertyGuru,Johor Bahru
Johor Bahru,1260000,1540.0,4.0,3.0,Semi-D,PropertyGuru,Johor Bahru
Johor Bahru,428000,1540.0,4.0,3.0,Terrace House,PropertyGuru,Johor Bahru
Johor Bahru,380000,1540.0,4.0,3.0,Terrace House,PropertyGuru,Johor Bahru
Johor Bahru,950000,1540.0,4.0,3.0,Bungalow,PropertyGuru,Johor Bahru
Johor Bahru,600000,1540.0,4.0,3.0,Terrace House,PropertyGuru,Johor Bahru
Johor Bahru,2300000,1540.0,4.0,3.0,Bungalow,PropertyGuru,Johor Bahru
Johor Bahru,508000,1540.0,4.0,3.0,Terrace House,PropertyGuru,Johor Bahru
Johor Bahru,438000,1540.0,4.0,3.0,Terrace House,PropertyGuru,Johor Bahru
Johor Bahru,1980000,1540.0,4.0,3.0,Terrace House,PropertyGuru,Johor Bahru
Johor Bahru,1050000,1540.0,4.0,3.0,Semi-D,PropertyGuru,Johor Bahru
Johor Bahru,569000,1540.0,4.0,3.0,Terrace House,PropertyGuru,Johor Bahru
Johor Bahru,898000,1540.0,4.0,3.0,Terrace House,PropertyGuru,Johor Bahru
Johor Bahru,4200000,1540.0,4.0,3.0,Bungalow,PropertyGuru,Johor Bahru
Johor Bahru,588000,1540.0,4.0,3.0,Terrace House,PropertyGuru,Johor Bahru
Johor Bahru,580000,1540.0,4.0,3.0,Residential,PropertyGuru,Johor Bahru
Johor Bahru,1150000,1540.0,4.0,3.0,Terrace House,PropertyGuru,Johor Bahru
Johor Bahru,938000,1540.0,4.0,3.0,Terrace House,PropertyGuru,Johor Bahru
Johor Bahru,528000,1540.0,4.0,3.0,Terrace House,PropertyGuru,Johor Bahru
Johor Bahru,900000,1540.0,4.0,3.0,Semi-D,PropertyGuru,Johor Bahru
Johor Bahru,1600000,1540.0,4.0,3.0,Residential,PropertyGuru,Johor Bahru
Johor Bahru,850000,1540.0,4.0,3.0,Semi-D,PropertyGuru,Johor Bahru
Johor Bahru,990000,1540.0,4.0,3.0,Terrace House,PropertyGuru,Johor Bahru
Johor Bahru,1680000,1540.0,4.0,3.0,Residential,PropertyGuru,Johor Bahru
Johor Bahru,1080000,1540.0,4.0,3.0,Terrace House,PropertyGuru,Johor Bahru
Pasir Gudang,980000,1540.0,4.0,3.0,Bungalow,PropertyGuru,Pasir Gudang
Johor Bahru,418900,1540.0,4.0,3.0,Terrace House,PropertyGuru,Johor Bahru
Johor Bahru,4300000,1540.0,4.0,3.0,Bungalow,PropertyGuru,Johor Bahru
Johor Bahru,2080000,1540.0,4.0,3.0,Semi-D,PropertyGuru,Johor Bahru
Skudai,520000,1540.0,4.0,3.0,Terrace House,PropertyGuru,Skudai
Johor Bahru,588000,1540.0,4.0,3.0,Condominium,PropertyGuru,Johor Bahru
Johor Bahru,2500000,1540.0,4.0,3.0,Semi-D,PropertyGuru,Johor Bahru
Johor Bahru,800000,1540.0,4.0,3.0,Semi-D,PropertyGuru,Johor Bahru
Johor Bahru,300000,1540.0,4.0,3.0,Terrace House,PropertyGuru,Johor Bahru
Johor Bahru,805000,1540.0,4.0,3.0,Terrace House,PropertyGuru,Johor Bahru
Johor Bahru,1450000,1540.0,4.0,3.0,Residential,PropertyGuru,Johor Bahru
Johor Bahru,1000000,1540.0,4.0,3.0,Semi-D,PropertyGuru,Johor Bahru
Johor Bahru,650000,1540.0,4.0,3.0,Semi-D,PropertyGuru,Johor Bahru
Johor Bahru,1500000,1540.0,4.0,3.0,Residential,PropertyGuru,Johor Bahru
Johor Bahru,768000,1540.0,4.0,3.0,Terrace House,PropertyGuru,Johor Bahru
Johor Bahru,1490000,1540.0,4.0,3.0,Bungalow,PropertyGuru,Johor Bahru
Johor Bahru,990000,1540.0,4.0,3.0,Bungalow,PropertyGuru,Johor Bahru
Johor Bahru,1390000,1540.0,4.0,3.0,Semi-D,PropertyGuru,Johor Bahru
Johor Bahru,1650000,1540.0,4.0,3.0,Semi-D,PropertyGuru,Johor Bahru
Johor Bahru,4500000,1540.0,4.0,3.0,Bungalow,PropertyGuru,Johor Bahru
Johor Bahru,2000000,1540.0,4.0,3.0,Semi-D,PropertyGuru,Johor Bahru
Johor Bahru,3800000,1540.0,4.0,3.0,Bungalow,PropertyGuru,Johor Bahru
Johor Bahru,758000,1540.0,4.0,3.0,Terrace House,PropertyGuru,Johor Bahru
Muar,450000,1540.0,4.0,3.0,Semi-D,PropertyGuru,Muar
Johor Bahru,280000,1540.0,4.0,3.0,Terrace House,PropertyGuru,Johor Bahru
Johor Bahru,400000,1540.0,4.0,3.0,Terrace House,PropertyGuru,Johor Bahru
Johor Bahru,1600000,1540.0,4.0,3.0,Terrace House,PropertyGuru,Johor Bahru
Johor Bahru,382200,1540.0,4.0,3.0,Serviced Residence,PropertyGuru,Johor Bahru
Johor Bahru,895000,1540.0,4.0,3.0,Terrace House,PropertyGuru,Johor Bahru
Johor Bahru,330000,1540.0,4.0,3.0,Terrace House,PropertyGuru,Johor Bahru
Johor Bahru,350000,1540.0,4.0,3.0,Terrace House,PropertyGuru,Johor Bahru
Johor Bahru,920000,1540.0,4.0,3.0,Terrace House,PropertyGuru,Johor Bahru
Johor Bahru,1300000,1540.0,4.0,3.0,Terrace House,PropertyGuru,Johor Bahru
Johor Bahru,577926,1540.0,4.0,3.0,Serviced Residence,PropertyGuru,Johor Bahru
Johor Bahru,484515,1540.0,4.0,3.0,Serviced Residence,PropertyGuru,Johor Bahru
Johor Bahru,422532,1540.0,4.0,3.0,Serviced Residence,PropertyGuru,Johor Bahru
Johor Bahru,380000,1540.0,4.0,3.0,Serviced Residence,PropertyGuru,Johor Bahru
Johor Bahru,880000,1540.0,4.0,3.0,Terrace House,PropertyGuru,Johor Bahru
Other,1000000,2950.0,5.0,4.0,Terrace House,Kaggle,Other
Other,920000,2950.0,5.0,3.0,Terrace House,Kaggle,Other
Other,980000,1920.0,5.0,4.0,Terrace House,Kaggle,Other
Pasir Gudang,590000,1600.0,4.0,3.0,Terrace House,Kaggle,Pasir Gudang
Other,328000,700.0,2.0,2.0,Low-Cost House,Kaggle,Other
Other,699000,3000.0,5.0,3.0,Terrace House,Kaggle,Other
Other,650000,1213.0,4.0,3.0,Condominium,Kaggle,Other
Other,650000,1100.0,3.0,2.0,House (Others),Kaggle,Other
Other,610000,1450.0,4.0,3.0,Terrace House,Kaggle,Other
Other,450000,809.0,3.0,2.0,Terrace House,Kaggle,Other
Other,368000,1300.0,3.0,1.0,Terrace House,Kaggle,Other
Other,900000,800.0,2.0,1.0,Condominium,Kaggle,Other
Other,1600000,1386.0,4.0,3.0,Condominium,Kaggle,Other
Other,580000,1216.0,4.0,3.0,Condominium,Kaggle,Other
Other,580000,1210.0,4.0,3.0,Terrace House,Kaggle,Other
Other,500000,958.0,2.0,2.0,Condominium,Kaggle,Other
Other,750000,1600.0,5.0,4.0,Terrace House,Kaggle,Other
Mount Austin,698000,1500.0,4.0,3.0,Terrace House,Kaggle,Mount Austin
Other,820000,1540.0,4.0,4.0,Terrace House,Kaggle,Other
Pasir Gudang,740000,2665.0,5.0,4.0,Cluster House,Kaggle,Pasir Gudang
Other,358000,1450.0,3.0,2.0,Terrace House,Kaggle,Other
Other,488000,1400.0,3.0,2.0,Terrace House,Kaggle,Other
Other,778000,1700.0,4.0,3.0,Terrace House,Kaggle,Other
Johor Bahru,860000,2000.0,4.0,3.0,Terrace House,Kaggle,Johor Bahru
Skudai,518000,1800.0,4.0,2.0,Terrace House,Kaggle,Skudai
Other,525000,535.0,1.0,1.0,Condominium,Kaggle,Other
Other,548000,4700.0,4.0,2.0,Terrace House,Kaggle,Other
Other,780000,1700.0,5.0,4.0,Terrace House,Kaggle,Other
Other,345000,800.0,3.0,2.0,Low-Cost House,Kaggle,Other
Mount Austin,460000,999.0,3.0,2.0,Condominium,Kaggle,Mount Austin
Other,642000,1496.0,3.0,3.0,Terrace House,Kaggle,Other
Kulai,380000,2880.0,3.0,4.0,Terrace House,Kaggle,Kulai
Other,658000,1540.0,4.0,3.0,House (Others),Kaggle,Other
Other,560000,958.0,4.0,2.0,Condominium,Kaggle,Other
Other,350000,775.0,3.0,2.0,Terrace House,Kaggle,Other
Permas Jaya,438000,1144.0,4.0,2.0,Condominium,Kaggle,Permas Jaya
Other,350000,1100.0,2.0,2.0,Low-Cost House,Kaggle,Other
Other,698000,1500.0,5.0,3.0,Terrace House,Kaggle,Other
Other,415000,1180.0,3.0,2.0,Terrace House,Kaggle,Other
Other,318000,650.0,2.0,2.0,Condominium,Kaggle,Other
Iskandar Puteri,625000,1600.0,4.0,3.0,Terrace House,Kaggle,Iskandar Puteri
Other,440000,954.0,3.0,2.0,Condominium,Kaggle,Other
Johor Bahru,850000,650.0,1.0,1.0,Condominium,Kaggle,Johor Bahru
Other,550000,1390.0,3.0,2.0,Condominium,Kaggle,Other
Pasir Gudang,618000,1688.0,4.0,3.0,Terrace House,Kaggle,Pasir Gudang
Pasir Gudang,580000,1400.0,4.0,3.0,Terrace House,Kaggle,Pasir Gudang
Other,550000,1540.0,3.0,2.0,Terrace House,Kaggle,Other
Other,370000,463.0,4.0,1.0,Condominium,Kaggle,Other
Other,310000,1100.0,3.0,2.0,Low-Cost House,Kaggle,Other
Other,499000,1540.0,4.0,3.0,Terrace House,Kaggle,Other
Other,470000,1650.0,3.0,2.0,Terrace House,Kaggle,Other
Other,608000,2730.0,4.0,3.0,Terrace House,Kaggle,Other
Other,698000,1920.0,4.0,2.0,Terrace House,Kaggle,Other
Other,700000,2206.0,4.0,3.0,Terrace House,Kaggle,Other
Kulai,468000,2002.0,3.0,2.0,Terrace House,Kaggle,Kulai
Other,378000,770.0,3.0,2.0,Terrace House,Kaggle,Other
Other,598000,1540.0,4.0,3.0,Terrace House,Kaggle,Other
Johor Bahru,330000,1004.0,3.0,2.0,Condominium,Kaggle,Johor Bahru
Other,610000,1400.0,3.0,2.0,Terrace House,Kaggle,Other
Other,3500000,3915.0,5.0,5.0,Cluster House,Kaggle,Other
Other,538000,770.0,5.0,2.0,Low-Cost House,Kaggle,Other
Other,1980000,3606.0,5.0,5.0,Terrace House,Kaggle,Other
Johor Bahru,588000,1668.0,3.0,2.0,Terrace House,Kaggle,Johor Bahru
Other,450000,1155.0,3.0,2.0,Condominium,Kaggle,Other
Other,500000,1206.0,4.0,2.0,Condominium,Kaggle,Other
Other,798000,1680.0,4.0,3.0,Terrace House,Kaggle,Other
Other,698000,2450.0,4.0,3.0,Terrace House,Kaggle,Other
Other,475000,1500.0,4.0,3.0,Terrace House,Kaggle,Other
Pasir Gudang,568000,1600.0,4.0,3.0,Terrace House,Kaggle,Pasir Gudang
Other,420000,1798.0,3.0,3.0,Terrace House,Kaggle,Other
Pasir Gudang,498000,2087.0,4.0,2.0,Terrace House,Kaggle,Pasir Gudang
Other,398000,850.0,3.0,2.0,Condominium,Kaggle,Other
Other,688000,1540.0,4.0,3.0,Terrace House,Kaggle,Other
Other,568000,1170.0,4.0,3.0,Terrace House,Kaggle,Other
Johor Bahru,550000,1175.0,3.0,3.0,Condominium,Kaggle,Johor Bahru
Pasir Gudang,880000,1900.0,4.0,5.0,Terrace House,Kaggle,Pasir Gudang
Other,1180000,2800.0,4.0,4.0,Link Bungalow / Semi-Detached,Kaggle,Other
Other,360000,1800.0,3.0,2.0,Terrace House,Kaggle,Other
Pasir Gudang,700000,2450.0,4.0,3.0,Terrace House,Kaggle,Pasir Gudang
Other,788000,1680.0,4.0,3.0,Terrace House,Kaggle,Other
Other,538000,1540.0,3.0,2.0,House (Others),Kaggle,Other
Johor Jaya,930000,2828.0,4.0,3.0,Terrace House,Kaggle,Johor Jaya
Other,365000,520.0,4.0,1.0,Condominium,Kaggle,Other
Other,630000,1216.0,3.0,3.0,Condominium,Kaggle,Other
Other,388000,775.0,3.0,2.0,Terrace House,Kaggle,Other
Other,1350000,2669.0,4.0,4.0,Terrace House,Kaggle,Other
Other,640000,1650.0,4.0,3.0,Terrace House,Kaggle,Other
Other,718000,2240.0,4.0,3.0,Terrace House,Kaggle,Other
Other,780000,1170.0,4.0,3.0,Terrace House,Kaggle,Other
Johor Bahru,798000,1760.0,4.0,3.0,Terrace House,Kaggle,Johor Bahru
Other,478000,1300.0,3.0,2.0,Terrace House,Kaggle,Other
Other,1550000,3200.0,4.0,5.0,Terrace House,Kaggle,Other
Pasir Gudang,760000,2450.0,5.0,4.0,Terrace House,Kaggle,Pasir Gudang
Other,650000,1926.0,4.0,4.0,Bungalow / Detached House,Kaggle,Other
Other,300000,574.0,1.0,1.0,Condominium,Kaggle,Other
Other,350000,658.0,1.0,1.0,Condominium,Kaggle,Other
Other,328000,900.0,3.0,2.0,Low-Cost House,Kaggle,Other
Johor Bahru,850000,1650.0,4.0,4.0,Terrace House,Kaggle,Johor Bahru
Other,655000,1800.0,5.0,3.0,Terrace House,Kaggle,Other
Other,800000,1760.0,4.0,3.0,Terrace House,Kaggle,Other
Other,480000,1405.0,3.0,2.0,Condominium,Kaggle,Other
Other,470000,881.0,2.0,2.0,Condominium,Kaggle,Other
Kulai,468000,1400.0,3.0,2.0,Terrace House,Kaggle,Kulai
Johor Bahru,788000,2000.0,4.0,3.0,Terrace House,Kaggle,Johor Bahru
Other,458000,1500.0,3.0,2.0,Terrace House,Kaggle,Other
Other,408000,2000.0,5.0,3.0,Terrace House,Kaggle,Other
Other,900000,1920.0,4.0,5.0,Terrace House,Kaggle,Other
Other,500000,1442.0,4.0,2.0,Terrace House,Kaggle,Other
Other,658000,2000.0,4.0,3.0,Terrace House,Kaggle,Other
Other,2000000,6749.0,6.0,5.0,Bungalow / Detached House,Kaggle,Other
Permas Jaya,448000,1150.0,3.0,2.0,Condominium,Kaggle,Permas Jaya
Other,550000,1302.0,4.0,2.0,Condominium,Kaggle,Other
Johor Bahru,595000,1540.0,3.0,2.0,Terrace House,Kaggle,Johor Bahru
Johor Bahru,450000,1003.0,3.0,2.0,Condominium,Kaggle,Johor Bahru
Other,305000,658.0,1.0,1.0,Condominium,Kaggle,Other
Other,600000,1005.0,2.0,2.0,Condominium,Kaggle,Other
Other,2000000,3000.0,4.0,4.0,Terrace House,Kaggle,Other
Other,650000,1760.0,4.0,4.0,Terrace House,Kaggle,Other
Other,388000,770.0,3.0,1.0,Low-Cost House,Kaggle,Other
Mount Austin,355000,660.0,2.0,1.0,Condominium,Kaggle,Mount Austin
Bukit Indah,1980000,2583.0,5.0,3.0,Link Bungalow / Semi-Detached,Kaggle,Bukit Indah
Other,608000,1170.0,4.0,3.0,Terrace House,Kaggle,Other
Other,368000,770.0,3.0,2.0,Terrace House,Kaggle,Other
Other,408000,770.0,3.0,2.0,Terrace House,Kaggle,Other
Other,650000,1540.0,4.0,2.0,Terrace House,Kaggle,Other
Other,408000,1005.0,3.0,2.0,Condominium,Kaggle,Other
Other,688000,1650.0,5.0,3.0,Terrace House,Kaggle,Other
Kulai,345000,770.0,3.0,2.0,Terrace House,Kaggle,Kulai
Pasir Gudang,470000,2770.0,3.0,2.0,Terrace House,Kaggle,Pasir Gudang
Other,420000,1320.0,4.0,3.0,Low-Cost House,Kaggle,Other
Other,460000,1400.0,4.0,3.0,Terrace House,Kaggle,Other
Other,385000,960.0,3.0,3.0,Terrace House,Kaggle,Other
Other,658000,1170.0,4.0,3.0,Terrace House,Kaggle,Other
Other,828000,1875.0,5.0,5.0,Terrace House,Kaggle,Other
Other,788000,2462.0,4.0,4.0,Terrace House,Kaggle,Other
Other,330000,1400.0,2.0,2.0,Terrace House,Kaggle,Other
Other,600000,1400.0,3.0,2.0,Terrace House,Kaggle,Other
Other,487000,1020.0,3.0,2.0,Condominium,Kaggle,Other
Other,1280000,5000.0,5.0,4.0,Terrace House,Kaggle,Other
Other,588000,1170.0,4.0,3.0,Terrace House,Kaggle,Other
Other,368000,1173.0,4.0,3.0,Terrace House,Kaggle,Other
Other,455000,1170.0,4.0,3.0,Terrace House,Kaggle,Other
Other,368000,770.0,2.0,2.0,Low-Cost House,Kaggle,Other
Other,730000,1170.0,4.0,4.0,Terrace House,Kaggle,Other
Other,638000,2200.0,3.0,2.0,Link Bungalow / Semi-Detached,Kaggle,Other
Other,388000,742.0,3.0,2.0,Low-Cost House,Kaggle,Other
Other,588000,1232.0,3.0,3.0,Condominium,Kaggle,Other
Other,600000,1760.0,3.0,3.0,Terrace House,Kaggle,Other
Skudai,740000,3500.0,4.0,3.0,Link Bungalow / Semi-Detached,Kaggle,Skudai
Kulai,400000,1760.0,3.0,2.0,Terrace House,Kaggle,Kulai
Other,415000,1170.0,3.0,2.0,Terrace House,Kaggle,Other
Other,550000,1500.0,4.0,3.0,Terrace House,Kaggle,Other
Other,688000,2000.0,5.0,2.0,Terrace House,Kaggle,Other
Other,465000,1400.0,4.0,3.0,Terrace House,Kaggle,Other
Kulai,918000,3336.0,5.0,5.0,Terrace House,Kaggle,Kulai
Other,3700000,3330.0,6.0,7.0,Bungalow / Detached House,Kaggle,Other
Kulai,370000,1540.0,3.0,2.0,Low-Cost House,Kaggle,Kulai
Other,618000,1170.0,4.0,3.0,Terrace House,Kaggle,Other
Mount Austin,480000,1033.0,3.0,2.0,Condominium,Kaggle,Mount Austin
Other,800000,1500.0,4.0,3.0,Terrace House,Kaggle,Other
Other,3500000,10000.0,5.0,4.0,Bungalow / Detached House,Kaggle,Other
Other,3500000,4800.0,9.0,7.0,Link Bungalow / Semi-Detached,Kaggle,Other
Other,358000,770.0,3.0,1.0,Terrace House,Kaggle,Other
Kulai,380000,775.0,3.0,2.0,Terrace House,Kaggle,Kulai
Other,550000,764.0,2.0,2.0,Condominium,Kaggle,Other
Other,360000,1400.0,3.0,2.0,Terrace House,Kaggle,Other
Other,470000,2500.0,3.0,2.0,Terrace House,Kaggle,Other
Kulai,498000,1540.0,4.0,3.0,Terrace House,Kaggle,Kulai
Other,550000,2078.0,4.0,4.0,Terrace House,Kaggle,Other
Other,310000,775.0,2.0,1.0,Low-Cost House,Kaggle,Other
Johor Bahru,968000,1400.0,4.0,3.0,Terrace House,Kaggle,Johor Bahru
Other,590000,1500.0,3.0,3.0,Terrace House,Kaggle,Other
Johor Bahru,400000,900.0,3.0,2.0,Condominium,Kaggle,Johor Bahru
Other,620000,1027.0,3.0,3.0,Condominium,Kaggle,Other
Other,2100000,3645.0,6.0,6.0,Link Bungalow / Semi-Detached,Kaggle,Other
Other,545000,1500.0,4.0,3.0,Terrace House,Kaggle,Other
Skudai,548000,1606.0,4.0,2.0,Terrace House,Kaggle,Skudai
Mount Austin,388000,786.0,2.0,1.0,Condominium,Kaggle,Mount Austin
Kulai,475000,1400.0,4.0,2.0,Terrace House,Kaggle,Kulai
Other,838000,1680.0,5.0,4.0,Terrace House,Kaggle,Other
Other,468000,1208.0,4.0,3.0,Condominium,Kaggle,Other
Other,430000,3000.0,3.0,2.0,Terrace House,Kaggle,Other
Other,345000,780.0,3.0,2.0,Terrace House,Kaggle,Other
Other,788000,1920.0,4.0,3.0,Terrace House,Kaggle,Other
Other,429000,2600.0,4.0,3.0,Terrace House,Kaggle,Other
Skudai,360000,1044.0,2.0,1.0,Low-Cost House,Kaggle,Skudai
Johor Jaya,1100000,3000.0,4.0,3.0,Link Bungalow / Semi-Detached,Kaggle,Johor Jaya
Johor Bahru,2680000,8000.0,7.0,5.0,Terrace House,Kaggle,Johor Bahru
Other,578000,1540.0,3.0,2.0,Terrace House,Kaggle,Other
Other,495000,1680.0,3.0,2.0,Terrace House,Kaggle,Other
Other,598000,1765.0,3.0,2.0,Town House,Kaggle,Other
Permas Jaya,420000,1114.0,3.0,2.0,Condominium,Kaggle,Permas Jaya
Other,499000,1540.0,5.0,3.0,Terrace House,Kaggle,Other
Other,548000,1400.0,3.0,2.0,Terrace House,Kaggle,Other
Other,438000,1800.0,3.0,3.0,Terrace House,Kaggle,Other
Other,460000,1540.0,4.0,3.0,Terrace House,Kaggle,Other
Other,518000,1760.0,4.0,2.0,Terrace House,Kaggle,Other
Other,420000,1540.0,3.0,2.0,Terrace House,Kaggle,Other
Other,490000,1100.0,3.0,2.0,Condominium,Kaggle,Other
Other,468000,1068.0,5.0,2.0,Condominium,Kaggle,Other
Other,335000,770.0,2.0,2.0,Low-Cost House,Kaggle,Other
Other,345000,1400.0,3.0,2.0,Terrace House,Kaggle,Other
Other,398000,774.0,3.0,2.0,Low-Cost House,Kaggle,Other
Other,800000,1001.0,2.0,2.0,Condominium,Kaggle,Other
Other,638000,1170.0,4.0,3.0,Terrace House,Kaggle,Other
Other,570000,2100.0,4.0,3.0,Terrace House,Kaggle,Other
Other,388000,1620.0,4.0,2.0,Terrace House,Kaggle,Other
Other,658000,1540.0,4.0,3.0,Terrace House,Kaggle,Other
Other,848000,2400.0,4.0,2.0,Terrace House,Kaggle,Other
Other,758000,2000.0,4.0,3.0,Terrace House,Kaggle,Other
Pasir Gudang,690000,1400.0,3.0,3.0,Terrace House,Kaggle,Pasir Gudang
Johor Bahru,768000,1960.0,4.0,3.0,Terrace House,Kaggle,Johor Bahru
Other,358000,840.0,3.0,2.0,Low-Cost House,Kaggle,Other
Other,608000,1540.0,4.0,4.0,Terrace House,Kaggle,Other
Other,350000,1760.0,3.0,2.0,Terrace House,Kaggle,Other
Other,465000,1936.0,4.0,3.0,Terrace House,Kaggle,Other
Mount Austin,750000,1400.0,4.0,3.0,Terrace House,Kaggle,Mount Austin
Bukit Indah,750000,1615.0,4.0,4.0,Condominium,Kaggle,Bukit Indah
Other,350000,1540.0,3.0,2.0,Terrace House,Kaggle,Other
Other,470000,1540.0,3.0,2.0,Terrace House,Kaggle,Other
Other,880000,3400.0,6.0,6.0,Terrace House,Kaggle,Other
Other,1150000,4300.0,4.0,5.0,Terrace House,Kaggle,Other
Other,683000,1300.0,4.0,3.0,Terrace House,Kaggle,Other
Other,1242500,4214.0,5.0,4.0,Bungalow / Detached House,Kaggle,Other
Other,730000,2210.0,4.0,3.0,Cluster House,Kaggle,Other
Other,520000,1460.0,3.0,2.0,Terrace House,Kaggle,Other
Other,830000,1800.0,4.0,4.0,Terrace House,Kaggle,Other
Other,380000,1000.0,3.0,3.0,Terrace House,Kaggle,Other
Other,2550000,3200.0,5.0,6.0,Link Bungalow / Semi-Detached,Kaggle,Other
Taman Molek,1850000,1920.0,4.0,5.0,Terrace House,Kaggle,Taman Molek
Other,480000,646.0,2.0,1.0,Condominium,Kaggle,Other
Other,730000,1680.0,4.0,3.0,Terrace House,Kaggle,Other
Other,790000,1507.0,4.0,3.0,Terrace House,Kaggle,Other
Iskandar Puteri,2200000,2800.0,4.0,6.0,Link Bungalow / Semi-Detached,Kaggle,Iskandar Puteri
Other,638000,2450.0,3.0,2.0,Link Bungalow / Semi-Detached,Kaggle,Other
Other,480000,1400.0,3.0,2.0,Terrace House,Kaggle,Other
Pasir Gudang,568000,1400.0,4.0,3.0,Terrace House,Kaggle,Pasir Gudang
Johor Bahru,768000,1439.0,4.0,3.0,Terrace House,Kaggle,Johor Bahru
Skudai,650000,1540.0,3.0,1.0,Terrace House,Kaggle,Skudai
Other,890000,1540.0,5.0,3.0,Terrace House,Kaggle,Other
Mount Austin,680000,1317.0,4.0,3.0,Condominium,Kaggle,Mount Austin
Other,1100000,1540.0,4.0,4.0,Terrace House,Kaggle,Other
Other,600000,816.0,2.0,2.0,Condominium,Kaggle,Other
Permas Jaya,365000,770.0,3.0,2.0,Terrace House,Kaggle,Permas Jaya
Other,1900000,3541.0,5.0,5.0,Link Bungalow / Semi-Detached,Kaggle,Other
Other,2850000,4500.0,5.0,6.0,Link Bungalow / Semi-Detached,Kaggle,Other
Johor Jaya,618000,1540.0,4.0,3.0,Terrace House,Kaggle,Johor Jaya
Johor Jaya,1100000,3200.0,4.0,3.0,Link Bungalow / Semi-Detached,Kaggle,Johor Jaya
Other,328000,1216.0,4.0,3.0,Condominium,Kaggle,Other
Other,858000,1680.0,7.0,4.0,Terrace House,Kaggle,Other
Permas Jaya,890000,1300.0,4.0,3.0,Terrace House,Kaggle,Permas Jaya
Other,640000,1540.0,4.0,3.0,Terrace House,Kaggle,Other
Other,1250000,2600.0,5.0,5.0,Cluster House,Kaggle,Other
Other,1250000,2608.0,6.0,5.0,Cluster House,Kaggle,Other
Other,2800000,3137.0,5.0,6.0,Link Bungalow / Semi-Detached,Kaggle,Other
Bukit Indah,600000,1400.0,3.0,2.0,Terrace House,Kaggle,Bukit Indah
Other,1430000,3080.0,5.0,5.0,Link Bungalow / Semi-Detached,Kaggle,Other
Other,1300000,2384.0,4.0,4.0,Link Bungalow / Semi-Detached,Kaggle,Other
Other,1300000,2384.0,4.0,4.0,Cluster House,Kaggle,Other
Other,1300000,1650.0,5.0,5.0,Cluster House,Kaggle,Other
Bukit Indah,1180000,1540.0,5.0,4.0,Terrace House,Kaggle,Bukit Indah
Other,899000,1680.0,4.0,4.0,Terrace House,Kaggle,Other
Other,850000,1680.0,4.0,4.0,Terrace House,Kaggle,Other
Other,480000,967.0,2.0,2.0,Condominium,Kaggle,Other
Other,778000,872.0,1.0,2.0,Condominium,Kaggle,Other
Other,1400000,2329.0,4.0,4.0,Terrace House,Kaggle,Other
Kulai,810000,1950.0,4.0,4.0,Terrace House,Kaggle,Kulai
Skudai,1120000,2380.0,5.0,5.0,Cluster House,Kaggle,Skudai
Johor Bahru,975000,2975.0,5.0,4.0,Link Bungalow / Semi-Detached,Kaggle,Johor Bahru
Johor Jaya,568000,1760.0,4.0,2.0,Terrace House,Kaggle,Johor Jaya
Pasir Gudang,428000,1400.0,3.0,2.0,Terrace House,Kaggle,Pasir Gudang
Other,788000,3337.0,4.0,3.0,Link Bungalow / Semi-Detached,Kaggle,Other
Other,650000,1540.0,4.0,3.0,Terrace House,Kaggle,Other
Permas Jaya,388000,700.0,3.0,2.0,Low-Cost House,Kaggle,Permas Jaya
Other,760000,2240.0,4.0,3.0,Cluster House,Kaggle,Other
Iskandar Puteri,1850000,3000.0,5.0,5.0,Link Bungalow / Semi-Detached,Kaggle,Iskandar Puteri
Other,558000,1800.0,3.0,3.0,Terrace House,Kaggle,Other
Other,1050000,2440.0,5.0,4.0,Terrace House,Kaggle,Other
Permas Jaya,560000,1635.0,3.0,2.0,Condominium,Kaggle,Permas Jaya
Other,488000,1540.0,4.0,3.0,Terrace House,Kaggle,Other
Other,3300000,6000.0,5.0,4.0,Link Bungalow / Semi-Detached,Kaggle,Other
Other,948000,2550.0,5.0,5.0,Terrace House,Kaggle,Other
Bukit Indah,980000,2470.0,4.0,4.0,Terrace House,Kaggle,Bukit Indah
Other,350000,1013.0,3.0,2.0,Condominium,Kaggle,Other
Other,980000,2080.0,5.0,5.0,Cluster House,Kaggle,Other
Other,1800000,2080.0,4.0,4.0,Cluster House,Kaggle,Other
Johor Jaya,950000,3200.0,4.0,3.0,Terrace House,Kaggle,Johor Jaya
Johor Bahru,1450000,3200.0,5.0,5.0,Link Bungalow / Semi-Detached,Kaggle,Johor Bahru
Other,700000,1540.0,4.0,3.0,Terrace House,Kaggle,Other
Other,320000,990.0,4.0,2.0,Condominium,Kaggle,Other
Iskandar Puteri,4500000,6305.0,6.0,7.0,Bungalow / Detached House,Kaggle,Iskandar Puteri
Other,1150000,2720.0,4.0,4.0,Link Bungalow / Semi-Detached,Kaggle,Other
Other,4900000,4900.0,7.0,6.0,Bungalow / Detached House,Kaggle,Other
Other,300000,1540.0,4.0,2.0,Terrace House,Kaggle,Other
Kulai,4200000,1540.0,13.0,7.0,Bungalow / Detached House,Kaggle,Kulai
Other,1700000,2140.0,5.0,5.0,Cluster House,Kaggle,Other
Other,3700000,2303.0,5.0,5.0,Condominium,Kaggle,Other
Pontian,850000,2600.0,4.0,3.0,Link Bungalow / Semi-Detached,Kaggle,Pontian
Other,1000000,1680.0,4.0,3.0,Link Bungalow / Semi-Detached,Kaggle,Other
Other,480000,1340.0,3.0,2.0,Terrace House,Kaggle,Other
Other,470000,1540.0,4.0,3.0,Terrace House,Kaggle,Other
Permas Jaya,380000,830.0,2.0,2.0,Condominium,Kaggle,Permas Jaya
Segamat,465000,1540.0,4.0,3.0,Terrace House,Kaggle,Segamat
Other,300000,1001.0,3.0,2.0,Condominium,Kaggle,Other
Other,680000,1680.0,5.0,3.0,Terrace House,Kaggle,Other
Other,2580000,3190.0,5.0,4.0,Link Bungalow / Semi-Detached,Kaggle,Other
Johor Bahru,470000,900.0,3.0,2.0,Condominium,Kaggle,Johor Bahru
Other,1150000,1540.0,4.0,4.0,Cluster House,Kaggle,Other
Other,3780000,1540.0,4.0,3.0,Link Bungalow / Semi-Detached,Kaggle,Other
Johor Bahru,545000,1400.0,3.0,2.0,Terrace House,Kaggle,Johor Bahru
Other,580000,1400.0,3.0,2.0,Terrace House,Kaggle,Other
Johor Bahru,818000,1760.0,4.0,3.0,Terrace House,Kaggle,Johor Bahru
Johor Bahru,820000,1650.0,4.0,3.0,Terrace House,Kaggle,Johor Bahru
Other,698000,1440.0,4.0,3.0,Terrace House,Kaggle,Other
Other,498000,1760.0,4.0,3.0,Terrace House,Kaggle,Other
Other,450000,1068.0,3.0,2.0,Condominium,Kaggle,Other
Mount Austin,450000,1033.0,3.0,2.0,Condominium,Kaggle,Mount Austin
Taman Molek,908000,2240.0,5.0,3.0,Terrace House,Kaggle,Taman Molek
Mount Austin,500000,1033.0,3.0,2.0,Condominium,Kaggle,Mount Austin
Other,580000,1540.0,4.0,2.0,Terrace House,Kaggle,Other
Other,698000,1400.0,4.0,3.0,Terrace House,Kaggle,Other
Other,540000,1320.0,4.0,3.0,Terrace House,Kaggle,Other
Other,335000,770.0,3.0,2.0,Terrace House,Kaggle,Other
Other,395000,906.0,2.0,2.0,Condominium,Kaggle,Other
Johor Bahru,420000,1098.0,3.0,2.0,Condominium,Kaggle,Johor Bahru
Other,1080000,2300.0,4.0,4.0,Cluster House,Kaggle,Other
Bukit Indah,888000,1540.0,4.0,4.0,Terrace House,Kaggle,Bukit Indah
Johor Bahru,1900000,8632.0,5.0,5.0,Bungalow / Detached House,Kaggle,Johor Bahru
Other,950000,3780.0,5.0,4.0,Link Bungalow / Semi-Detached,Kaggle,Other
Other,350000,770.0,3.0,2.0,Terrace House,Kaggle,Other
Other,320000,728.0,3.0,2.0,Terrace House,Kaggle,Other
Mount Austin,350000,765.0,2.0,2.0,Condominium,Kaggle,Mount Austin
Johor Bahru,938000,2535.0,4.0,3.0,Link Bungalow / Semi-Detached,Kaggle,Johor Bahru
Other,498000,1540.0,3.0,1.0,Terrace House,Kaggle,Other
Other,618000,1300.0,3.0,2.0,Terrace House,Kaggle,Other
Other,610000,1400.0,4.0,3.0,Terrace House,Kaggle,Other
Other,648000,1540.0,4.0,3.0,Terrace House,Kaggle,Other
Skudai,788000,1400.0,5.0,4.0,Terrace House,Kaggle,Skudai
Other,1400000,3000.0,4.0,3.0,Link Bungalow / Semi-Detached,Kaggle,Other
Mount Austin,850000,2320.0,4.0,4.0,Terrace House,Kaggle,Mount Austin
Other,576000,1540.0,3.0,2.0,Terrace House,Kaggle,Other
Other,1300000,2240.0,5.0,4.0,Cluster House,Kaggle,Other
Other,670000,1430.0,4.0,4.0,Terrace House,Kaggle,Other
Johor Bahru,788000,1400.0,4.0,4.0,Terrace House,Kaggle,Johor Bahru
Other,728000,3120.0,4.0,5.0,Condominium,Kaggle,Other
Other,1350000,3200.0,6.0,3.0,Link Bungalow / Semi-Detached,Kaggle,Other
Other,988000,3200.0,4.0,3.0,Link Bungalow / Semi-Detached,Kaggle,Other
Johor Bahru,638000,3947.0,5.0,3.0,Terrace House,Kaggle,Johor Bahru
Other,1280000,2560.0,4.0,5.0,Cluster House,Kaggle,Other
Other,300000,1040.0,2.0,2.0,Terrace House,Kaggle,Other
Other,558000,676.0,1.0,1.0,Condominium,Kaggle,Other
Other,338000,661.0,1.0,1.0,Condominium,Kaggle,Other
Johor Bahru,658000,1170.0,4.0,3.0,Terrace House,Kaggle,Johor Bahru
Other,698000,1430.0,5.0,3.0,Terrace House,Kaggle,Other
Other,999000,3000.0,5.0,4.0,Terrace House,Kaggle,Other
Johor Bahru,560000,1400.0,3.0,2.0,Terrace House,Kaggle,Johor Bahru
Permas Jaya,910000,2173.0,4.0,3.0,Terrace House,Kaggle,Permas Jaya
Other,880000,1760.0,4.0,3.0,Terrace House,Kaggle,Other
Kulai,580000,3200.0,4.0,3.0,Link Bungalow / Semi-Detached,Kaggle,Kulai
Other,320000,650.0,2.0,2.0,Condominium,Kaggle,Other
Other,660000,1400.0,4.0,3.0,Terrace House,Kaggle,Other
Other,560000,1200.0,4.0,3.0,Terrace House,Kaggle,Other
Other,898000,2600.0,6.0,3.0,Terrace House,Kaggle,Other
Johor Jaya,635000,1540.0,4.0,3.0,Terrace House,Kaggle,Johor Jaya
Other,450000,945.0,3.0,2.0,Condominium,Kaggle,Other
Other,625000,1400.0,5.0,4.0,Terrace House,Kaggle,Other
Other,1250000,1760.0,5.0,5.0,Cluster House,Kaggle,Other
Other,680000,1400.0,5.0,4.0,Terrace House,Kaggle,Other
Other,1500000,3150.0,5.0,4.0,Cluster House,Kaggle,Other
Other,680000,1968.0,4.0,3.0,Town House,Kaggle,Other
Other,460000,1540.0,3.0,2.0,Terrace House,Kaggle,Other
Other,550000,1760.0,3.0,2.0,Terrace House,Kaggle,Other
Other,430000,1540.0,4.0,2.0,Terrace House,Kaggle,Other
Other,818000,1870.0,3.0,2.0,Terrace House,Kaggle,Other
Other,668000,1540.0,3.0,2.0,Terrace House,Kaggle,Other
Other,780000,1495.0,3.0,3.0,Condominium,Kaggle,Other
Other,400000,640.0,4.0,1.0,Condominium,Kaggle,Other
Skudai,780000,1170.0,4.0,3.0,Terrace House,Kaggle,Skudai
Johor Jaya,528000,1540.0,3.0,2.0,Terrace House,Kaggle,Johor Jaya
Permas Jaya,625000,1635.0,3.0,3.0,Condominium,Kaggle,Permas Jaya
Other,560000,1659.0,4.0,3.0,Terrace House,Kaggle,Other
Other,445000,1540.0,3.0,2.0,Terrace House,Kaggle,Other
Permas Jaya,520000,1635.0,4.0,3.0,Condominium,Kaggle,Permas Jaya
Johor Bahru,1200000,3337.0,4.0,3.0,Terrace House,Kaggle,Johor Bahru
Johor Bahru,330000,1028.0,3.0,2.0,Condominium,Kaggle,Johor Bahru
Other,1080000,1139.0,3.0,2.0,Condominium,Kaggle,Other
Other,428000,1540.0,4.0,3.0,Terrace House,Kaggle,Other
Other,280000,650.0,2.0,1.0,Condominium,Kaggle,Other
Johor Bahru,1650000,3400.0,6.0,5.0,Link Bungalow / Semi-Detached,Kaggle,Johor Bahru
Other,718000,2100.0,4.0,4.0,Terrace House,Kaggle,Other
Other,410000,1540.0,4.0,3.0,Terrace House,Kaggle,Other
Other,510000,1540.0,3.0,2.0,Terrace House,Kaggle,Other
Other,408000,1700.0,3.0,2.0,Terrace House,Kaggle,Other
Other,850000,1540.0,4.0,3.0,Terrace House,Kaggle,Other
Other,878000,1540.0,5.0,5.0,Cluster House,Kaggle,Other
Other,2300000,5094.0,7.0,7.0,Link Bungalow / Semi-Detached,Kaggle,Other
Other,399000,689.0,1.0,1.0,Condominium,Kaggle,Other
Other,835000,3648.0,6.0,5.0,Link Bungalow / Semi-Detached,Kaggle,Other
Other,1650000,1540.0,8.0,4.0,Bungalow / Detached House,Kaggle,Other
Other,638000,1540.0,4.0,4.0,Terrace House,Kaggle,Other
Other,460000,883.0,3.0,2.0,Condominium,Kaggle,Other
Other,455000,705.0,3.0,1.0,Condominium,Kaggle,Other
Other,388000,1284.0,4.0,3.0,Condominium,Kaggle,Other
Other,380000,799.0,3.0,2.0,Condominium,Kaggle,Other
Other,568000,678.0,2.0,1.0,Condominium,Kaggle,Other
Other,1300000,1540.0,5.0,4.0,Link Bungalow / Semi-Detached,Kaggle,Other
Johor Bahru,438000,941.0,4.0,2.0,Condominium,Kaggle,Johor Bahru
Other,750000,882.0,2.0,2.0,Condominium,Kaggle,Other
Mount Austin,700000,1244.0,3.0,2.0,Condominium,Kaggle,Mount Austin
Bukit Indah,778000,1540.0,3.0,3.0,Terrace House,Kaggle,Bukit Indah
Mount Austin,738000,1540.0,4.0,3.0,Terrace House,Kaggle,Mount Austin
Other,770000,3402.0,5.0,4.0,Link Bungalow / Semi-Detached,Kaggle,Other
Other,299000,1540.0,3.0,2.0,Terrace House,Kaggle,Other
Skudai,539000,1540.0,3.0,2.0,Terrace House,Kaggle,Skudai
Iskandar Puteri,2880000,4000.0,6.0,4.0,Terrace House,Kaggle,Iskandar Puteri
Johor Bahru,645000,850.0,3.0,2.0,Condominium,Kaggle,Johor Bahru
Other,720000,1801.0,4.0,3.0,Terrace House,Kaggle,Other
Other,654000,2390.0,5.0,5.0,Terrace House,Kaggle,Other
Other,530000,1850.0,5.0,3.0,House (Others),Kaggle,Other
Other,468000,1540.0,5.0,3.0,Terrace House,Kaggle,Other
Johor Bahru,468000,1092.0,3.0,2.0,Condominium,Kaggle,Johor Bahru
Other,520000,1540.0,3.0,2.0,Terrace House,Kaggle,Other
Other,2500000,3774.0,6.0,6.0,Link Bungalow / Semi-Detached,Kaggle,Other
Other,1450000,3220.0,6.0,5.0,Terrace House,Kaggle,Other
Other,1000000,1217.0,2.0,2.0,Condominium,Kaggle,Other
Other,928000,2260.0,4.0,3.0,Terrace House,Kaggle,Other
Other,650000,1725.0,3.0,3.0,Condominium,Kaggle,Other
Other,950000,3000.0,6.0,4.0,Link Bungalow / Semi-Detached,Kaggle,Other
Other,1188000,4110.0,5.0,4.0,Link Bungalow / Semi-Detached,Kaggle,Other
Johor Bahru,960000,1540.0,4.0,3.0,Terrace House,Kaggle,Johor Bahru
Johor Bahru,4350000,1540.0,5.0,6.0,Bungalow / Detached House,Kaggle,Johor Bahru
Bukit Indah,575000,1400.0,4.0,3.0,Terrace House,Kaggle,Bukit Indah
Kulai,733000,1706.0,4.0,4.0,Link Bungalow / Semi-Detached,Kaggle,Kulai
Other,827000,2940.0,5.0,4.0,Terrace House,Kaggle,Other
Pasir Gudang,288000,770.0,2.0,1.0,Terrace House,Kaggle,Pasir Gudang
Other,680000,1540.0,3.0,2.0,Terrace House,Kaggle,Other
Other,210000,807.0,3.0,2.0,Condominium,Kaggle,Other
Other,1700000,1540.0,4.0,4.0,Link Bungalow / Semi-Detached,Kaggle,Other
Other,2800000,6000.0,5.0,5.0,Link Bungalow / Semi-Detached,Kaggle,Other
Kulai,445000,1400.0,3.0,2.0,Terrace House,Kaggle,Kulai
Other,288000,650.0,2.0,2.0,Condominium,Kaggle,Other
Skudai,658000,1540.0,4.0,3.0,Terrace House,Kaggle,Skudai
Other,1600000,1998.0,5.0,5.0,Condominium,Kaggle,Other
Other,860000,1400.0,4.0,3.0,Terrace House,Kaggle,Other
Other,695000,1600.0,4.0,4.0,Terrace House,Kaggle,Other
Other,760000,2618.0,4.0,3.0,Terrace House,Kaggle,Other
Other,600000,936.0,2.0,2.0,Condominium,Kaggle,Other
Permas Jaya,960000,2173.0,3.0,3.0,Terrace House,Kaggle,Permas Jaya
Other,358000,1540.0,2.0,2.0,Low-Cost House,Kaggle,Other
Bukit Indah,265000,732.0,3.0,2.0,Flat,Kaggle,Bukit Indah
Johor Bahru,270000,912.0,3.0,2.0,Flat,Kaggle,Johor Bahru
Other,1700000,3297.0,5.0,7.0,Link Bungalow / Semi-Detached,Kaggle,Other
Other,898000,1760.0,4.0,3.0,Terrace House,Kaggle,Other
Other,699000,1400.0,4.0,3.0,Terrace House,Kaggle,Other
Kulai,788000,2400.0,4.0,3.0,Terrace House,Kaggle,Kulai
Skudai,750000,1540.0,4.0,3.0,Link Bungalow / Semi-Detached,Kaggle,Skudai
Other,358000,850.0,3.0,2.0,Condominium,Kaggle,Other
Other,460000,1324.0,3.0,2.0,Terrace House,Kaggle,Other
Other,968000,1650.0,5.0,4.0,Terrace House,Kaggle,Other
Other,1390000,2240.0,6.0,6.0,Cluster House,Kaggle,Other
Other,498000,1400.0,4.0,3.0,Terrace House,Kaggle,Other
Other,2200000,5095.0,7.0,7.0,Link Bungalow / Semi-Detached,Kaggle,Other
Other,638000,1540.0,4.0,2.0,Terrace House,Kaggle,Other
Other,1100000,3754.0,5.0,4.0,Link Bungalow / Semi-Detached,Kaggle,Other
Permas Jaya,338000,950.0,3.0,2.0,Condominium,Kaggle,Permas Jaya
Other,1900000,3800.0,6.0,6.0,Link Bungalow / Semi-Detached,Kaggle,Other
Other,2800000,2207.0,5.0,5.0,Condominium,Kaggle,Other
Johor Bahru,1880000,1540.0,5.0,5.0,Terrace House,Kaggle,Johor Bahru
Johor Bahru,699000,1540.0,4.0,3.0,Terrace House,Kaggle,Johor Bahru
Other,430000,980.0,3.0,2.0,Condominium,Kaggle,Other
Other,730000,1144.0,4.0,3.0,Terrace House,Kaggle,Other
Kulai,550000,1540.0,5.0,3.0,Terrace House,Kaggle,Kulai
Other,288000,1540.0,3.0,2.0,Low-Cost House,Kaggle,Other
Other,1200000,2066.0,4.0,4.0,Terrace House,Kaggle,Other
Other,480000,1540.0,4.0,3.0,Terrace House,Kaggle,Other
Other,580000,1540.0,4.0,3.0,Terrace House,Kaggle,Other
Other,370000,770.0,3.0,2.0,Terrace House,Kaggle,Other
Other,438000,2292.0,5.0,3.0,Low-Cost House,Kaggle,Other
Johor Jaya,608000,1540.0,4.0,2.0,Terrace House,Kaggle,Johor Jaya
Other,698000,1540.0,4.0,3.0,Terrace House,Kaggle,Other
Other,1680000,1540.0,5.0,4.0,Cluster House,Kaggle,Other
Other,288000,1540.0,3.0,2.0,Terrace House,Kaggle,Other
Johor Bahru,760000,1400.0,4.0,3.0,Terrace House,Kaggle,Johor Bahru
Other,468000,770.0,3.0,2.0,Low-Cost House,Kaggle,Other
Other,768000,1400.0,4.0,3.0,Terrace House,Kaggle,Other
Iskandar Puteri,1450000,3000.0,6.0,4.0,Terrace House,Kaggle,Iskandar Puteri
Other,1280000,2600.0,5.0,5.0,Terrace House,Kaggle,Other
Other,2300000,2929.0,6.0,6.0,Link Bungalow / Semi-Detached,Kaggle,Other
Other,490000,852.0,2.0,2.0,Condominium,Kaggle,Other
Skudai,788000,1540.0,5.0,4.0,Terrace House,Kaggle,Skudai
Other,1350000,1540.0,4.0,4.0,Link Bungalow / Semi-Detached,Kaggle,Other
Other,958000,1540.0,4.0,3.0,Terrace House,Kaggle,Other
Other,528000,1540.0,4.0,3.0,Terrace House,Kaggle,Other
Other,451000,1540.0,3.0,2.0,Terrace House,Kaggle,Other
Kulai,338000,775.0,3.0,2.0,Low-Cost House,Kaggle,Kulai
Other,430000,1010.0,2.0,2.0,Condominium,Kaggle,Other
Other,650000,1442.0,3.0,3.0,Town House,Kaggle,Other
Other,1880000,2731.0,4.0,4.0,Terrace House,Kaggle,Other
Other,1130000,1852.0,4.0,3.0,Terrace House,Kaggle,Other
Other,1200000,1852.0,4.0,3.0,Terrace House,Kaggle,Other
Other,1700000,2918.0,4.0,4.0,Terrace House,Kaggle,Other
Iskandar Puteri,950000,1540.0,4.0,3.0,Terrace House,Kaggle,Iskandar Puteri
Bukit Indah,838000,1540.0,4.0,3.0,Terrace House,Kaggle,Bukit Indah
Permas Jaya,228000,880.0,3.0,2.0,Condominium,Kaggle,Permas Jaya
Other,335000,906.0,3.0,2.0,Condominium,Kaggle,Other
Taman Molek,500000,1200.0,3.0,2.0,Condominium,Kaggle,Taman Molek
Johor Jaya,290000,816.0,2.0,1.0,Low-Cost House,Kaggle,Johor Jaya
Other,428000,888.0,3.0,2.0,Condominium,Kaggle,Other
Other,468000,1540.0,3.0,2.0,Terrace House,Kaggle,Other
Other,368000,818.0,3.0,2.0,Condominium,Kaggle,Other
Other,470000,1400.0,3.0,2.0,Terrace House,Kaggle,Other
Kulai,515000,1540.0,4.0,3.0,Terrace House,Kaggle,Kulai
Other,2680000,1540.0,7.0,6.0,Bungalow / Detached House,Kaggle,Other
Other,712000,872.0,2.0,2.0,Condominium,Kaggle,Other
Johor Bahru,880000,2242.0,5.0,4.0,Terrace House,Kaggle,Johor Bahru
Other,750000,1225.0,3.0,3.0,Condominium,Kaggle,Other
Other,680000,1540.0,3.0,3.0,Town House,Kaggle,Other
Other,410000,1080.0,3.0,2.0,Terrace House,Kaggle,Other
Other,768000,1800.0,4.0,3.0,Terrace House,Kaggle,Other
Bukit Indah,488000,1213.0,3.0,2.0,Condominium,Kaggle,Bukit Indah
Other,850000,3200.0,4.0,4.0,Link Bungalow / Semi-Detached,Kaggle,Other
Permas Jaya,1179800,2210.0,4.0,4.0,Cluster House,Kaggle,Permas Jaya
Other,211000,850.0,3.0,2.0,Condominium,Kaggle,Other
Other,1599999,5000.0,6.0,5.0,Bungalow / Detached House,Kaggle,Other
Other,425000,1400.0,3.0,2.0,Terrace House,Kaggle,Other
Other,980000,1540.0,4.0,4.0,Terrace House,Kaggle,Other
Permas Jaya,388000,770.0,3.0,2.0,Low-Cost House,Kaggle,Permas Jaya
Johor Jaya,608000,1540.0,3.0,2.0,Terrace House,Kaggle,Johor Jaya
Other,748000,1920.0,5.0,2.0,Terrace House,Kaggle,Other
Pasir Gudang,318000,770.0,3.0,2.0,Low-Cost House,Kaggle,Pasir Gudang
Other,378000,770.0,3.0,2.0,Low-Cost House,Kaggle,Other
Other,980000,2800.0,5.0,4.0,Terrace House,Kaggle,Other
Other,465000,1350.0,5.0,3.0,Terrace House,Kaggle,Other
Other,535000,1400.0,3.0,3.0,Terrace House,Kaggle,Other
Other,486999,1300.0,3.0,3.0,Condominium,Kaggle,Other
Other,333000,810.0,2.0,2.0,Condominium,Kaggle,Other
Other,4800000,1540.0,6.0,6.0,Bungalow / Detached House,Kaggle,Other
Johor Jaya,1930000,4850.0,5.0,3.0,Bungalow / Detached House,Kaggle,Johor Jaya
Other,589000,882.0,2.0,2.0,Condominium,Kaggle,Other
Johor Bahru,1380000,3200.0,4.0,3.0,Link Bungalow / Semi-Detached,Kaggle,Johor Bahru
Bukit Indah,828000,1540.0,4.0,3.0,Terrace House,Kaggle,Bukit Indah
Other,850000,1320.0,3.0,2.0,Condominium,Kaggle,Other
Other,678000,1167.0,2.0,2.0,Condominium,Kaggle,Other
Other,850000,1540.0,4.0,4.0,Terrace House,Kaggle,Other
Mount Austin,708000,1540.0,4.0,3.0,Terrace House,Kaggle,Mount Austin
Permas Jaya,595000,1540.0,3.0,2.0,Terrace House,Kaggle,Permas Jaya
Other,540000,1540.0,3.0,2.0,Terrace House,Kaggle,Other
Johor Bahru,888000,1540.0,4.0,4.0,Terrace House,Kaggle,Johor Bahru
Mount Austin,730000,1540.0,4.0,4.0,Terrace House,Kaggle,Mount Austin
Mount Austin,728000,1540.0,4.0,4.0,Terrace House,Kaggle,Mount Austin
Johor Jaya,730000,1540.0,4.0,3.0,Terrace House,Kaggle,Johor Jaya
Johor Bahru,728000,1540.0,4.0,3.0,Terrace House,Kaggle,Johor Bahru
Permas Jaya,850000,1540.0,4.0,3.0,Terrace House,Kaggle,Permas Jaya
Johor Jaya,560000,1540.0,3.0,2.0,Terrace House,Kaggle,Johor Jaya
Other,650000,1540.0,3.0,2.0,Terrace House,Kaggle,Other
Other,750000,1540.0,4.0,3.0,Terrace House,Kaggle,Other
Other,558000,1540.0,3.0,2.0,Terrace House,Kaggle,Other
Other,630000,1540.0,4.0,4.0,Terrace House,Kaggle,Other
Other,480000,1540.0,3.0,2.0,Terrace House,Kaggle,Other
Permas Jaya,290000,950.0,3.0,2.0,Condominium,Kaggle,Permas Jaya
Other,918000,1540.0,5.0,5.0,Cluster House,Kaggle,Other
Other,630000,1540.0,3.0,2.0,Terrace House,Kaggle,Other
Other,620000,1540.0,4.0,3.0,Terrace House,Kaggle,Other
Other,1050000,2700.0,6.0,3.0,Link Bungalow / Semi-Detached,Kaggle,Other
Johor Jaya,1500000,3018.0,5.0,3.0,Link Bungalow / Semi-Detached,Kaggle,Johor Jaya
Other,610000,904.0,2.0,2.0,Condominium,Kaggle,Other
Mount Austin,1580000,2240.0,5.0,4.0,Cluster House,Kaggle,Mount Austin
Johor Bahru,1100000,1540.0,6.0,4.0,Link Bungalow / Semi-Detached,Kaggle,Johor Bahru
Other,308000,1540.0,3.0,2.0,Terrace House,Kaggle,Other
Other,258000,1540.0,3.0,2.0,Terrace House,Kaggle,Other
Other,268000,1540.0,3.0,2.0,Terrace House,Kaggle,Other
Other,318000,1540.0,3.0,2.0,Terrace House,Kaggle,Other
Bukit Indah,780000,1615.0,4.0,4.0,Condominium,Kaggle,Bukit Indah
Other,348000,810.0,2.0,2.0,Condominium,Kaggle,Other
Other,1250000,3200.0,5.0,5.0,Link Bungalow / Semi-Detached,Kaggle,Other
Other,528000,2308.0,4.0,2.0,Low-Cost House,Kaggle,Other
Other,335000,728.0,3.0,1.0,Low-Cost House,Kaggle,Other
Kulai,430000,1540.0,4.0,3.0,Terrace House,Kaggle,Kulai
Iskandar Puteri,1450000,1540.0,5.0,5.0,Terrace House,Kaggle,Iskandar Puteri
Other,850000,990.0,4.0,3.0,Terrace House,Kaggle,Other
Johor Bahru,438000,1108.0,4.0,2.0,Condominium,Kaggle,Johor Bahru
Other,360000,740.0,3.0,2.0,Condominium,Kaggle,Other
Other,1380000,3467.0,6.0,6.0,Terrace House,Kaggle,Other
Other,1150000,2100.0,5.0,3.0,Terrace House,Kaggle,Other
Other,1650000,3461.0,4.0,3.0,Terrace House,Kaggle,Other
Other,898000,1540.0,5.0,3.0,Terrace House,Kaggle,Other
Other,1290000,3931.0,7.0,6.0,Terrace House,Kaggle,Other
Other,2700000,4648.0,6.0,6.0,Bungalow / Detached House,Kaggle,Other
Other,408000,1001.0,3.0,2.0,Condominium,Kaggle,Other
Other,780000,802.0,2.0,2.0,Condominium,Kaggle,Other
Other,408000,867.0,2.0,2.0,Condominium,Kaggle,Other
Other,1170000,2475.0,5.0,3.0,Cluster House,Kaggle,Other
Other,2250000,3250.0,5.0,6.0,Condominium,Kaggle,Other
Skudai,660000,790.0,2.0,2.0,Condominium,Kaggle,Skudai
Johor Bahru,520000,1175.0,3.0,3.0,Condominium,Kaggle,Johor Bahru
Other,2000000,1540.0,5.0,5.0,Link Bungalow / Semi-Detached,Kaggle,Other
Other,2200000,1540.0,5.0,6.0,Link Bungalow / Semi-Detached,Kaggle,Other
Other,958000,1540.0,4.0,4.0,Terrace House,Kaggle,Other
Other,1400000,924.0,2.0,2.0,Condominium,Kaggle,Other
Other,1280000,1540.0,6.0,6.0,Terrace House,Kaggle,Other
Johor Bahru,325000,970.0,3.0,2.0,Condominium,Kaggle,Johor Bahru
Other,238000,815.0,3.0,2.0,Condominium,Kaggle,Other
Other,380000,1216.0,4.0,3.0,Condominium,Kaggle,Other
Other,2000000,3780.0,4.0,3.0,Link Bungalow / Semi-Detached,Kaggle,Other
Mount Austin,1580000,3100.0,5.0,4.0,Cluster House,Kaggle,Mount Austin
Johor Bahru,938000,1540.0,4.0,3.0,Link Bungalow / Semi-Detached,Kaggle,Johor Bahru
Mount Austin,1600000,1540.0,5.0,4.0,Cluster House,Kaggle,Mount Austin
Other,545000,1540.0,4.0,3.0,Terrace House,Kaggle,Other
Other,418000,1400.0,3.0,2.0,Terrace House,Kaggle,Other
Other,320000,958.0,3.0,2.0,Condominium,Kaggle,Other
Other,1950000,2269.0,5.0,4.0,Cluster House,Kaggle,Other
Other,2000000,6000.0,7.0,6.0,Bungalow / Detached House,Kaggle,Other
Johor Jaya,660000,1540.0,3.0,3.0,Terrace House,Kaggle,Johor Jaya
Other,338000,668.0,2.0,2.0,Condominium,Kaggle,Other
Other,450000,705.0,3.0,1.0,Condominium,Kaggle,Other
Other,450000,1800.0,5.0,3.0,Condominium,Kaggle,Other
Bukit Indah,1700000,3500.0,5.0,5.0,Link Bungalow / Semi-Detached,Kaggle,Bukit Indah
Other,1100000,2189.0,5.0,4.0,Terrace House,Kaggle,Other
Other,1687800,3088.0,6.0,6.0,Link Bungalow / Semi-Detached,Kaggle,Other
Permas Jaya,1300000,2210.0,4.0,4.0,Cluster House,Kaggle,Permas Jaya
Other,1790000,3360.0,3.0,5.0,Cluster House,Kaggle,Other
Bukit Indah,850000,1540.0,3.0,3.0,Terrace House,Kaggle,Bukit Indah
Other,1100000,1497.0,3.0,3.0,Condominium,Kaggle,Other
Other,1300000,3500.0,8.0,4.0,Bungalow / Detached House,Kaggle,Other
Other,425000,1585.0,4.0,3.0,Terrace House,Kaggle,Other
Johor Bahru,420000,1092.0,3.0,2.0,Condominium,Kaggle,Johor Bahru
Other,920000,2200.0,4.0,3.0,Terrace House,Kaggle,Other
Kulai,428000,1540.0,3.0,2.0,Terrace House,Kaggle,Kulai
Other,590000,1952.0,5.0,3.0,Terrace House,Kaggle,Other
Other,1680000,3175.0,5.0,3.0,Cluster House,Kaggle,Other
Other,769000,1540.0,4.0,3.0,Terrace House,Kaggle,Other
Other,765000,1540.0,4.0,3.0,Terrace House,Kaggle,Other
Other,675000,1400.0,4.0,3.0,Terrace House,Kaggle,Other
Other,350000,1044.0,3.0,2.0,Low-Cost House,Kaggle,Other
Johor Bahru,1700000,3840.0,7.0,6.0,Link Bungalow / Semi-Detached,Kaggle,Johor Bahru
Permas Jaya,368000,876.0,2.0,2.0,Condominium,Kaggle,Permas Jaya
Taman Molek,808000,3200.0,6.0,2.0,Terrace House,Kaggle,Taman Molek
Johor Jaya,340000,732.0,2.0,1.0,Low-Cost House,Kaggle,Johor Jaya
Johor Jaya,400000,1184.0,4.0,2.0,Terrace House,Kaggle,Johor Jaya
Bukit Indah,550000,1540.0,3.0,2.0,Terrace House,Kaggle,Bukit Indah
Other,600000,557.0,1.0,1.0,Condominium,Kaggle,Other
Other,455000,1650.0,4.0,3.0,Terrace House,Kaggle,Other
Mount Austin,780000,1400.0,4.0,3.0,Terrace House,Kaggle,Mount Austin
Other,950000,3200.0,4.0,4.0,Bungalow / Detached House,Kaggle,Other
Other,610000,1540.0,4.0,3.0,Terrace House,Kaggle,Other
Other,530000,1540.0,4.0,2.0,Terrace House,Kaggle,Other
Other,398000,969.0,3.0,2.0,Condominium,Kaggle,Other
Other,1050000,924.0,2.0,2.0,Condominium,Kaggle,Other
Other,640000,474.0,1.0,1.0,Condominium,Kaggle,Other
Other,310000,685.0,1.0,1.0,Condominium,Kaggle,Other
Johor Bahru,980000,1650.0,5.0,4.0,Terrace House,Kaggle,Johor Bahru
Other,580000,1566.0,4.0,2.0,Bungalow / Detached House,Kaggle,Other
Johor Bahru,480000,1035.0,3.0,2.0,Condominium,Kaggle,Johor Bahru
Other,700000,1540.0,4.0,3.0,Cluster House,Kaggle,Other
Johor Bahru,530000,1175.0,3.0,3.0,Condominium,Kaggle,Johor Bahru
Permas Jaya,890000,1540.0,4.0,3.0,Terrace House,Kaggle,Permas Jaya
Other,1500000,4004.0,3.0,2.0,Link Bungalow / Semi-Detached,Kaggle,Other
Other,590000,1216.0,3.0,3.0,Condominium,Kaggle,Other
Other,1050000,891.0,3.0,2.0,Condominium,Kaggle,Other
Other,367000,1100.0,3.0,2.0,Low-Cost House,Kaggle,Other
Other,358000,810.0,2.0,2.0,Condominium,Kaggle,Other
Other,390000,1540.0,4.0,3.0,Terrace House,Kaggle,Other
Other,700000,1475.0,3.0,2.0,Terrace House,Kaggle,Other
Johor Bahru,699000,1540.0,3.0,3.0,Terrace House,Kaggle,Johor Bahru
Other,430000,1097.0,3.0,2.0,Condominium,Kaggle,Other
Other,1450000,1540.0,5.0,5.0,Cluster House,Kaggle,Other
Bukit Indah,1400000,2210.0,5.0,5.0,Bungalow / Detached House,Kaggle,Bukit Indah
Bukit Indah,685000,1540.0,3.0,3.0,Terrace House,Kaggle,Bukit Indah
Other,2000000,4505.0,5.0,5.0,Bungalow / Detached House,Kaggle,Other
Other,720000,1540.0,4.0,3.0,Terrace House,Kaggle,Other
Johor Bahru,218000,753.0,3.0,2.0,Flat,Kaggle,Johor Bahru
Johor Jaya,530000,1540.0,3.0,2.0,Terrace House,Kaggle,Johor Jaya
Other,338000,900.0,3.0,2.0,Condominium,Kaggle,Other
Other,885000,1540.0,4.0,3.0,Terrace House,Kaggle,Other
Other,1480000,1540.0,6.0,6.0,Cluster House,Kaggle,Other
Other,1200000,1540.0,6.0,4.0,Link Bungalow / Semi-Detached,Kaggle,Other
Other,498000,1540.0,4.0,3.0,Town House,Kaggle,Other
Skudai,700000,1540.0,4.0,3.0,Terrace House,Kaggle,Skudai
Bukit Indah,480000,1045.0,3.0,2.0,Condominium,Kaggle,Bukit Indah
Johor Bahru,348000,756.0,2.0,1.0,Condominium,Kaggle,Johor Bahru
Other,1750000,2800.0,6.0,5.0,Link Bungalow / Semi-Detached,Kaggle,Other
Johor Bahru,525000,1540.0,3.0,2.0,Terrace House,Kaggle,Johor Bahru
Other,898000,1540.0,4.0,3.0,Terrace House,Kaggle,Other
Other,488000,1540.0,3.0,2.0,Terrace House,Kaggle,Other
Other,578000,1620.0,4.0,3.0,Terrace House,Kaggle,Other
Other,700000,3070.0,5.0,4.0,Terrace House,Kaggle,Other
Johor Bahru,638000,1540.0,3.0,2.0,Terrace House,Kaggle,Johor Bahru
Other,1450000,4000.0,5.0,5.0,Cluster House,Kaggle,Other
Johor Bahru,1850000,1540.0,4.0,5.0,Link Bungalow / Semi-Detached,Kaggle,Johor Bahru
Kulai,878000,1540.0,5.0,3.0,Link Bungalow / Semi-Detached,Kaggle,Kulai
Other,628000,1540.0,4.0,2.0,Terrace House,Kaggle,Other
Other,838000,1540.0,3.0,2.0,Terrace House,Kaggle,Other
Other,458000,1050.0,3.0,2.0,Condominium,Kaggle,Other
Kulai,788000,1706.0,4.0,4.0,Link Bungalow / Semi-Detached,Kaggle,Kulai
Other,588000,1540.0,3.0,2.0,Terrace House,Kaggle,Other
Mount Austin,1000000,1540.0,4.0,4.0,Terrace House,Kaggle,Mount Austin
Other,780000,1540.0,3.0,2.0,Terrace House,Kaggle,Other
Other,1600000,2223.0,6.0,4.0,Bungalow / Detached House,Kaggle,Other
Other,608000,1540.0,3.0,2.0,Terrace House,Kaggle,Other
Other,660000,1540.0,4.0,3.0,Terrace House,Kaggle,Other
Other,395000,973.0,3.0,2.0,Condominium,Kaggle,Other
Other,680000,1530.0,4.0,2.0,Condominium,Kaggle,Other
Johor Bahru,705000,900.0,2.0,1.0,Condominium,Kaggle,Johor Bahru
Other,665000,1200.0,3.0,2.0,Condominium,Kaggle,Other
Other,2800000,4200.0,6.0,4.0,Bungalow / Detached House,Kaggle,Other
Other,688000,1540.0,5.0,4.0,Cluster House,Kaggle,Other
Other,630000,1540.0,4.0,3.0,Terrace House,Kaggle,Other
Other,328000,1540.0,3.0,2.0,Low-Cost House,Kaggle,Other
Other,2380000,1540.0,9.0,7.0,Bungalow / Detached House,Kaggle,Other
Other,510000,1540.0,4.0,3.0,Terrace House,Kaggle,Other
Other,500000,1540.0,4.0,3.0,Terrace House,Kaggle,Other
Other,650000,2200.0,4.0,3.0,Terrace House,Kaggle,Other
Other,340000,1540.0,2.0,2.0,Low-Cost House,Kaggle,Other
Other,2000000,1540.0,6.0,7.0,Link Bungalow / Semi-Detached,Kaggle,Other
Johor Bahru,870000,2353.0,4.0,4.0,Terrace House,Kaggle,Johor Bahru
Skudai,638000,1540.0,4.0,3.0,Terrace House,Kaggle,Skudai
Other,668000,1540.0,4.0,3.0,Terrace House,Kaggle,Other
Other,1000000,1540.0,3.0,3.0,Terrace House,Kaggle,Other
Skudai,528000,1540.0,3.0,2.0,Terrace House,Kaggle,Skudai
Other,728000,1540.0,4.0,3.0,Terrace House,Kaggle,Other
Other,599000,1540.0,4.0,3.0,Terrace House,Kaggle,Other
Other,1200000,1540.0,4.0,4.0,Link Bungalow / Semi-Detached,Kaggle,Other
Other,620000,1540.0,5.0,3.0,Terrace House,Kaggle,Other
Other,568000,1540.0,5.0,3.0,Terrace House,Kaggle,Other
Other,1900000,1540.0,5.0,4.0,Bungalow / Detached House,Kaggle,Other
Other,568000,1540.0,3.0,2.0,Terrace House,Kaggle,Other
Other,618000,1540.0,4.0,4.0,Terrace House,Kaggle,Other
Pasir Gudang,398000,1540.0,3.0,2.0,Low-Cost House,Kaggle,Pasir Gudang
Bukit Indah,718000,1540.0,4.0,3.0,Terrace House,Kaggle,Bukit Indah
Johor Jaya,608000,1540.0,4.0,3.0,Terrace House,Kaggle,Johor Jaya
Other,438000,1305.0,3.0,2.0,Terrace House,Kaggle,Other
Other,1100000,1540.0,5.0,3.0,Cluster House,Kaggle,Other
Skudai,580000,1540.0,3.0,3.0,Terrace House,Kaggle,Skudai
Other,895000,1540.0,4.0,3.0,Terrace House,Kaggle,Other
Johor Bahru,1100000,1540.0,6.0,4.0,Terrace House,Kaggle,Johor Bahru
Other,500000,1540.0,4.0,2.0,Terrace House,Kaggle,Other
Other,1260000,1540.0,5.0,5.0,Terrace House,Kaggle,Other
Other,650000,1540.0,4.0,4.0,Terrace House,Kaggle,Other
Permas Jaya,890000,1540.0,5.0,3.0,Terrace House,Kaggle,Permas Jaya
Other,1468000,3824.0,6.0,6.0,Terrace House,Kaggle,Other
Other,450000,1540.0,4.0,3.0,Terrace House,Kaggle,Other
Iskandar Puteri,2350000,3275.0,6.0,6.0,Cluster House,Kaggle,Iskandar Puteri
Bukit Indah,1200000,1540.0,4.0,3.0,Link Bungalow / Semi-Detached,Kaggle,Bukit Indah
Other,1000000,1540.0,6.0,7.0,Terrace House,Kaggle,Other
Other,628000,1540.0,4.0,3.0,Cluster House,Kaggle,Other
Other,518000,1540.0,4.0,3.0,Terrace House,Kaggle,Other
Mount Austin,1000000,1540.0,5.0,3.0,Terrace House,Kaggle,Mount Austin
Other,580000,1540.0,4.0,4.0,Terrace House,Kaggle,Other
Iskandar Puteri,1900000,1540.0,5.0,4.0,Terrace House,Kaggle,Iskandar Puteri
Other,648000,1540.0,4.0,4.0,Terrace House,Kaggle,Other
Other,548000,1540.0,4.0,3.0,Terrace House,Kaggle,Other
Other,830000,1540.0,5.0,3.0,Link Bungalow / Semi-Detached,Kaggle,Other
Other,768000,1540.0,4.0,3.0,Terrace House,Kaggle,Other
Other,878000,1540.0,4.0,4.0,Terrace House,Kaggle,Other
Other,318000,1540.0,3.0,2.0,Low-Cost House,Kaggle,Other
Other,378000,1540.0,3.0,2.0,Terrace House,Kaggle,Other
Other,495000,1540.0,4.0,3.0,Terrace House,Kaggle,Other
Other,575000,1540.0,3.0,2.0,Terrace House,Kaggle,Other
Mount Austin,345000,892.0,3.0,2.0,Condominium,Kaggle,Mount Austin
Other,1550000,1540.0,5.0,4.0,Cluster House,Kaggle,Other
Other,918000,1540.0,4.0,3.0,Cluster House,Kaggle,Other
Kulai,259000,1540.0,3.0,2.0,Low-Cost House,Kaggle,Kulai
Other,472000,1540.0,3.0,2.0,Terrace House,Kaggle,Other
Other,320000,1540.0,2.0,1.0,Low-Cost House,Kaggle,Other
Permas Jaya,2500000,4200.0,4.0,5.0,Link Bungalow / Semi-Detached,Kaggle,Permas Jaya
Other,388000,1540.0,3.0,2.0,Terrace House,Kaggle,Other
Other,388000,1540.0,4.0,3.0,Low-Cost House,Kaggle,Other
Johor Bahru,995000,2500.0,5.0,4.0,Terrace House,Kaggle,Johor Bahru
Other,858000,1540.0,4.0,4.0,Terrace House,Kaggle,Other
Other,468000,1409.0,4.0,3.0,Terrace House,Kaggle,Other
Other,528000,1540.0,3.0,3.0,Terrace House,Kaggle,Other
Other,999000,1540.0,5.0,4.0,Terrace House,Kaggle,Other
Other,1350000,1540.0,5.0,4.0,Terrace House,Kaggle,Other
Taman Molek,1250000,1540.0,4.0,3.0,Link Bungalow / Semi-Detached,Kaggle,Taman Molek
Bukit Indah,570000,1540.0,3.0,2.0,Terrace House,Kaggle,Bukit Indah
Other,938000,1540.0,4.0,3.0,Terrace House,Kaggle,Other
Other,625000,1540.0,3.0,2.0,Terrace House,Kaggle,Other
Johor Bahru,900000,1540.0,5.0,3.0,Terrace House,Kaggle,Johor Bahru
Other,1300000,1540.0,5.0,3.0,Terrace House,Kaggle,Other
Other,1150000,1540.0,6.0,4.0,Bungalow / Detached House,Kaggle,Other
Other,780000,1540.0,4.0,4.0,Terrace House,Kaggle,Other
Johor Bahru,1600000,1540.0,5.0,5.0,Cluster House,Kaggle,Johor Bahru
Other,1780000,1540.0,6.0,4.0,Bungalow / Detached House,Kaggle,Other
Other,600000,1540.0,4.0,2.0,Terrace House,Kaggle,Other
Bukit Indah,658000,1540.0,4.0,3.0,Terrace House,Kaggle,Bukit Indah
Skudai,498000,1540.0,4.0,2.0,Terrace House,Kaggle,Skudai
Other,538000,1540.0,3.0,2.0,Terrace House,Kaggle,Other
Other,870000,1540.0,5.0,4.0,Terrace House,Kaggle,Other
Other,698000,2151.0,4.0,4.0,Terrace House,Kaggle,Other
Johor Bahru,2080000,1540.0,5.0,3.0,Bungalow / Detached House,Kaggle,Johor Bahru
Other,898000,1540.0,4.0,4.0,Terrace House,Kaggle,Other
Johor Bahru,555000,1540.0,3.0,2.0,Terrace House,Kaggle,Johor Bahru
Pasir Gudang,428000,1540.0,3.0,2.0,Terrace House,Kaggle,Pasir Gudang
Other,368000,1540.0,3.0,2.0,Low-Cost House,Kaggle,Other
Johor Bahru,1600000,1540.0,6.0,5.0,Terrace House,Kaggle,Johor Bahru
Other,1100000,1540.0,6.0,3.0,Terrace House,Kaggle,Other
Bukit Indah,750000,1540.0,3.0,2.0,Terrace House,Kaggle,Bukit Indah
Other,1680000,1540.0,4.0,3.0,Link Bungalow / Semi-Detached,Kaggle,Other
Other,293000,1540.0,3.0,2.0,Low-Cost House,Kaggle,Other
Other,675000,1540.0,4.0,3.0,Terrace House,Kaggle,Other
Other,730000,1540.0,3.0,2.0,Terrace House,Kaggle,Other
Other,960000,3200.0,5.0,5.0,Terrace House,Kaggle,Other
Other,528000,1540.0,3.0,2.0,Terrace House,Kaggle,Other
Other,2980000,6000.0,4.0,5.0,Link Bungalow / Semi-Detached,Kaggle,Other
Other,1150000,1540.0,5.0,5.0,Link Bungalow / Semi-Detached,Kaggle,Other
Other,420000,1540.0,4.0,3.0,Terrace House,Kaggle,Other
Other,1290000,4300.0,6.0,4.0,Link Bungalow / Semi-Detached,Kaggle,Other
Other,680000,1540.0,4.0,3.0,Terrace House,Kaggle,Other
Other,640000,1540.0,5.0,3.0,Terrace House,Kaggle,Other
Iskandar Puteri,1200000,1540.0,5.0,4.0,Cluster House,Kaggle,Iskandar Puteri
Other,680000,1540.0,4.0,4.0,Terrace House,Kaggle,Other
Other,1280000,1540.0,4.0,3.0,Link Bungalow / Semi-Detached,Kaggle,Other
Other,1200000,1540.0,5.0,5.0,Terrace House,Kaggle,Other
Other,798000,1540.0,4.0,3.0,Terrace House,Kaggle,Other
Other,358000,1540.0,2.0,1.0,Low-Cost House,Kaggle,Other
Other,788000,1540.0,4.0,3.0,Terrace House,Kaggle,Other
Other,398000,1540.0,2.0,2.0,Low-Cost House,Kaggle,Other
Other,348000,1540.0,3.0,2.0,Low-Cost House,Kaggle,Other
Other,355000,1540.0,2.0,2.0,Low-Cost House,Kaggle,Other
Other,600000,1540.0,3.0,2.0,Terrace House,Kaggle,Other
Pasir Gudang,580000,1540.0,4.0,3.0,Terrace House,Kaggle,Pasir Gudang
Other,478000,1540.0,4.0,3.0,Terrace House,Kaggle,Other
Skudai,418000,1540.0,3.0,3.0,Terrace House,Kaggle,Skudai
Pasir Gudang,538000,1540.0,4.0,3.0,Terrace House,Kaggle,Pasir Gudang
Mount Austin,2000000,1540.0,5.0,5.0,Bungalow / Detached House,Kaggle,Mount Austin
Other,430000,1540.0,3.0,2.0,Terrace House,Kaggle,Other
Johor Bahru,798000,1540.0,4.0,3.0,Terrace House,Kaggle,Johor Bahru
Pasir Gudang,780000,1540.0,5.0,3.0,Cluster House,Kaggle,Pasir Gudang
Other,398000,1540.0,2.0,1.0,Low-Cost House,Kaggle,Other
Johor Bahru,858000,1540.0,3.0,3.0,Terrace House,Kaggle,Johor Bahru
Bukit Indah,899000,1540.0,4.0,3.0,Terrace House,Kaggle,Bukit Indah
Johor Bahru,870000,1540.0,4.0,3.0,Terrace House,Kaggle,Johor Bahru
Other,750000,1540.0,4.0,2.0,Terrace House,Kaggle,Other
Bukit Indah,670000,1540.0,4.0,3.0,Terrace House,Kaggle,Bukit Indah
Pasir Gudang,358000,1540.0,3.0,2.0,Low-Cost House,Kaggle,Pasir Gudang
Other,490000,1540.0,3.0,3.0,Terrace House,Kaggle,Other
Other,540000,1540.0,4.0,3.0,Terrace House,Kaggle,Other
Other,890000,1540.0,4.0,4.0,Terrace House,Kaggle,Other
Other,685000,1540.0,4.0,3.0,Terrace House,Kaggle,Other
Other,465000,1540.0,3.0,2.0,Terrace House,Kaggle,Other
Other,660000,1540.0,3.0,2.0,Link Bungalow / Semi-Detached,Kaggle,Other
Other,799000,1540.0,4.0,3.0,Terrace House,Kaggle,Other
Other,628000,1540.0,4.0,3.0,Terrace House,Kaggle,Other
Iskandar Puteri,1600000,1540.0,4.0,5.0,Terrace House,Kaggle,Iskandar Puteri
Bukit Indah,740000,1540.0,3.0,3.0,Terrace House,Kaggle,Bukit Indah
Other,498000,1540.0,4.0,3.0,Terrace House,Kaggle,Other
Other,720000,1540.0,4.0,3.0,Cluster House,Kaggle,Other
Other,298000,820.0,4.0,2.0,Condominium,Kaggle,Other
Other,538000,1540.0,4.0,3.0,Terrace House,Kaggle,Other
Kulai,695000,1540.0,4.0,3.0,Link Bungalow / Semi-Detached,Kaggle,Kulai
Other,548000,1540.0,3.0,3.0,Terrace House,Kaggle,Other
Other,1180000,1540.0,5.0,4.0,Terrace House,Kaggle,Other
Other,520000,1540.0,4.0,3.0,Terrace House,Kaggle,Other
Other,390000,1540.0,4.0,2.0,Terrace House,Kaggle,Other
Other,520000,1540.0,3.0,3.0,Terrace House,Kaggle,Other
Pasir Gudang,618000,1540.0,3.0,3.0,Terrace House,Kaggle,Pasir Gudang
Other,1250000,1540.0,5.0,4.0,Terrace House,Kaggle,Other
Other,515000,1540.0,3.0,2.0,Terrace House,Kaggle,Other
Other,1490000,1540.0,5.0,5.0,Link Bungalow / Semi-Detached,Kaggle,Other
Bukit Indah,1150000,1540.0,5.0,4.0,Terrace House,Kaggle,Bukit Indah
Other,1630000,1540.0,6.0,4.0,Cluster House,Kaggle,Other
Other,488000,1540.0,3.0,1.0,Terrace House,Kaggle,Other
Bukit Indah,880000,1540.0,4.0,4.0,Terrace House,Kaggle,Bukit Indah
Skudai,698000,1540.0,4.0,2.0,Link Bungalow / Semi-Detached,Kaggle,Skudai
Other,500000,1540.0,3.0,2.0,Terrace House,Kaggle,Other
Other,558000,1540.0,5.0,4.0,Low-Cost House,Kaggle,Other
Pasir Gudang,530000,1540.0,4.0,3.0,Terrace House,Kaggle,Pasir Gudang
Other,418000,1540.0,4.0,3.0,Low-Cost House,Kaggle,Other
Other,498000,1540.0,3.0,2.0,Terrace House,Kaggle,Other
Other,455000,1540.0,3.0,1.0,Terrace House,Kaggle,Other
Other,1288000,1540.0,5.0,3.0,Terrace House,Kaggle,Other
Mount Austin,1200000,1540.0,5.0,4.0,Cluster House,Kaggle,Mount Austin
Skudai,1600000,1540.0,6.0,5.0,Cluster House,Kaggle,Skudai
Other,408000,1540.0,3.0,2.0,Terrace House,Kaggle,Other
Other,468000,1540.0,4.0,3.0,Terrace House,Kaggle,Other
Taman Molek,1100000,1540.0,5.0,5.0,Terrace House,Kaggle,Taman Molek
Other,560000,1540.0,3.0,2.0,Terrace House,Kaggle,Other
Bukit Indah,1180000,1540.0,4.0,3.0,Terrace House,Kaggle,Bukit Indah
Other,455000,1540.0,4.0,3.0,Terrace House,Kaggle,Other
Other,348000,1540.0,2.0,2.0,Low-Cost House,Kaggle,Other
Johor Jaya,388000,1540.0,3.0,2.0,Low-Cost House,Kaggle,Johor Jaya
Other,1150000,1540.0,4.0,3.0,Cluster House,Kaggle,Other
Other,1300000,1540.0,5.0,4.0,Cluster House,Kaggle,Other
Other,425000,1540.0,3.0,3.0,Terrace House,Kaggle,Other
Other,1090000,1540.0,5.0,5.0,Cluster House,Kaggle,Other
Bukit Indah,730000,1540.0,4.0,3.0,Terrace House,Kaggle,Bukit Indah
Other,1060000,1540.0,5.0,4.0,Cluster House,Kaggle,Other
Other,950000,1540.0,4.0,4.0,Terrace House,Kaggle,Other
Pasir Gudang,300000,1540.0,3.0,1.0,Low-Cost House,Kaggle,Pasir Gudang
Other,400000,1540.0,2.0,2.0,Low-Cost House,Kaggle,Other
Other,560000,1540.0,4.0,3.0,Link Bungalow / Semi-Detached,Kaggle,Other
Iskandar Puteri,1850000,1540.0,5.0,5.0,Link Bungalow / Semi-Detached,Kaggle,Iskandar Puteri
Other,1250000,4000.0,5.0,4.0,Link Bungalow / Semi-Detached,Kaggle,Other
Other,695000,1540.0,4.0,3.0,Terrace House,Kaggle,Other
Permas Jaya,560000,1540.0,3.0,2.0,Terrace House,Kaggle,Permas Jaya
Other,1280000,1540.0,5.0,3.0,Cluster House,Kaggle,Other
Other,1000000,1540.0,4.0,3.0,Terrace House,Kaggle,Other
Other,1900000,1540.0,5.0,5.0,Link Bungalow / Semi-Detached,Kaggle,Other
Other,398000,1540.0,4.0,3.0,Terrace House,Kaggle,Other
Other,680000,1540.0,4.0,2.0,Terrace House,Kaggle,Other
Pasir Gudang,316000,1540.0,3.0,2.0,Low-Cost House,Kaggle,Pasir Gudang
Other,263000,980.0,3.0,2.0,Terrace House,Kaggle,Other
Other,270000,1540.0,3.0,2.0,Terrace House,Kaggle,Other
